ANH,2017-07-18,09:30:00,6.11,6.11,6.11,6.11,7219
ANH,2017-07-18,09:31:00,6.10,6.10,6.10,6.10,6400
ANH,2017-07-18,09:32:00,6.10,6.10,6.10,6.10,6861
ANH,2017-07-18,09:35:00,6.11,6.11,6.11,6.11,100
ANH,2017-07-18,09:36:00,6.10,6.10,6.08,6.08,9401
ANH,2017-07-18,09:38:00,6.08,6.08,6.08,6.08,3100
ANH,2017-07-18,09:39:00,6.08,6.08,6.08,6.08,9655
ANH,2017-07-18,09:41:00,6.08,6.08,6.08,6.08,625
ANH,2017-07-18,09:42:00,6.07,6.08,6.07,6.08,700
ANH,2017-07-18,09:43:00,6.07,6.07,6.07,6.07,300
ANH,2017-07-18,09:44:00,6.08,6.08,6.08,6.08,751
ANH,2017-07-18,09:45:00,6.08,6.08,6.08,6.08,452
ANH,2017-07-18,09:46:00,6.08,6.08,6.07,6.07,12110
ANH,2017-07-18,09:47:00,6.08,6.08,6.08,6.08,100
ANH,2017-07-18,09:49:00,6.07,6.07,6.07,6.07,4000
ANH,2017-07-18,09:50:00,6.07,6.07,6.07,6.07,2300
ANH,2017-07-18,09:51:00,6.06,6.06,6.05,6.06,4000
ANH,2017-07-18,09:54:00,6.05,6.06,6.05,6.06,6700
ANH,2017-07-18,09:55:00,6.06,6.07,6.06,6.07,2100
ANH,2017-07-18,09:56:00,6.07,6.07,6.07,6.07,1100
ANH,2017-07-18,09:57:00,6.07,6.08,6.07,6.07,5400
ANH,2017-07-18,09:58:00,6.08,6.08,6.08,6.08,500
ANH,2017-07-18,09:59:00,6.08,6.08,6.08,6.08,700
ANH,2017-07-18,10:00:00,6.08,6.08,6.08,6.08,5300
ANH,2017-07-18,10:01:00,6.08,6.08,6.08,6.08,500
ANH,2017-07-18,10:02:00,6.07,6.07,6.07,6.07,1200
ANH,2017-07-18,10:03:00,6.08,6.08,6.08,6.08,200
ANH,2017-07-18,10:04:00,6.08,6.08,6.07,6.08,3500
ANH,2017-07-18,10:05:00,6.07,6.07,6.07,6.07,100
ANH,2017-07-18,10:06:00,6.08,6.08,6.07,6.07,200
ANH,2017-07-18,10:07:00,6.07,6.07,6.07,6.07,100
ANH,2017-07-18,10:08:00,6.08,6.08,6.08,6.08,500
ANH,2017-07-18,10:17:00,6.08,6.08,6.08,6.08,200
ANH,2017-07-18,10:26:00,6.08,6.08,6.08,6.08,1000
ANH,2017-07-18,10:27:00,6.08,6.08,6.08,6.08,8250
ANH,2017-07-18,10:28:00,6.08,6.08,6.08,6.08,500
ANH,2017-07-18,10:29:00,6.07,6.08,6.06,6.06,9233
ANH,2017-07-18,10:30:00,6.07,6.07,6.05,6.05,3700
ANH,2017-07-18,10:31:00,6.05,6.06,6.05,6.05,1700
ANH,2017-07-18,10:32:00,6.05,6.06,6.05,6.05,400
ANH,2017-07-18,10:33:00,6.06,6.06,6.05,6.05,5300
ANH,2017-07-18,10:35:00,6.07,6.07,6.06,6.06,600
ANH,2017-07-18,10:36:00,6.06,6.07,6.06,6.06,400
ANH,2017-07-18,10:37:00,6.06,6.06,6.06,6.06,100
ANH,2017-07-18,10:39:00,6.07,6.07,6.07,6.07,2500
ANH,2017-07-18,10:40:00,6.07,6.07,6.07,6.07,100
ANH,2017-07-18,10:41:00,6.06,6.07,6.05,6.05,1400
ANH,2017-07-18,10:42:00,6.05,6.06,6.05,6.05,800
ANH,2017-07-18,10:43:00,6.06,6.06,6.06,6.06,100
ANH,2017-07-18,10:46:00,6.05,6.05,6.05,6.05,155
ANH,2017-07-18,10:47:00,6.06,6.06,6.06,6.06,100
ANH,2017-07-18,10:48:00,6.05,6.05,6.05,6.05,800
ANH,2017-07-18,10:49:00,6.05,6.05,6.05,6.05,4900
ANH,2017-07-18,10:50:00,6.05,6.06,6.05,6.05,1850
ANH,2017-07-18,10:51:00,6.05,6.05,6.05,6.05,937
ANH,2017-07-18,10:52:00,6.05,6.06,6.05,6.06,525
ANH,2017-07-18,10:53:00,6.05,6.05,6.05,6.05,1200
ANH,2017-07-18,10:54:00,6.05,6.05,6.05,6.05,2643
ANH,2017-07-18,10:55:00,6.05,6.05,6.05,6.05,420
ANH,2017-07-18,10:56:00,6.05,6.05,6.05,6.05,2900
ANH,2017-07-18,10:57:00,6.05,6.05,6.05,6.05,200
ANH,2017-07-18,10:58:00,6.05,6.05,6.05,6.05,500
ANH,2017-07-18,10:59:00,6.05,6.05,6.05,6.05,100
ANH,2017-07-18,11:00:00,6.05,6.05,6.05,6.05,102
ANH,2017-07-18,11:02:00,6.05,6.05,6.05,6.05,200
ANH,2017-07-18,11:06:00,6.06,6.06,6.06,6.06,338
ANH,2017-07-18,11:07:00,6.05,6.05,6.05,6.05,100
ANH,2017-07-18,11:09:00,6.05,6.06,6.05,6.05,1100
ANH,2017-07-18,11:10:00,6.05,6.05,6.05,6.05,900
ANH,2017-07-18,11:11:00,6.05,6.05,6.05,6.05,1700
ANH,2017-07-18,11:12:00,6.05,6.05,6.05,6.05,1200
ANH,2017-07-18,11:16:00,6.05,6.06,6.05,6.05,7000
ANH,2017-07-18,11:17:00,6.05,6.05,6.05,6.05,1000
ANH,2017-07-18,11:18:00,6.05,6.05,6.05,6.05,1500
ANH,2017-07-18,11:19:00,6.05,6.05,6.05,6.05,100
ANH,2017-07-18,11:20:00,6.06,6.06,6.05,6.05,200
ANH,2017-07-18,11:21:00,6.05,6.05,6.04,6.04,6439
ANH,2017-07-18,11:22:00,6.04,6.04,6.04,6.04,2138
ANH,2017-07-18,11:23:00,6.04,6.04,6.04,6.04,6300
ANH,2017-07-18,11:24:00,6.04,6.04,6.04,6.04,500
ANH,2017-07-18,11:25:00,6.04,6.04,6.04,6.04,1000
ANH,2017-07-18,11:26:00,6.03,6.03,6.03,6.03,2100
ANH,2017-07-18,11:27:00,6.03,6.03,6.02,6.02,1339
ANH,2017-07-18,11:28:00,6.02,6.02,6.02,6.02,300
ANH,2017-07-18,11:29:00,6.03,6.03,6.01,6.01,8083
ANH,2017-07-18,11:30:00,6.01,6.01,6.01,6.01,300
ANH,2017-07-18,11:31:00,6.01,6.01,6.01,6.01,900
ANH,2017-07-18,11:32:00,6.01,6.02,6.01,6.01,16300
ANH,2017-07-18,11:33:00,6.01,6.02,6.01,6.01,1300
ANH,2017-07-18,11:34:00,6.02,6.02,6.01,6.01,1115
ANH,2017-07-18,11:35:00,6.01,6.02,6.01,6.02,800
ANH,2017-07-18,11:36:00,6.02,6.02,6.01,6.02,13784
ANH,2017-07-18,11:37:00,6.01,6.01,6.01,6.01,1400
ANH,2017-07-18,11:38:00,6.01,6.01,6.01,6.01,400
ANH,2017-07-18,11:39:00,6.01,6.01,6.01,6.01,100
ANH,2017-07-18,11:40:00,6.02,6.02,6.01,6.02,6590
ANH,2017-07-18,11:41:00,6.02,6.02,6.01,6.01,5300
ANH,2017-07-18,11:42:00,6.01,6.01,6.01,6.01,100
ANH,2017-07-18,11:43:00,6.02,6.02,6.01,6.02,2900
ANH,2017-07-18,11:44:00,6.02,6.02,6.01,6.02,1300
ANH,2017-07-18,11:45:00,6.02,6.02,6.01,6.01,200
ANH,2017-07-18,11:46:00,6.02,6.02,6.01,6.01,750
ANH,2017-07-18,11:47:00,6.01,6.02,6.01,6.02,400
ANH,2017-07-18,11:48:00,6.01,6.02,6.01,6.01,500
ANH,2017-07-18,11:49:00,6.02,6.02,6.01,6.01,900
ANH,2017-07-18,11:50:00,6.01,6.02,6.01,6.01,2000
ANH,2017-07-18,11:51:00,6.01,6.02,6.01,6.02,3870
ANH,2017-07-18,11:52:00,6.01,6.04,6.01,6.03,50852
ANH,2017-07-18,11:53:00,6.03,6.03,6.02,6.03,3673
ANH,2017-07-18,11:54:00,6.03,6.04,6.02,6.03,19611
ANH,2017-07-18,11:55:00,6.03,6.03,6.03,6.03,300
ANH,2017-07-18,11:56:00,6.03,6.03,6.03,6.03,300
ANH,2017-07-18,11:57:00,6.02,6.03,6.02,6.03,1200
ANH,2017-07-18,11:58:00,6.03,6.03,6.03,6.03,617
ANH,2017-07-18,11:59:00,6.03,6.03,6.02,6.03,5000
ANH,2017-07-18,12:00:00,6.03,6.03,6.02,6.03,2742
ANH,2017-07-18,12:01:00,6.02,6.03,6.02,6.02,6564
ANH,2017-07-18,12:02:00,6.03,6.03,6.03,6.03,700
ANH,2017-07-18,12:03:00,6.03,6.03,6.03,6.03,600
ANH,2017-07-18,12:04:00,6.03,6.03,6.03,6.03,1400
ANH,2017-07-18,12:07:00,6.03,6.04,6.03,6.03,7214
ANH,2017-07-18,12:08:00,6.03,6.04,6.03,6.03,3637
ANH,2017-07-18,12:09:00,6.04,6.04,6.03,6.04,1700
ANH,2017-07-18,12:10:00,6.03,6.03,6.03,6.03,2014
ANH,2017-07-18,12:11:00,6.03,6.03,6.03,6.03,2378
ANH,2017-07-18,12:12:00,6.02,6.02,6.02,6.02,1000
ANH,2017-07-18,12:14:00,6.03,6.03,6.03,6.03,100
ANH,2017-07-18,12:15:00,6.02,6.02,6.02,6.02,1300
ANH,2017-07-18,12:16:00,6.02,6.02,6.02,6.02,1779
ANH,2017-07-18,12:18:00,6.03,6.03,6.03,6.03,752
ANH,2017-07-18,12:20:00,6.02,6.03,6.02,6.02,2300
ANH,2017-07-18,12:22:00,6.03,6.03,6.02,6.02,1100
ANH,2017-07-18,12:23:00,6.02,6.02,6.02,6.02,100
ANH,2017-07-18,12:26:00,6.02,6.03,6.02,6.03,1600
ANH,2017-07-18,12:27:00,6.02,6.03,6.02,6.03,1600
ANH,2017-07-18,12:28:00,6.02,6.03,6.02,6.02,3600
ANH,2017-07-18,12:29:00,6.02,6.02,6.02,6.02,1500
ANH,2017-07-18,12:30:00,6.02,6.03,6.02,6.03,800
ANH,2017-07-18,12:32:00,6.02,6.03,6.02,6.03,4245
ANH,2017-07-18,12:34:00,6.03,6.03,6.02,6.02,1300
ANH,2017-07-18,12:35:00,6.03,6.03,6.03,6.03,500
ANH,2017-07-18,12:37:00,6.03,6.03,6.03,6.03,200
ANH,2017-07-18,12:39:00,6.02,6.03,6.02,6.03,400
ANH,2017-07-18,12:40:00,6.03,6.03,6.03,6.03,200
ANH,2017-07-18,12:42:00,6.03,6.03,6.03,6.03,450
ANH,2017-07-18,12:44:00,6.02,6.02,6.02,6.02,853
ANH,2017-07-18,12:45:00,6.02,6.03,6.02,6.03,266
ANH,2017-07-18,12:48:00,6.03,6.03,6.03,6.03,100
ANH,2017-07-18,12:49:00,6.03,6.03,6.02,6.02,2300
ANH,2017-07-18,12:50:00,6.03,6.03,6.03,6.03,200
ANH,2017-07-18,12:51:00,6.03,6.03,6.02,6.02,3511
ANH,2017-07-18,12:52:00,6.03,6.03,6.02,6.02,200
ANH,2017-07-18,12:53:00,6.02,6.02,6.02,6.02,1400
ANH,2017-07-18,12:54:00,6.02,6.02,6.02,6.02,100
ANH,2017-07-18,12:55:00,6.01,6.01,6.01,6.01,598
ANH,2017-07-18,12:56:00,6.01,6.02,6.01,6.02,900
ANH,2017-07-18,12:57:00,6.01,6.01,6.01,6.01,900
ANH,2017-07-18,12:59:00,6.02,6.02,6.01,6.02,6100
ANH,2017-07-18,13:00:00,6.02,6.02,6.02,6.02,500
ANH,2017-07-18,13:01:00,6.01,6.02,6.01,6.01,2450
ANH,2017-07-18,13:03:00,6.01,6.01,6.01,6.01,200
ANH,2017-07-18,13:05:00,6.01,6.02,6.01,6.01,1000
ANH,2017-07-18,13:08:00,6.01,6.01,6.01,6.01,100
ANH,2017-07-18,13:10:00,6.01,6.01,6.01,6.01,400
ANH,2017-07-18,13:11:00,6.01,6.01,6.01,6.01,200
ANH,2017-07-18,13:14:00,6.01,6.01,6.01,6.01,2500
ANH,2017-07-18,13:15:00,6.01,6.02,6.01,6.01,29100
ANH,2017-07-18,13:16:00,6.01,6.01,6.01,6.01,2500
ANH,2017-07-18,13:17:00,6.02,6.02,6.02,6.02,100
ANH,2017-07-18,13:20:00,6.01,6.01,6.01,6.01,300
ANH,2017-07-18,13:21:00,6.01,6.01,6.01,6.01,1500
ANH,2017-07-18,13:24:00,6.01,6.01,6.01,6.01,200
ANH,2017-07-18,13:26:00,6.01,6.01,6.01,6.01,100
ANH,2017-07-18,13:29:00,6.01,6.01,6.01,6.01,200
ANH,2017-07-18,13:30:00,6.02,6.02,6.01,6.01,200
ANH,2017-07-18,13:31:00,6.02,6.02,6.02,6.02,100
ANH,2017-07-18,13:38:00,6.01,6.01,6.01,6.01,500
ANH,2017-07-18,13:39:00,6.02,6.02,6.02,6.02,100
ANH,2017-07-18,13:41:00,6.01,6.01,6.01,6.01,540
ANH,2017-07-18,13:45:00,6.01,6.01,6.01,6.01,5100
ANH,2017-07-18,13:46:00,6.01,6.01,6.01,6.01,200
ANH,2017-07-18,13:50:00,6.01,6.01,6.01,6.01,1500
ANH,2017-07-18,13:51:00,6.01,6.01,6.00,6.00,29000
ANH,2017-07-18,13:52:00,6.00,6.00,6.00,6.00,100
ANH,2017-07-18,13:53:00,6.00,6.00,5.99,5.99,33037
ANH,2017-07-18,13:54:00,5.99,6.00,5.99,6.00,500
ANH,2017-07-18,13:55:00,5.99,6.00,5.99,6.00,1600
ANH,2017-07-18,13:56:00,5.99,5.99,5.99,5.99,100
ANH,2017-07-18,13:59:00,5.99,5.99,5.99,5.99,750
ANH,2017-07-18,14:02:00,5.99,5.99,5.99,5.99,2100
ANH,2017-07-18,14:03:00,5.99,5.99,5.99,5.99,1668
ANH,2017-07-18,14:05:00,5.99,5.99,5.97,5.98,8763
ANH,2017-07-18,14:06:00,5.98,5.98,5.97,5.97,3410
ANH,2017-07-18,14:07:00,5.98,5.98,5.97,5.98,21246
ANH,2017-07-18,14:09:00,5.98,5.98,5.98,5.98,1100
ANH,2017-07-18,14:12:00,5.98,5.98,5.98,5.98,100
ANH,2017-07-18,14:13:00,5.98,5.98,5.98,5.98,1000
ANH,2017-07-18,14:14:00,5.98,5.98,5.98,5.98,600
ANH,2017-07-18,14:15:00,5.98,5.98,5.98,5.98,2193
ANH,2017-07-18,14:16:00,5.98,5.98,5.98,5.98,2000
ANH,2017-07-18,14:17:00,5.98,5.98,5.98,5.98,1100
ANH,2017-07-18,14:19:00,5.97,5.97,5.97,5.97,400
ANH,2017-07-18,14:20:00,5.97,5.98,5.97,5.97,2360
ANH,2017-07-18,14:23:00,5.98,5.98,5.98,5.98,1000
ANH,2017-07-18,14:25:00,5.98,5.98,5.98,5.98,100
ANH,2017-07-18,14:26:00,5.98,5.98,5.97,5.98,800
ANH,2017-07-18,14:29:00,5.98,5.98,5.98,5.98,200
ANH,2017-07-18,14:30:00,5.98,5.98,5.97,5.97,1500
ANH,2017-07-18,14:31:00,5.97,5.97,5.97,5.97,500
ANH,2017-07-18,14:35:00,5.99,5.99,5.99,5.99,300
ANH,2017-07-18,14:36:00,5.99,5.99,5.99,5.99,2200
ANH,2017-07-18,14:38:00,5.99,5.99,5.99,5.99,1500
ANH,2017-07-18,14:40:00,5.99,5.99,5.99,5.99,600
ANH,2017-07-18,14:41:00,5.99,5.99,5.99,5.99,1800
ANH,2017-07-18,14:45:00,5.99,5.99,5.99,5.99,1264
ANH,2017-07-18,14:47:00,5.99,5.99,5.99,5.99,100
ANH,2017-07-18,14:48:00,5.98,5.98,5.98,5.98,2400
ANH,2017-07-18,14:49:00,5.99,5.99,5.99,5.99,3700
ANH,2017-07-18,14:51:00,5.99,5.99,5.99,5.99,2796
ANH,2017-07-18,14:52:00,5.99,5.99,5.99,5.99,100
ANH,2017-07-18,14:54:00,6.00,6.00,6.00,6.00,100
ANH,2017-07-18,14:56:00,6.00,6.00,6.00,6.00,300
ANH,2017-07-18,14:59:00,6.00,6.00,6.00,6.00,600
ANH,2017-07-18,15:00:00,6.00,6.00,6.00,6.00,100
ANH,2017-07-18,15:04:00,6.00,6.00,6.00,6.00,3217
ANH,2017-07-18,15:05:00,6.00,6.00,6.00,6.00,786
ANH,2017-07-18,15:06:00,6.00,6.00,5.99,6.00,1438
ANH,2017-07-18,15:07:00,6.00,6.00,6.00,6.00,100
ANH,2017-07-18,15:08:00,6.00,6.00,6.00,6.00,200
ANH,2017-07-18,15:09:00,6.00,6.00,5.99,6.00,15134
ANH,2017-07-18,15:10:00,6.00,6.00,6.00,6.00,350
ANH,2017-07-18,15:11:00,6.00,6.00,6.00,6.00,300
ANH,2017-07-18,15:12:00,6.00,6.00,6.00,6.00,200
ANH,2017-07-18,15:13:00,6.00,6.00,6.00,6.00,200
ANH,2017-07-18,15:14:00,6.00,6.00,6.00,6.00,200
ANH,2017-07-18,15:15:00,6.00,6.00,6.00,6.00,1000
ANH,2017-07-18,15:16:00,6.00,6.00,6.00,6.00,492
ANH,2017-07-18,15:17:00,6.00,6.00,5.99,6.00,1200
ANH,2017-07-18,15:18:00,6.00,6.00,6.00,6.00,1162
ANH,2017-07-18,15:19:00,6.00,6.00,6.00,6.00,1300
ANH,2017-07-18,15:20:00,6.00,6.00,6.00,6.00,200
ANH,2017-07-18,15:21:00,6.00,6.00,6.00,6.00,1100
ANH,2017-07-18,15:22:00,6.00,6.00,6.00,6.00,500
ANH,2017-07-18,15:23:00,6.00,6.00,6.00,6.00,6900
ANH,2017-07-18,15:24:00,6.00,6.01,6.00,6.01,2600
ANH,2017-07-18,15:25:00,6.00,6.01,6.00,6.01,400
ANH,2017-07-18,15:26:00,6.01,6.01,6.00,6.00,14569
ANH,2017-07-18,15:27:00,6.00,6.00,6.00,6.00,1700
ANH,2017-07-18,15:28:00,6.00,6.00,6.00,6.00,200
ANH,2017-07-18,15:29:00,6.00,6.00,6.00,6.00,3253
ANH,2017-07-18,15:30:00,6.00,6.00,6.00,6.00,300
ANH,2017-07-18,15:31:00,6.00,6.00,6.00,6.00,800
ANH,2017-07-18,15:32:00,6.00,6.00,6.00,6.00,1825
ANH,2017-07-18,15:33:00,6.00,6.00,6.00,6.00,200
ANH,2017-07-18,15:35:00,6.00,6.00,6.00,6.00,100
ANH,2017-07-18,15:36:00,6.00,6.00,6.00,6.00,200
ANH,2017-07-18,15:37:00,6.00,6.00,6.00,6.00,200
ANH,2017-07-18,15:38:00,6.00,6.00,6.00,6.00,400
ANH,2017-07-18,15:39:00,6.00,6.00,6.00,6.00,200
ANH,2017-07-18,15:40:00,6.00,6.00,6.00,6.00,1300
ANH,2017-07-18,15:41:00,6.00,6.00,6.00,6.00,400
ANH,2017-07-18,15:42:00,6.00,6.00,5.99,5.99,1100
ANH,2017-07-18,15:43:00,6.00,6.00,6.00,6.00,500
ANH,2017-07-18,15:44:00,6.00,6.00,6.00,6.00,200
ANH,2017-07-18,15:45:00,6.00,6.00,5.99,6.00,2305
ANH,2017-07-18,15:46:00,6.00,6.00,6.00,6.00,400
ANH,2017-07-18,15:47:00,6.00,6.00,6.00,6.00,400
ANH,2017-07-18,15:48:00,5.99,6.00,5.99,6.00,328
ANH,2017-07-18,15:49:00,6.00,6.00,5.99,5.99,700
ANH,2017-07-18,15:50:00,6.00,6.00,6.00,6.00,498
ANH,2017-07-18,15:51:00,6.00,6.00,6.00,6.00,400
ANH,2017-07-18,15:52:00,6.00,6.00,5.99,6.00,1500
ANH,2017-07-18,15:53:00,6.00,6.00,5.99,6.00,1000
ANH,2017-07-18,15:54:00,6.00,6.00,6.00,6.00,400
ANH,2017-07-18,15:55:00,6.00,6.00,6.00,6.00,1400
ANH,2017-07-18,15:56:00,6.00,6.00,6.00,6.00,700
ANH,2017-07-18,15:57:00,6.00,6.00,5.99,6.00,5500
ANH,2017-07-18,15:58:00,6.00,6.00,6.00,6.00,1300
ANH,2017-07-18,15:59:00,5.99,6.00,5.99,6.00,1500
ANH,2017-07-18,16:00:00,6.00,6.00,5.99,6.00,10271
ANH,2017-07-19,09:32:00,6.02,6.02,6.01,6.01,14930
ANH,2017-07-19,09:34:00,6.02,6.02,6.02,6.02,100
ANH,2017-07-19,09:35:00,6.02,6.02,6.02,6.02,300
ANH,2017-07-19,09:36:00,6.02,6.02,6.02,6.02,300
ANH,2017-07-19,09:37:00,6.02,6.02,6.02,6.02,600
ANH,2017-07-19,09:38:00,6.02,6.02,6.01,6.01,650
ANH,2017-07-19,09:39:00,6.02,6.02,6.01,6.02,2150
ANH,2017-07-19,09:40:00,6.02,6.02,6.02,6.02,1200
ANH,2017-07-19,09:41:00,6.02,6.02,6.02,6.02,200
ANH,2017-07-19,09:42:00,6.02,6.02,6.01,6.02,4944
ANH,2017-07-19,09:43:00,6.01,6.02,6.01,6.02,300
ANH,2017-07-19,09:44:00,6.02,6.02,6.01,6.02,1200
ANH,2017-07-19,09:45:00,6.02,6.02,6.02,6.02,100
ANH,2017-07-19,09:46:00,6.02,6.02,6.02,6.02,200
ANH,2017-07-19,09:47:00,6.02,6.02,6.01,6.01,6905
ANH,2017-07-19,09:48:00,6.00,6.00,6.00,6.00,100
ANH,2017-07-19,09:51:00,6.01,6.01,6.00,6.00,1706
ANH,2017-07-19,09:52:00,6.00,6.00,6.00,6.00,100
ANH,2017-07-19,09:53:00,6.00,6.00,6.00,6.00,300
ANH,2017-07-19,09:55:00,6.00,6.01,6.00,6.00,450
ANH,2017-07-19,09:56:00,6.00,6.00,6.00,6.00,400
ANH,2017-07-19,09:58:00,6.01,6.01,6.00,6.01,2682
ANH,2017-07-19,09:59:00,6.01,6.02,6.01,6.01,700
ANH,2017-07-19,10:00:00,6.01,6.02,6.01,6.02,300
ANH,2017-07-19,10:01:00,6.02,6.02,6.01,6.02,3600
ANH,2017-07-19,10:02:00,6.02,6.03,6.01,6.02,28617
ANH,2017-07-19,10:03:00,6.02,6.02,6.02,6.02,600
ANH,2017-07-19,10:04:00,6.03,6.03,6.03,6.03,200
ANH,2017-07-19,10:05:00,6.02,6.03,6.02,6.03,2556
ANH,2017-07-19,10:06:00,6.03,6.03,6.02,6.02,500
ANH,2017-07-19,10:07:00,6.02,6.02,6.02,6.02,600
ANH,2017-07-19,10:08:00,6.03,6.03,6.02,6.02,3600
ANH,2017-07-19,10:09:00,6.02,6.02,6.02,6.02,100
ANH,2017-07-19,10:10:00,6.02,6.02,6.02,6.02,100
ANH,2017-07-19,10:11:00,6.03,6.03,6.03,6.03,200
ANH,2017-07-19,10:13:00,6.03,6.03,6.03,6.03,200
ANH,2017-07-19,10:14:00,6.03,6.03,6.02,6.03,300
ANH,2017-07-19,10:15:00,6.03,6.03,6.03,6.03,100
ANH,2017-07-19,10:17:00,6.03,6.03,6.03,6.03,200
ANH,2017-07-19,10:18:00,6.03,6.03,6.03,6.03,100
ANH,2017-07-19,10:20:00,6.03,6.03,6.02,6.03,6790
ANH,2017-07-19,10:21:00,6.04,6.04,6.04,6.04,200
ANH,2017-07-19,10:22:00,6.04,6.04,6.04,6.04,200
ANH,2017-07-19,10:23:00,6.04,6.04,6.04,6.04,600
ANH,2017-07-19,10:25:00,6.04,6.04,6.04,6.04,100
ANH,2017-07-19,10:27:00,6.04,6.04,6.04,6.04,100
ANH,2017-07-19,10:29:00,6.04,6.04,6.04,6.04,300
ANH,2017-07-19,10:30:00,6.04,6.04,6.04,6.04,500
ANH,2017-07-19,10:31:00,6.04,6.05,6.04,6.04,6703
ANH,2017-07-19,10:32:00,6.04,6.04,6.04,6.04,500
ANH,2017-07-19,10:33:00,6.04,6.04,6.04,6.04,7304
ANH,2017-07-19,10:37:00,6.04,6.04,6.04,6.04,100
ANH,2017-07-19,10:40:00,6.03,6.03,6.03,6.03,100
ANH,2017-07-19,10:41:00,6.04,6.04,6.04,6.04,1000
ANH,2017-07-19,10:43:00,6.03,6.03,6.02,6.02,4366
ANH,2017-07-19,10:45:00,6.03,6.03,6.03,6.03,100
ANH,2017-07-19,10:46:00,6.03,6.03,6.03,6.03,200
ANH,2017-07-19,10:48:00,6.03,6.03,6.03,6.03,100
ANH,2017-07-19,10:49:00,6.03,6.03,6.03,6.03,200
ANH,2017-07-19,10:50:00,6.03,6.03,6.03,6.03,100
ANH,2017-07-19,10:52:00,6.03,6.03,6.03,6.03,100
ANH,2017-07-19,10:54:00,6.03,6.03,6.03,6.03,100
ANH,2017-07-19,10:55:00,6.02,6.03,6.02,6.03,2500
ANH,2017-07-19,10:56:00,6.03,6.03,6.02,6.02,200
ANH,2017-07-19,10:57:00,6.03,6.03,6.03,6.03,200
ANH,2017-07-19,10:59:00,6.03,6.03,6.03,6.03,100
ANH,2017-07-19,11:00:00,6.03,6.03,6.03,6.03,2057
ANH,2017-07-19,11:02:00,6.03,6.03,6.03,6.03,100
ANH,2017-07-19,11:03:00,6.03,6.03,6.03,6.03,231
ANH,2017-07-19,11:04:00,6.03,6.03,6.02,6.02,2812
ANH,2017-07-19,11:05:00,6.03,6.03,6.03,6.03,200
ANH,2017-07-19,11:06:00,6.02,6.02,6.02,6.02,130
ANH,2017-07-19,11:08:00,6.02,6.03,6.02,6.03,1200
ANH,2017-07-19,11:09:00,6.03,6.03,6.03,6.03,300
ANH,2017-07-19,11:10:00,6.03,6.03,6.03,6.03,100
ANH,2017-07-19,11:12:00,6.02,6.03,6.02,6.03,800
ANH,2017-07-19,11:13:00,6.03,6.03,6.03,6.03,100
ANH,2017-07-19,11:14:00,6.02,6.03,6.02,6.03,1602
ANH,2017-07-19,11:16:00,6.03,6.03,6.03,6.03,100
ANH,2017-07-19,11:18:00,6.02,6.02,6.02,6.02,100
ANH,2017-07-19,11:19:00,6.02,6.03,6.02,6.03,300
ANH,2017-07-19,11:21:00,6.03,6.04,6.03,6.04,4382
ANH,2017-07-19,11:24:00,6.03,6.03,6.03,6.03,100
ANH,2017-07-19,11:27:00,6.04,6.04,6.04,6.04,100
ANH,2017-07-19,11:29:00,6.04,6.04,6.03,6.03,8700
ANH,2017-07-19,11:30:00,6.04,6.04,6.04,6.04,995
ANH,2017-07-19,11:31:00,6.04,6.04,6.04,6.04,100
ANH,2017-07-19,11:32:00,6.04,6.04,6.04,6.04,2121
ANH,2017-07-19,11:34:00,6.05,6.05,6.05,6.05,1990
ANH,2017-07-19,11:35:00,6.04,6.04,6.04,6.04,200
ANH,2017-07-19,11:36:00,6.05,6.05,6.04,6.04,500
ANH,2017-07-19,11:37:00,6.04,6.04,6.04,6.04,200
ANH,2017-07-19,11:38:00,6.04,6.05,6.04,6.04,500
ANH,2017-07-19,11:39:00,6.04,6.05,6.04,6.05,800
ANH,2017-07-19,11:40:00,6.05,6.05,6.05,6.05,400
ANH,2017-07-19,11:41:00,6.05,6.05,6.05,6.05,400
ANH,2017-07-19,11:42:00,6.05,6.05,6.04,6.04,1750
ANH,2017-07-19,11:44:00,6.04,6.05,6.04,6.05,1900
ANH,2017-07-19,11:45:00,6.05,6.05,6.05,6.05,100
ANH,2017-07-19,11:46:00,6.04,6.04,6.04,6.04,100
ANH,2017-07-19,11:47:00,6.04,6.04,6.04,6.04,100
ANH,2017-07-19,11:49:00,6.05,6.05,6.05,6.05,100
ANH,2017-07-19,11:50:00,6.04,6.04,6.04,6.04,200
ANH,2017-07-19,11:51:00,6.04,6.04,6.04,6.04,500
ANH,2017-07-19,11:53:00,6.04,6.04,6.04,6.04,100
ANH,2017-07-19,11:55:00,6.04,6.04,6.04,6.04,200
ANH,2017-07-19,11:56:00,6.04,6.04,6.04,6.04,200
ANH,2017-07-19,11:58:00,6.04,6.04,6.04,6.04,300
ANH,2017-07-19,12:00:00,6.04,6.04,6.04,6.04,1000
ANH,2017-07-19,12:01:00,6.05,6.05,6.05,6.05,100
ANH,2017-07-19,12:02:00,6.05,6.05,6.05,6.05,100
ANH,2017-07-19,12:03:00,6.04,6.05,6.04,6.05,200
ANH,2017-07-19,12:05:00,6.04,6.04,6.04,6.04,300
ANH,2017-07-19,12:06:00,6.04,6.04,6.04,6.04,10907
ANH,2017-07-19,12:10:00,6.04,6.04,6.04,6.04,300
ANH,2017-07-19,12:11:00,6.04,6.04,6.04,6.04,200
ANH,2017-07-19,12:13:00,6.04,6.04,6.03,6.03,300
ANH,2017-07-19,12:16:00,6.04,6.04,6.04,6.04,100
ANH,2017-07-19,12:18:00,6.04,6.04,6.04,6.04,100
ANH,2017-07-19,12:19:00,6.04,6.04,6.04,6.04,300
ANH,2017-07-19,12:20:00,6.04,6.04,6.04,6.04,200
ANH,2017-07-19,12:21:00,6.04,6.04,6.04,6.04,900
ANH,2017-07-19,12:22:00,6.04,6.04,6.04,6.04,100
ANH,2017-07-19,12:26:00,6.03,6.03,6.03,6.03,100
ANH,2017-07-19,12:27:00,6.04,6.04,6.04,6.04,200
ANH,2017-07-19,12:31:00,6.04,6.04,6.04,6.04,100
ANH,2017-07-19,12:32:00,6.04,6.04,6.04,6.04,2700
ANH,2017-07-19,12:40:00,6.04,6.04,6.03,6.03,300
ANH,2017-07-19,12:41:00,6.04,6.04,6.04,6.04,818
ANH,2017-07-19,12:42:00,6.03,6.03,6.03,6.03,100
ANH,2017-07-19,12:44:00,6.03,6.03,6.03,6.03,500
ANH,2017-07-19,12:46:00,6.04,6.04,6.04,6.04,100
ANH,2017-07-19,12:47:00,6.03,6.03,6.03,6.03,382
ANH,2017-07-19,12:48:00,6.04,6.04,6.04,6.04,900
ANH,2017-07-19,12:49:00,6.03,6.04,6.03,6.04,4330
ANH,2017-07-19,12:50:00,6.04,6.04,6.04,6.04,1100
ANH,2017-07-19,12:52:00,6.03,6.03,6.03,6.03,1500
ANH,2017-07-19,12:53:00,6.03,6.04,6.03,6.03,5200
ANH,2017-07-19,12:54:00,6.03,6.04,6.03,6.03,6400
ANH,2017-07-19,12:55:00,6.03,6.04,6.03,6.04,1400
ANH,2017-07-19,12:56:00,6.04,6.04,6.04,6.04,500
ANH,2017-07-19,13:00:00,6.03,6.03,6.03,6.03,1800
ANH,2017-07-19,13:01:00,6.03,6.04,6.03,6.03,3700
ANH,2017-07-19,13:02:00,6.04,6.04,6.04,6.04,100
ANH,2017-07-19,13:03:00,6.03,6.03,6.03,6.03,1000
ANH,2017-07-19,13:04:00,6.03,6.04,6.03,6.03,3600
ANH,2017-07-19,13:05:00,6.03,6.04,6.03,6.03,1600
ANH,2017-07-19,13:06:00,6.03,6.03,6.03,6.03,3279
ANH,2017-07-19,13:11:00,6.02,6.03,6.02,6.03,3400
ANH,2017-07-19,13:12:00,6.03,6.03,6.03,6.03,200
ANH,2017-07-19,13:13:00,6.03,6.03,6.03,6.03,300
ANH,2017-07-19,13:14:00,6.03,6.03,6.03,6.03,200
ANH,2017-07-19,13:15:00,6.03,6.03,6.03,6.03,400
ANH,2017-07-19,13:16:00,6.03,6.03,6.03,6.03,1000
ANH,2017-07-19,13:17:00,6.03,6.03,6.03,6.03,400
ANH,2017-07-19,13:18:00,6.03,6.03,6.03,6.03,500
ANH,2017-07-19,13:19:00,6.03,6.03,6.03,6.03,300
ANH,2017-07-19,13:20:00,6.03,6.03,6.03,6.03,200
ANH,2017-07-19,13:21:00,6.03,6.03,6.03,6.03,1766
ANH,2017-07-19,13:22:00,6.04,6.04,6.04,6.04,1500
ANH,2017-07-19,13:23:00,6.04,6.04,6.04,6.04,800
ANH,2017-07-19,13:24:00,6.04,6.04,6.04,6.04,400
ANH,2017-07-19,13:25:00,6.04,6.04,6.04,6.04,200
ANH,2017-07-19,13:26:00,6.04,6.04,6.04,6.04,400
ANH,2017-07-19,13:27:00,6.04,6.04,6.04,6.04,400
ANH,2017-07-19,13:28:00,6.04,6.04,6.04,6.04,800
ANH,2017-07-19,13:30:00,6.04,6.04,6.04,6.04,500
ANH,2017-07-19,13:32:00,6.04,6.04,6.04,6.04,100
ANH,2017-07-19,13:34:00,6.04,6.04,6.04,6.04,200
ANH,2017-07-19,13:36:00,6.04,6.04,6.04,6.04,100
ANH,2017-07-19,13:37:00,6.04,6.04,6.04,6.04,100
ANH,2017-07-19,13:42:00,6.04,6.04,6.04,6.04,673
ANH,2017-07-19,13:46:00,6.04,6.04,6.04,6.04,500
ANH,2017-07-19,13:47:00,6.04,6.04,6.04,6.04,100
ANH,2017-07-19,13:49:00,6.04,6.04,6.04,6.04,200
ANH,2017-07-19,13:51:00,6.04,6.04,6.04,6.04,300
ANH,2017-07-19,13:53:00,6.04,6.04,6.04,6.04,100
ANH,2017-07-19,13:56:00,6.03,6.03,6.03,6.03,2000
ANH,2017-07-19,13:57:00,6.04,6.04,6.03,6.03,3000
ANH,2017-07-19,13:58:00,6.04,6.04,6.03,6.04,3100
ANH,2017-07-19,13:59:00,6.04,6.04,6.03,6.03,3600
ANH,2017-07-19,14:00:00,6.04,6.04,6.03,6.03,1600
ANH,2017-07-19,14:01:00,6.03,6.03,6.03,6.03,100
ANH,2017-07-19,14:02:00,6.03,6.04,6.03,6.04,500
ANH,2017-07-19,14:03:00,6.04,6.04,6.04,6.04,100
ANH,2017-07-19,14:09:00,6.04,6.04,6.04,6.04,4000
ANH,2017-07-19,14:10:00,6.04,6.04,6.04,6.04,259
ANH,2017-07-19,14:11:00,6.04,6.04,6.03,6.03,300
ANH,2017-07-19,14:13:00,6.03,6.04,6.03,6.04,3550
ANH,2017-07-19,14:18:00,6.04,6.04,6.04,6.04,100
ANH,2017-07-19,14:24:00,6.04,6.04,6.03,6.04,2344
ANH,2017-07-19,14:25:00,6.04,6.04,6.04,6.04,600
ANH,2017-07-19,14:27:00,6.04,6.04,6.04,6.04,100
ANH,2017-07-19,14:28:00,6.04,6.04,6.04,6.04,100
ANH,2017-07-19,14:31:00,6.04,6.04,6.04,6.04,900
ANH,2017-07-19,14:32:00,6.04,6.04,6.04,6.04,100
ANH,2017-07-19,14:33:00,6.04,6.04,6.04,6.04,100
ANH,2017-07-19,14:34:00,6.04,6.04,6.04,6.04,100
ANH,2017-07-19,14:35:00,6.04,6.04,6.04,6.04,900
ANH,2017-07-19,14:36:00,6.04,6.04,6.04,6.04,400
ANH,2017-07-19,14:39:00,6.03,6.04,6.03,6.04,200
ANH,2017-07-19,14:40:00,6.04,6.04,6.04,6.04,100
ANH,2017-07-19,14:43:00,6.04,6.04,6.04,6.04,5801
ANH,2017-07-19,14:45:00,6.04,6.04,6.04,6.04,750
ANH,2017-07-19,14:46:00,6.04,6.04,6.03,6.03,3307
ANH,2017-07-19,14:47:00,6.03,6.03,6.03,6.03,100
ANH,2017-07-19,14:51:00,6.04,6.04,6.04,6.04,2065
ANH,2017-07-19,14:52:00,6.04,6.04,6.04,6.04,350
ANH,2017-07-19,14:53:00,6.04,6.04,6.02,6.02,9068
ANH,2017-07-19,14:57:00,6.03,6.03,6.02,6.02,200
ANH,2017-07-19,15:00:00,6.02,6.02,6.02,6.02,100
ANH,2017-07-19,15:01:00,6.03,6.03,6.03,6.03,100
ANH,2017-07-19,15:02:00,6.03,6.03,6.03,6.03,8100
ANH,2017-07-19,15:06:00,6.03,6.03,6.03,6.03,3300
ANH,2017-07-19,15:07:00,6.03,6.03,6.03,6.03,500
ANH,2017-07-19,15:08:00,6.03,6.03,6.03,6.03,333
ANH,2017-07-19,15:10:00,6.03,6.03,6.03,6.03,200
ANH,2017-07-19,15:11:00,6.03,6.04,6.03,6.03,24651
ANH,2017-07-19,15:12:00,6.03,6.03,6.03,6.03,540
ANH,2017-07-19,15:14:00,6.03,6.03,6.03,6.03,100
ANH,2017-07-19,15:15:00,6.04,6.04,6.04,6.04,100
ANH,2017-07-19,15:17:00,6.03,6.04,6.03,6.04,200
ANH,2017-07-19,15:20:00,6.04,6.04,6.03,6.03,200
ANH,2017-07-19,15:22:00,6.03,6.04,6.03,6.03,3600
ANH,2017-07-19,15:23:00,6.04,6.04,6.03,6.04,800
ANH,2017-07-19,15:24:00,6.04,6.04,6.04,6.04,900
ANH,2017-07-19,15:25:00,6.04,6.04,6.03,6.04,8542
ANH,2017-07-19,15:26:00,6.04,6.04,6.04,6.04,300
ANH,2017-07-19,15:27:00,6.04,6.04,6.04,6.04,200
ANH,2017-07-19,15:28:00,6.04,6.04,6.03,6.04,1700
ANH,2017-07-19,15:29:00,6.04,6.04,6.03,6.03,500
ANH,2017-07-19,15:30:00,6.04,6.04,6.04,6.04,100
ANH,2017-07-19,15:31:00,6.04,6.04,6.04,6.04,700
ANH,2017-07-19,15:32:00,6.04,6.04,6.04,6.04,600
ANH,2017-07-19,15:33:00,6.04,6.04,6.04,6.04,200
ANH,2017-07-19,15:34:00,6.04,6.04,6.04,6.04,300
ANH,2017-07-19,15:35:00,6.04,6.04,6.03,6.04,2700
ANH,2017-07-19,15:36:00,6.04,6.04,6.04,6.04,300
ANH,2017-07-19,15:37:00,6.03,6.04,6.03,6.04,200
ANH,2017-07-19,15:38:00,6.04,6.04,6.04,6.04,200
ANH,2017-07-19,15:39:00,6.04,6.04,6.04,6.04,100
ANH,2017-07-19,15:40:00,6.04,6.04,6.04,6.04,600
ANH,2017-07-19,15:41:00,6.04,6.04,6.03,6.03,500
ANH,2017-07-19,15:42:00,6.04,6.04,6.03,6.04,2500
ANH,2017-07-19,15:43:00,6.04,6.04,6.04,6.04,100
ANH,2017-07-19,15:44:00,6.04,6.04,6.03,6.03,700
ANH,2017-07-19,15:45:00,6.04,6.04,6.03,6.03,2137
ANH,2017-07-19,15:46:00,6.04,6.04,6.03,6.03,600
ANH,2017-07-19,15:47:00,6.03,6.04,6.03,6.04,500
ANH,2017-07-19,15:48:00,6.04,6.04,6.03,6.04,300
ANH,2017-07-19,15:49:00,6.04,6.04,6.03,6.03,915
ANH,2017-07-19,15:50:00,6.03,6.04,6.03,6.03,2400
ANH,2017-07-19,15:51:00,6.04,6.04,6.04,6.04,200
ANH,2017-07-19,15:52:00,6.03,6.04,6.03,6.04,2800
ANH,2017-07-19,15:53:00,6.04,6.04,6.03,6.03,600
ANH,2017-07-19,15:54:00,6.04,6.04,6.03,6.04,1800
ANH,2017-07-19,15:55:00,6.03,6.04,6.03,6.04,1549
ANH,2017-07-19,15:56:00,6.04,6.04,6.03,6.03,3061
ANH,2017-07-19,15:57:00,6.04,6.04,6.03,6.04,12042
ANH,2017-07-19,15:58:00,6.04,6.04,6.03,6.03,1000
ANH,2017-07-19,15:59:00,6.04,6.04,6.03,6.03,1500
ANH,2017-07-19,16:00:00,6.04,6.04,6.03,6.03,17394
ANH,2017-07-20,09:30:00,6.03,6.04,6.03,6.04,7846
ANH,2017-07-20,09:31:00,6.04,6.04,6.04,6.04,518
ANH,2017-07-20,09:33:00,6.04,6.04,6.04,6.04,100
ANH,2017-07-20,09:35:00,6.04,6.04,6.04,6.04,111
ANH,2017-07-20,09:37:00,6.04,6.04,6.04,6.04,1000
ANH,2017-07-20,09:38:00,6.03,6.04,6.03,6.04,500
ANH,2017-07-20,09:40:00,6.04,6.04,6.04,6.04,900
ANH,2017-07-20,09:41:00,6.04,6.04,6.04,6.04,100
ANH,2017-07-20,09:42:00,6.04,6.04,6.04,6.04,100
ANH,2017-07-20,09:44:00,6.04,6.04,6.04,6.04,200
ANH,2017-07-20,09:45:00,6.03,6.03,6.02,6.03,16400
ANH,2017-07-20,09:46:00,6.03,6.03,6.03,6.03,200
ANH,2017-07-20,09:48:00,6.02,6.02,6.02,6.02,500
ANH,2017-07-20,09:49:00,6.02,6.02,6.02,6.02,5600
ANH,2017-07-20,09:50:00,6.01,6.02,6.01,6.01,1100
ANH,2017-07-20,09:51:00,6.01,6.01,6.01,6.01,300
ANH,2017-07-20,09:54:00,6.01,6.01,6.01,6.01,1506
ANH,2017-07-20,09:55:00,6.01,6.01,6.01,6.01,300
ANH,2017-07-20,09:56:00,6.02,6.02,6.02,6.02,200
ANH,2017-07-20,09:58:00,6.01,6.02,6.01,6.01,300
ANH,2017-07-20,10:00:00,6.01,6.02,6.01,6.01,1013
ANH,2017-07-20,10:01:00,6.01,6.02,6.01,6.02,8585
ANH,2017-07-20,10:03:00,6.01,6.01,6.01,6.01,1200
ANH,2017-07-20,10:04:00,6.02,6.02,6.01,6.01,1300
ANH,2017-07-20,10:05:00,6.02,6.02,6.02,6.02,300
ANH,2017-07-20,10:06:00,6.01,6.02,6.01,6.02,700
ANH,2017-07-20,10:07:00,6.01,6.02,6.01,6.01,834
ANH,2017-07-20,10:08:00,6.02,6.02,6.02,6.02,200
ANH,2017-07-20,10:09:00,6.01,6.01,6.01,6.01,100
ANH,2017-07-20,10:10:00,6.01,6.01,6.01,6.01,180
ANH,2017-07-20,10:11:00,6.02,6.02,6.02,6.02,1000
ANH,2017-07-20,10:12:00,6.02,6.02,6.02,6.02,4073
ANH,2017-07-20,10:13:00,6.03,6.03,6.03,6.03,200
ANH,2017-07-20,10:15:00,6.03,6.03,6.03,6.03,200
ANH,2017-07-20,10:19:00,6.03,6.03,6.03,6.03,100
ANH,2017-07-20,10:21:00,6.03,6.03,6.03,6.03,200
ANH,2017-07-20,10:23:00,6.03,6.03,6.03,6.03,200
ANH,2017-07-20,10:25:00,6.03,6.03,6.03,6.03,100
ANH,2017-07-20,10:27:00,6.02,6.02,6.02,6.02,594
ANH,2017-07-20,10:28:00,6.03,6.03,6.02,6.02,2300
ANH,2017-07-20,10:32:00,6.02,6.02,6.02,6.02,2300
ANH,2017-07-20,10:34:00,6.03,6.03,6.03,6.03,100
ANH,2017-07-20,10:36:00,6.03,6.03,6.03,6.03,800
ANH,2017-07-20,10:38:00,6.03,6.03,6.02,6.02,1300
ANH,2017-07-20,10:39:00,6.03,6.03,6.03,6.03,200
ANH,2017-07-20,10:42:00,6.03,6.03,6.02,6.02,290
ANH,2017-07-20,10:44:00,6.03,6.03,6.03,6.03,100
ANH,2017-07-20,10:45:00,6.03,6.03,6.03,6.03,100
ANH,2017-07-20,10:49:00,6.03,6.03,6.03,6.03,400
ANH,2017-07-20,10:52:00,6.02,6.02,6.02,6.02,1000
ANH,2017-07-20,10:53:00,6.02,6.02,6.02,6.02,2000
ANH,2017-07-20,10:55:00,6.03,6.03,6.03,6.03,1100
ANH,2017-07-20,10:58:00,6.03,6.03,6.03,6.03,2000
ANH,2017-07-20,11:00:00,6.03,6.03,6.03,6.03,3200
ANH,2017-07-20,11:01:00,6.02,6.02,6.02,6.02,100
ANH,2017-07-20,11:02:00,6.03,6.03,6.03,6.03,100
ANH,2017-07-20,11:03:00,6.03,6.03,6.03,6.03,200
ANH,2017-07-20,11:04:00,6.03,6.03,6.03,6.03,100
ANH,2017-07-20,11:05:00,6.03,6.03,6.03,6.03,200
ANH,2017-07-20,11:06:00,6.03,6.03,6.03,6.03,100
ANH,2017-07-20,11:07:00,6.03,6.03,6.03,6.03,200
ANH,2017-07-20,11:08:00,6.03,6.03,6.03,6.03,142
ANH,2017-07-20,11:10:00,6.03,6.03,6.03,6.03,400
ANH,2017-07-20,11:12:00,6.03,6.03,6.02,6.02,300
ANH,2017-07-20,11:14:00,6.03,6.03,6.03,6.03,300
ANH,2017-07-20,11:16:00,6.03,6.03,6.03,6.03,200
ANH,2017-07-20,11:17:00,6.03,6.03,6.03,6.03,100
ANH,2017-07-20,11:19:00,6.02,6.02,6.02,6.02,2700
ANH,2017-07-20,11:21:00,6.02,6.02,6.02,6.02,200
ANH,2017-07-20,11:22:00,6.03,6.03,6.03,6.03,100
ANH,2017-07-20,11:23:00,6.02,6.03,6.02,6.03,300
ANH,2017-07-20,11:25:00,6.03,6.03,6.03,6.03,200
ANH,2017-07-20,11:26:00,6.03,6.03,6.03,6.03,100
ANH,2017-07-20,11:28:00,6.02,6.03,6.02,6.03,200
ANH,2017-07-20,11:29:00,6.03,6.03,6.03,6.03,300
ANH,2017-07-20,11:33:00,6.02,6.02,6.02,6.02,100
ANH,2017-07-20,11:38:00,6.02,6.02,6.02,6.02,100
ANH,2017-07-20,11:40:00,6.03,6.03,6.03,6.03,1000
ANH,2017-07-20,11:42:00,6.03,6.03,6.03,6.03,200
ANH,2017-07-20,11:43:00,6.03,6.03,6.03,6.03,100
ANH,2017-07-20,11:44:00,6.03,6.03,6.02,6.02,200
ANH,2017-07-20,11:46:00,6.02,6.02,6.02,6.02,100
ANH,2017-07-20,11:47:00,6.03,6.03,6.03,6.03,300
ANH,2017-07-20,11:48:00,6.03,6.03,6.03,6.03,900
ANH,2017-07-20,11:49:00,6.03,6.03,6.03,6.03,700
ANH,2017-07-20,11:50:00,6.02,6.02,6.02,6.02,100
ANH,2017-07-20,11:52:00,6.03,6.03,6.03,6.03,200
ANH,2017-07-20,11:54:00,6.03,6.03,6.03,6.03,200
ANH,2017-07-20,11:55:00,6.03,6.03,6.02,6.03,2178
ANH,2017-07-20,11:56:00,6.03,6.03,6.03,6.03,1658
ANH,2017-07-20,11:57:00,6.03,6.03,6.03,6.03,300
ANH,2017-07-20,11:59:00,6.03,6.03,6.03,6.03,3800
ANH,2017-07-20,12:00:00,6.03,6.03,6.03,6.03,200
ANH,2017-07-20,12:01:00,6.02,6.03,6.02,6.03,1760
ANH,2017-07-20,12:03:00,6.03,6.03,6.03,6.03,200
ANH,2017-07-20,12:05:00,6.03,6.03,6.03,6.03,100
ANH,2017-07-20,12:07:00,6.03,6.03,6.03,6.03,100
ANH,2017-07-20,12:11:00,6.03,6.03,6.03,6.03,400
ANH,2017-07-20,12:12:00,6.03,6.03,6.03,6.03,300
ANH,2017-07-20,12:13:00,6.03,6.03,6.03,6.03,1000
ANH,2017-07-20,12:15:00,6.03,6.03,6.03,6.03,400
ANH,2017-07-20,12:16:00,6.03,6.03,6.03,6.03,800
ANH,2017-07-20,12:17:00,6.03,6.03,6.03,6.03,300
ANH,2017-07-20,12:18:00,6.03,6.03,6.03,6.03,400
ANH,2017-07-20,12:20:00,6.03,6.03,6.02,6.02,800
ANH,2017-07-20,12:21:00,6.03,6.03,6.03,6.03,100
ANH,2017-07-20,12:22:00,6.03,6.03,6.03,6.03,100
ANH,2017-07-20,12:24:00,6.03,6.03,6.03,6.03,2700
ANH,2017-07-20,12:25:00,6.03,6.03,6.03,6.03,600
ANH,2017-07-20,12:26:00,6.03,6.03,6.02,6.02,1700
ANH,2017-07-20,12:27:00,6.02,6.03,6.02,6.03,600
ANH,2017-07-20,12:28:00,6.03,6.03,6.03,6.03,100
ANH,2017-07-20,12:29:00,6.03,6.03,6.03,6.03,100
ANH,2017-07-20,12:33:00,6.03,6.03,6.02,6.03,600
ANH,2017-07-20,12:37:00,6.03,6.03,6.03,6.03,7085
ANH,2017-07-20,12:38:00,6.03,6.03,6.03,6.03,300
ANH,2017-07-20,12:40:00,6.03,6.03,6.03,6.03,300
ANH,2017-07-20,12:41:00,6.03,6.03,6.03,6.03,100
ANH,2017-07-20,12:44:00,6.03,6.03,6.03,6.03,100
ANH,2017-07-20,12:45:00,6.03,6.03,6.03,6.03,400
ANH,2017-07-20,12:46:00,6.03,6.03,6.03,6.03,200
ANH,2017-07-20,12:49:00,6.03,6.03,6.03,6.03,100
ANH,2017-07-20,12:50:00,6.03,6.03,6.03,6.03,100
ANH,2017-07-20,12:51:00,6.02,6.02,6.02,6.02,977
ANH,2017-07-20,12:52:00,6.03,6.03,6.03,6.03,300
ANH,2017-07-20,13:03:00,6.03,6.03,6.03,6.03,700
ANH,2017-07-20,13:04:00,6.03,6.03,6.03,6.03,300
ANH,2017-07-20,13:10:00,6.03,6.03,6.03,6.03,175
ANH,2017-07-20,13:13:00,6.03,6.03,6.03,6.03,900
ANH,2017-07-20,13:14:00,6.03,6.03,6.03,6.03,100
ANH,2017-07-20,13:15:00,6.03,6.03,6.03,6.03,200
ANH,2017-07-20,13:16:00,6.03,6.03,6.03,6.03,600
ANH,2017-07-20,13:17:00,6.03,6.04,6.03,6.04,3600
ANH,2017-07-20,13:18:00,6.04,6.04,6.04,6.04,100
ANH,2017-07-20,13:21:00,6.04,6.04,6.04,6.04,700
ANH,2017-07-20,13:22:00,6.04,6.04,6.04,6.04,700
ANH,2017-07-20,13:23:00,6.04,6.05,6.04,6.05,2335
ANH,2017-07-20,13:24:00,6.05,6.05,6.05,6.05,100
ANH,2017-07-20,13:27:00,6.05,6.05,6.05,6.05,443
ANH,2017-07-20,13:34:00,6.05,6.05,6.05,6.05,100
ANH,2017-07-20,13:38:00,6.04,6.04,6.04,6.04,200
ANH,2017-07-20,13:39:00,6.04,6.04,6.04,6.04,100
ANH,2017-07-20,13:49:00,6.05,6.05,6.05,6.05,100
ANH,2017-07-20,13:51:00,6.04,6.04,6.04,6.04,100
ANH,2017-07-20,13:56:00,6.04,6.04,6.04,6.04,100
ANH,2017-07-20,14:00:00,6.05,6.05,6.05,6.05,100
ANH,2017-07-20,14:01:00,6.04,6.05,6.04,6.05,400
ANH,2017-07-20,14:03:00,6.04,6.05,6.04,6.05,794
ANH,2017-07-20,14:08:00,6.05,6.05,6.05,6.05,500
ANH,2017-07-20,14:10:00,6.04,6.04,6.04,6.04,100
ANH,2017-07-20,14:12:00,6.05,6.05,6.04,6.04,700
ANH,2017-07-20,14:14:00,6.04,6.04,6.04,6.04,300
ANH,2017-07-20,14:18:00,6.04,6.04,6.04,6.04,100
ANH,2017-07-20,14:21:00,6.05,6.05,6.05,6.05,200
ANH,2017-07-20,14:23:00,6.05,6.05,6.05,6.05,300
ANH,2017-07-20,14:24:00,6.04,6.05,6.04,6.05,300
ANH,2017-07-20,14:25:00,6.05,6.05,6.05,6.05,200
ANH,2017-07-20,14:26:00,6.05,6.05,6.04,6.05,5088
ANH,2017-07-20,14:30:00,6.05,6.05,6.05,6.05,1200
ANH,2017-07-20,14:32:00,6.05,6.05,6.05,6.05,100
ANH,2017-07-20,14:34:00,6.05,6.06,6.05,6.05,6798
ANH,2017-07-20,14:35:00,6.06,6.06,6.06,6.06,800
ANH,2017-07-20,14:36:00,6.06,6.06,6.06,6.06,3000
ANH,2017-07-20,14:38:00,6.06,6.06,6.06,6.06,300
ANH,2017-07-20,14:40:00,6.06,6.06,6.06,6.06,200
ANH,2017-07-20,14:41:00,6.06,6.06,6.06,6.06,400
ANH,2017-07-20,14:43:00,6.06,6.06,6.06,6.06,100
ANH,2017-07-20,14:45:00,6.06,6.06,6.06,6.06,200
ANH,2017-07-20,14:47:00,6.06,6.06,6.06,6.06,200
ANH,2017-07-20,14:48:00,6.06,6.06,6.06,6.06,100
ANH,2017-07-20,14:49:00,6.06,6.06,6.06,6.06,400
ANH,2017-07-20,14:50:00,6.06,6.07,6.06,6.06,3043
ANH,2017-07-20,14:51:00,6.07,6.07,6.06,6.07,14208
ANH,2017-07-20,14:52:00,6.07,6.07,6.06,6.06,10200
ANH,2017-07-20,14:53:00,6.07,6.07,6.05,6.05,18521
ANH,2017-07-20,14:54:00,6.05,6.05,6.05,6.05,147
ANH,2017-07-20,14:57:00,6.06,6.06,6.06,6.06,100
ANH,2017-07-20,14:59:00,6.05,6.05,6.05,6.05,100
ANH,2017-07-20,15:01:00,6.05,6.05,6.05,6.05,4600
ANH,2017-07-20,15:02:00,6.05,6.05,6.05,6.05,100
ANH,2017-07-20,15:03:00,6.05,6.06,6.05,6.06,300
ANH,2017-07-20,15:04:00,6.05,6.05,6.05,6.05,200
ANH,2017-07-20,15:05:00,6.06,6.06,6.05,6.05,200
ANH,2017-07-20,15:06:00,6.06,6.06,6.06,6.06,100
ANH,2017-07-20,15:07:00,6.06,6.06,6.06,6.06,200
ANH,2017-07-20,15:09:00,6.05,6.06,6.05,6.06,200
ANH,2017-07-20,15:10:00,6.06,6.06,6.06,6.06,100
ANH,2017-07-20,15:12:00,6.05,6.05,6.05,6.05,100
ANH,2017-07-20,15:15:00,6.06,6.06,6.05,6.05,3100
ANH,2017-07-20,15:16:00,6.05,6.05,6.04,6.04,6244
ANH,2017-07-20,15:19:00,6.04,6.04,6.04,6.04,300
ANH,2017-07-20,15:20:00,6.04,6.04,6.04,6.04,100
ANH,2017-07-20,15:21:00,6.04,6.04,6.04,6.04,521
ANH,2017-07-20,15:22:00,6.04,6.04,6.04,6.04,1500
ANH,2017-07-20,15:23:00,6.04,6.04,6.04,6.04,700
ANH,2017-07-20,15:24:00,6.04,6.04,6.04,6.04,3350
ANH,2017-07-20,15:26:00,6.04,6.04,6.04,6.04,100
ANH,2017-07-20,15:30:00,6.04,6.04,6.04,6.04,300
ANH,2017-07-20,15:31:00,6.04,6.04,6.04,6.04,1100
ANH,2017-07-20,15:32:00,6.04,6.04,6.04,6.04,200
ANH,2017-07-20,15:34:00,6.05,6.05,6.05,6.05,1000
ANH,2017-07-20,15:35:00,6.04,6.04,6.04,6.04,500
ANH,2017-07-20,15:39:00,6.04,6.04,6.04,6.04,600
ANH,2017-07-20,15:40:00,6.04,6.04,6.04,6.04,200
ANH,2017-07-20,15:41:00,6.04,6.04,6.04,6.04,400
ANH,2017-07-20,15:42:00,6.04,6.04,6.03,6.03,4467
ANH,2017-07-20,15:43:00,6.04,6.04,6.04,6.04,100
ANH,2017-07-20,15:44:00,6.03,6.03,6.03,6.03,100
ANH,2017-07-20,15:45:00,6.03,6.04,6.03,6.04,9898
ANH,2017-07-20,15:46:00,6.04,6.04,6.04,6.04,1500
ANH,2017-07-20,15:47:00,6.04,6.04,6.04,6.04,1300
ANH,2017-07-20,15:48:00,6.04,6.04,6.04,6.04,1285
ANH,2017-07-20,15:49:00,6.04,6.04,6.04,6.04,200
ANH,2017-07-20,15:50:00,6.04,6.04,6.04,6.04,200
ANH,2017-07-20,15:51:00,6.04,6.04,6.04,6.04,400
ANH,2017-07-20,15:52:00,6.04,6.04,6.04,6.04,600
ANH,2017-07-20,15:53:00,6.04,6.04,6.03,6.03,500
ANH,2017-07-20,15:54:00,6.04,6.04,6.03,6.03,300
ANH,2017-07-20,15:55:00,6.03,6.04,6.03,6.03,500
ANH,2017-07-20,15:56:00,6.04,6.04,6.03,6.04,2300
ANH,2017-07-20,15:57:00,6.04,6.04,6.04,6.04,1600
ANH,2017-07-20,15:58:00,6.04,6.04,6.04,6.04,1100
ANH,2017-07-20,15:59:00,6.04,6.04,6.04,6.04,2363
ANH,2017-07-20,16:00:00,6.04,6.04,6.03,6.04,14821
ANH,2017-07-21,09:30:00,6.09,6.09,6.09,6.09,67104
ANH,2017-07-21,09:31:00,6.07,6.07,6.02,6.02,8116
ANH,2017-07-21,09:32:00,6.06,6.06,6.05,6.06,6325
ANH,2017-07-21,09:33:00,6.05,6.05,6.03,6.03,2500
ANH,2017-07-21,09:34:00,6.04,6.04,6.03,6.04,500
ANH,2017-07-21,09:35:00,6.04,6.05,6.04,6.04,5301
ANH,2017-07-21,09:36:00,6.04,6.04,6.04,6.04,100
ANH,2017-07-21,09:37:00,6.04,6.05,6.04,6.04,8100
ANH,2017-07-21,09:38:00,6.04,6.05,6.04,6.04,7999
ANH,2017-07-21,09:39:00,6.05,6.05,6.04,6.04,8401
ANH,2017-07-21,09:41:00,6.03,6.03,6.03,6.03,1724
ANH,2017-07-21,09:42:00,6.03,6.03,6.03,6.03,259
ANH,2017-07-21,09:44:00,6.02,6.03,6.02,6.03,500
ANH,2017-07-21,09:45:00,6.02,6.02,6.02,6.02,250
ANH,2017-07-21,09:46:00,6.03,6.03,6.03,6.03,300
ANH,2017-07-21,09:47:00,6.03,6.03,6.03,6.03,4321
ANH,2017-07-21,09:48:00,6.04,6.04,6.04,6.04,1300
ANH,2017-07-21,09:49:00,6.04,6.04,6.04,6.04,200
ANH,2017-07-21,09:50:00,6.04,6.04,6.04,6.04,100
ANH,2017-07-21,09:51:00,6.04,6.04,6.04,6.04,300
ANH,2017-07-21,09:52:00,6.04,6.04,6.03,6.03,4700
ANH,2017-07-21,09:53:00,6.03,6.03,6.03,6.03,485
ANH,2017-07-21,09:54:00,6.04,6.04,6.03,6.03,600
ANH,2017-07-21,09:55:00,6.04,6.04,6.04,6.04,300
ANH,2017-07-21,09:56:00,6.04,6.05,6.04,6.05,3300
ANH,2017-07-21,09:57:00,6.04,6.05,6.04,6.04,1300
ANH,2017-07-21,09:58:00,6.05,6.05,6.05,6.05,100
ANH,2017-07-21,09:59:00,6.05,6.05,6.05,6.05,100
ANH,2017-07-21,10:00:00,6.04,6.04,6.04,6.04,200
ANH,2017-07-21,10:01:00,6.04,6.04,6.03,6.04,3890
ANH,2017-07-21,10:02:00,6.04,6.04,6.03,6.03,300
ANH,2017-07-21,10:03:00,6.03,6.03,6.03,6.03,100
ANH,2017-07-21,10:04:00,6.04,6.04,6.04,6.04,100
ANH,2017-07-21,10:06:00,6.04,6.04,6.04,6.04,500
ANH,2017-07-21,10:07:00,6.04,6.05,6.04,6.04,4751
ANH,2017-07-21,10:08:00,6.04,6.04,6.04,6.04,1000
ANH,2017-07-21,10:09:00,6.05,6.05,6.05,6.05,800
ANH,2017-07-21,10:10:00,6.04,6.04,6.04,6.04,500
ANH,2017-07-21,10:11:00,6.05,6.05,6.05,6.05,100
ANH,2017-07-21,10:12:00,6.04,6.05,6.04,6.05,300
ANH,2017-07-21,10:13:00,6.05,6.05,6.05,6.05,350
ANH,2017-07-21,10:14:00,6.05,6.05,6.05,6.05,100
ANH,2017-07-21,10:15:00,6.05,6.05,6.05,6.05,100
ANH,2017-07-21,10:16:00,6.05,6.05,6.04,6.04,1000
ANH,2017-07-21,10:17:00,6.04,6.04,6.04,6.04,100
ANH,2017-07-21,10:19:00,6.05,6.05,6.04,6.04,410
ANH,2017-07-21,10:22:00,6.05,6.05,6.05,6.05,2586
ANH,2017-07-21,10:23:00,6.05,6.05,6.05,6.05,580
ANH,2017-07-21,10:24:00,6.05,6.05,6.05,6.05,300
ANH,2017-07-21,10:25:00,6.05,6.05,6.05,6.05,100
ANH,2017-07-21,10:26:00,6.06,6.06,6.06,6.06,200
ANH,2017-07-21,10:27:00,6.05,6.05,6.05,6.05,670
ANH,2017-07-21,10:28:00,6.06,6.06,6.05,6.05,2580
ANH,2017-07-21,10:29:00,6.06,6.06,6.06,6.06,100
ANH,2017-07-21,10:30:00,6.05,6.05,6.05,6.05,100
ANH,2017-07-21,10:32:00,6.06,6.06,6.05,6.05,300
ANH,2017-07-21,10:33:00,6.06,6.06,6.05,6.05,1100
ANH,2017-07-21,10:34:00,6.05,6.06,6.05,6.06,500
ANH,2017-07-21,10:35:00,6.06,6.06,6.05,6.05,400
ANH,2017-07-21,10:36:00,6.06,6.06,6.06,6.06,300
ANH,2017-07-21,10:37:00,6.06,6.06,6.06,6.06,100
ANH,2017-07-21,10:38:00,6.06,6.06,6.05,6.05,500
ANH,2017-07-21,10:39:00,6.05,6.05,6.05,6.05,180
ANH,2017-07-21,10:41:00,6.06,6.06,6.06,6.06,400
ANH,2017-07-21,10:42:00,6.06,6.07,6.05,6.07,3694
ANH,2017-07-21,10:43:00,6.07,6.07,6.06,6.06,400
ANH,2017-07-21,10:44:00,6.06,6.07,6.06,6.07,400
ANH,2017-07-21,10:45:00,6.07,6.07,6.06,6.07,700
ANH,2017-07-21,10:46:00,6.07,6.07,6.06,6.06,300
ANH,2017-07-21,10:47:00,6.07,6.07,6.07,6.07,100
ANH,2017-07-21,10:48:00,6.07,6.07,6.07,6.07,100
ANH,2017-07-21,10:49:00,6.07,6.07,6.07,6.07,800
ANH,2017-07-21,10:51:00,6.07,6.07,6.07,6.07,200
ANH,2017-07-21,10:52:00,6.07,6.07,6.06,6.06,300
ANH,2017-07-21,10:53:00,6.07,6.07,6.07,6.07,800
ANH,2017-07-21,10:54:00,6.07,6.07,6.07,6.07,500
ANH,2017-07-21,10:56:00,6.07,6.07,6.06,6.07,660
ANH,2017-07-21,10:57:00,6.07,6.07,6.07,6.07,1200
ANH,2017-07-21,10:59:00,6.07,6.07,6.07,6.07,600
ANH,2017-07-21,11:01:00,6.07,6.07,6.07,6.07,100
ANH,2017-07-21,11:02:00,6.07,6.07,6.07,6.07,1028
ANH,2017-07-21,11:03:00,6.07,6.07,6.07,6.07,100
ANH,2017-07-21,11:04:00,6.07,6.07,6.07,6.07,310
ANH,2017-07-21,11:05:00,6.07,6.07,6.07,6.07,300
ANH,2017-07-21,11:06:00,6.07,6.07,6.07,6.07,4500
ANH,2017-07-21,11:08:00,6.07,6.08,6.07,6.08,9611
ANH,2017-07-21,11:09:00,6.07,6.08,6.07,6.07,7646
ANH,2017-07-21,11:10:00,6.08,6.08,6.07,6.08,3400
ANH,2017-07-21,11:11:00,6.08,6.08,6.07,6.08,4600
ANH,2017-07-21,11:12:00,6.07,6.08,6.07,6.07,6370
ANH,2017-07-21,11:13:00,6.08,6.08,6.08,6.08,4700
ANH,2017-07-21,11:14:00,6.07,6.08,6.07,6.07,995
ANH,2017-07-21,11:15:00,6.08,6.08,6.08,6.08,400
ANH,2017-07-21,11:16:00,6.08,6.08,6.08,6.08,200
ANH,2017-07-21,11:17:00,6.08,6.08,6.08,6.08,100
ANH,2017-07-21,11:18:00,6.08,6.08,6.08,6.08,100
ANH,2017-07-21,11:19:00,6.08,6.08,6.07,6.08,1225
ANH,2017-07-21,11:20:00,6.08,6.08,6.08,6.08,1500
ANH,2017-07-21,11:21:00,6.08,6.08,6.08,6.08,100
ANH,2017-07-21,11:23:00,6.08,6.08,6.08,6.08,500
ANH,2017-07-21,11:24:00,6.08,6.08,6.08,6.08,800
ANH,2017-07-21,11:25:00,6.08,6.08,6.08,6.08,100
ANH,2017-07-21,11:26:00,6.08,6.08,6.08,6.08,700
ANH,2017-07-21,11:29:00,6.07,6.08,6.07,6.08,2910
ANH,2017-07-21,11:30:00,6.08,6.08,6.08,6.08,800
ANH,2017-07-21,11:31:00,6.08,6.08,6.08,6.08,3298
ANH,2017-07-21,11:32:00,6.08,6.09,6.08,6.08,1000
ANH,2017-07-21,11:33:00,6.08,6.08,6.08,6.08,478
ANH,2017-07-21,11:34:00,6.09,6.09,6.09,6.09,300
ANH,2017-07-21,11:35:00,6.09,6.09,6.09,6.09,100
ANH,2017-07-21,11:36:00,6.08,6.09,6.08,6.09,1345
ANH,2017-07-21,11:37:00,6.09,6.09,6.09,6.09,6573
ANH,2017-07-21,11:38:00,6.09,6.09,6.09,6.09,273
ANH,2017-07-21,11:39:00,6.09,6.10,6.09,6.09,300
ANH,2017-07-21,11:40:00,6.09,6.10,6.09,6.10,400
ANH,2017-07-21,11:41:00,6.10,6.10,6.09,6.09,18063
ANH,2017-07-21,11:42:00,6.09,6.09,6.09,6.09,1690
ANH,2017-07-21,11:43:00,6.09,6.09,6.09,6.09,100
ANH,2017-07-21,11:45:00,6.10,6.10,6.09,6.09,700
ANH,2017-07-21,11:46:00,6.09,6.09,6.09,6.09,200
ANH,2017-07-21,11:48:00,6.10,6.10,6.10,6.10,100
ANH,2017-07-21,11:49:00,6.09,6.09,6.09,6.09,100
ANH,2017-07-21,11:50:00,6.09,6.10,6.09,6.10,400
ANH,2017-07-21,11:51:00,6.09,6.09,6.09,6.09,200
ANH,2017-07-21,11:52:00,6.10,6.10,6.09,6.10,300
ANH,2017-07-21,11:53:00,6.09,6.09,6.09,6.09,100
ANH,2017-07-21,11:56:00,6.09,6.10,6.09,6.10,390
ANH,2017-07-21,11:58:00,6.10,6.10,6.09,6.09,700
ANH,2017-07-21,11:59:00,6.10,6.10,6.09,6.09,300
ANH,2017-07-21,12:00:00,6.10,6.10,6.09,6.09,1315
ANH,2017-07-21,12:01:00,6.09,6.09,6.09,6.09,1200
ANH,2017-07-21,12:02:00,6.10,6.10,6.10,6.10,100
ANH,2017-07-21,12:04:00,6.09,6.09,6.09,6.09,200
ANH,2017-07-21,12:05:00,6.10,6.10,6.10,6.10,700
ANH,2017-07-21,12:06:00,6.09,6.09,6.09,6.09,1800
ANH,2017-07-21,12:07:00,6.10,6.10,6.09,6.09,300
ANH,2017-07-21,12:08:00,6.10,6.10,6.10,6.10,500
ANH,2017-07-21,12:09:00,6.09,6.10,6.09,6.10,500
ANH,2017-07-21,12:10:00,6.09,6.09,6.09,6.09,100
ANH,2017-07-21,12:11:00,6.09,6.10,6.09,6.09,3100
ANH,2017-07-21,12:12:00,6.09,6.09,6.09,6.09,4770
ANH,2017-07-21,12:13:00,6.09,6.09,6.09,6.09,500
ANH,2017-07-21,12:14:00,6.09,6.09,6.09,6.09,100
ANH,2017-07-21,12:16:00,6.10,6.10,6.09,6.09,700
ANH,2017-07-21,12:17:00,6.09,6.09,6.09,6.09,100
ANH,2017-07-21,12:18:00,6.09,6.09,6.09,6.09,200
ANH,2017-07-21,12:20:00,6.10,6.10,6.09,6.10,500
ANH,2017-07-21,12:21:00,6.09,6.09,6.09,6.09,200
ANH,2017-07-21,12:22:00,6.10,6.10,6.10,6.10,700
ANH,2017-07-21,12:23:00,6.09,6.09,6.09,6.09,100
ANH,2017-07-21,12:24:00,6.10,6.10,6.09,6.09,200
ANH,2017-07-21,12:25:00,6.10,6.10,6.10,6.10,400
ANH,2017-07-21,12:26:00,6.10,6.10,6.10,6.10,100
ANH,2017-07-21,12:27:00,6.10,6.10,6.09,6.09,300
ANH,2017-07-21,12:29:00,6.09,6.09,6.09,6.09,12500
ANH,2017-07-21,12:30:00,6.10,6.10,6.09,6.09,2080
ANH,2017-07-21,12:31:00,6.09,6.09,6.09,6.09,545
ANH,2017-07-21,12:32:00,6.09,6.09,6.09,6.09,300
ANH,2017-07-21,12:33:00,6.09,6.09,6.09,6.09,300
ANH,2017-07-21,12:34:00,6.09,6.09,6.09,6.09,200
ANH,2017-07-21,12:35:00,6.09,6.10,6.09,6.10,500
ANH,2017-07-21,12:37:00,6.10,6.10,6.09,6.09,200
ANH,2017-07-21,12:38:00,6.10,6.10,6.10,6.10,491
ANH,2017-07-21,12:41:00,6.10,6.10,6.10,6.10,200
ANH,2017-07-21,12:42:00,6.10,6.10,6.10,6.10,300
ANH,2017-07-21,12:43:00,6.10,6.10,6.09,6.09,500
ANH,2017-07-21,12:44:00,6.09,6.09,6.09,6.09,100
ANH,2017-07-21,12:45:00,6.09,6.09,6.09,6.09,100
ANH,2017-07-21,12:46:00,6.10,6.10,6.09,6.09,2700
ANH,2017-07-21,12:47:00,6.10,6.10,6.10,6.10,100
ANH,2017-07-21,12:49:00,6.09,6.10,6.09,6.10,200
ANH,2017-07-21,12:50:00,6.09,6.09,6.09,6.09,200
ANH,2017-07-21,12:51:00,6.09,6.10,6.09,6.10,400
ANH,2017-07-21,12:52:00,6.09,6.09,6.09,6.09,100
ANH,2017-07-21,12:56:00,6.10,6.10,6.09,6.10,6420
ANH,2017-07-21,12:57:00,6.09,6.09,6.09,6.09,100
ANH,2017-07-21,12:59:00,6.09,6.09,6.09,6.09,100
ANH,2017-07-21,13:00:00,6.09,6.09,6.09,6.09,400
ANH,2017-07-21,13:02:00,6.10,6.10,6.09,6.09,200
ANH,2017-07-21,13:03:00,6.09,6.10,6.09,6.10,1100
ANH,2017-07-21,13:04:00,6.09,6.09,6.09,6.09,100
ANH,2017-07-21,13:05:00,6.09,6.09,6.09,6.09,1100
ANH,2017-07-21,13:06:00,6.09,6.09,6.09,6.09,1500
ANH,2017-07-21,13:07:00,6.09,6.10,6.09,6.09,9380
ANH,2017-07-21,13:08:00,6.09,6.10,6.09,6.09,4800
ANH,2017-07-21,13:09:00,6.09,6.09,6.08,6.08,20039
ANH,2017-07-21,13:10:00,6.08,6.08,6.08,6.08,3795
ANH,2017-07-21,13:11:00,6.08,6.08,6.08,6.08,900
ANH,2017-07-21,13:12:00,6.08,6.08,6.08,6.08,200
ANH,2017-07-21,13:16:00,6.08,6.08,6.08,6.08,100
ANH,2017-07-21,13:17:00,6.08,6.08,6.08,6.08,100
ANH,2017-07-21,13:18:00,6.08,6.09,6.08,6.09,200
ANH,2017-07-21,13:19:00,6.09,6.09,6.09,6.09,100
ANH,2017-07-21,13:21:00,6.08,6.08,6.07,6.07,3485
ANH,2017-07-21,13:22:00,6.07,6.08,6.07,6.08,300
ANH,2017-07-21,13:23:00,6.07,6.08,6.07,6.07,500
ANH,2017-07-21,13:24:00,6.08,6.08,6.07,6.08,11000
ANH,2017-07-21,13:25:00,6.08,6.08,6.08,6.08,100
ANH,2017-07-21,13:27:00,6.08,6.08,6.08,6.08,200
ANH,2017-07-21,13:28:00,6.08,6.08,6.08,6.08,200
ANH,2017-07-21,13:29:00,6.08,6.08,6.07,6.08,1030
ANH,2017-07-21,13:30:00,6.08,6.08,6.08,6.08,200
ANH,2017-07-21,13:31:00,6.08,6.08,6.08,6.08,100
ANH,2017-07-21,13:33:00,6.08,6.08,6.08,6.08,100
ANH,2017-07-21,13:34:00,6.08,6.08,6.08,6.08,200
ANH,2017-07-21,13:35:00,6.08,6.09,6.08,6.09,30939
ANH,2017-07-21,13:36:00,6.08,6.08,6.08,6.08,1200
ANH,2017-07-21,13:37:00,6.08,6.08,6.08,6.08,400
ANH,2017-07-21,13:38:00,6.08,6.09,6.08,6.09,500
ANH,2017-07-21,13:39:00,6.08,6.08,6.08,6.08,100
ANH,2017-07-21,13:40:00,6.09,6.09,6.08,6.08,200
ANH,2017-07-21,13:41:00,6.08,6.09,6.08,6.09,1300
ANH,2017-07-21,13:42:00,6.09,6.09,6.08,6.08,200
ANH,2017-07-21,13:43:00,6.09,6.09,6.09,6.09,300
ANH,2017-07-21,13:44:00,6.09,6.09,6.09,6.09,100
ANH,2017-07-21,13:45:00,6.09,6.09,6.09,6.09,100
ANH,2017-07-21,13:46:00,6.09,6.09,6.09,6.09,200
ANH,2017-07-21,13:47:00,6.09,6.09,6.08,6.08,200
ANH,2017-07-21,13:48:00,6.09,6.09,6.09,6.09,200
ANH,2017-07-21,13:49:00,6.09,6.09,6.09,6.09,200
ANH,2017-07-21,13:50:00,6.09,6.09,6.08,6.08,800
ANH,2017-07-21,13:51:00,6.08,6.08,6.08,6.08,100
ANH,2017-07-21,13:53:00,6.08,6.09,6.08,6.09,1000
ANH,2017-07-21,13:56:00,6.08,6.08,6.08,6.08,100
ANH,2017-07-21,13:57:00,6.09,6.09,6.09,6.09,100
ANH,2017-07-21,13:59:00,6.08,6.08,6.08,6.08,200
ANH,2017-07-21,14:00:00,6.08,6.08,6.08,6.08,200
ANH,2017-07-21,14:01:00,6.08,6.08,6.08,6.08,300
ANH,2017-07-21,14:02:00,6.08,6.09,6.08,6.08,400
ANH,2017-07-21,14:03:00,6.09,6.09,6.08,6.08,1100
ANH,2017-07-21,14:04:00,6.08,6.08,6.07,6.07,12860
ANH,2017-07-21,14:05:00,6.06,6.06,6.06,6.06,200
ANH,2017-07-21,14:07:00,6.06,6.06,6.04,6.04,42699
ANH,2017-07-21,14:08:00,6.05,6.05,6.04,6.05,21026
ANH,2017-07-21,14:09:00,6.05,6.05,6.04,6.04,400
ANH,2017-07-21,14:12:00,6.05,6.05,6.05,6.05,100
ANH,2017-07-21,14:13:00,6.05,6.05,6.05,6.05,300
ANH,2017-07-21,14:14:00,6.05,6.05,6.04,6.05,400
ANH,2017-07-21,14:15:00,6.05,6.05,6.04,6.05,700
ANH,2017-07-21,14:16:00,6.04,6.05,6.04,6.05,700
ANH,2017-07-21,14:17:00,6.05,6.05,6.04,6.05,700
ANH,2017-07-21,14:18:00,6.04,6.05,6.04,6.05,1245
ANH,2017-07-21,14:19:00,6.05,6.05,6.05,6.05,100
ANH,2017-07-21,14:20:00,6.05,6.05,6.04,6.05,600
ANH,2017-07-21,14:21:00,6.05,6.05,6.04,6.05,5190
ANH,2017-07-21,14:22:00,6.04,6.05,6.04,6.04,2850
ANH,2017-07-21,14:23:00,6.05,6.05,6.05,6.05,200
ANH,2017-07-21,14:24:00,6.05,6.05,6.04,6.05,7790
ANH,2017-07-21,14:25:00,6.04,6.05,6.04,6.05,1702
ANH,2017-07-21,14:26:00,6.05,6.05,6.04,6.05,1100
ANH,2017-07-21,14:27:00,6.04,6.05,6.04,6.05,600
ANH,2017-07-21,14:28:00,6.05,6.05,6.05,6.05,100
ANH,2017-07-21,14:29:00,6.05,6.05,6.05,6.05,200
ANH,2017-07-21,14:30:00,6.04,6.04,6.04,6.04,100
ANH,2017-07-21,14:31:00,6.05,6.05,6.04,6.05,800
ANH,2017-07-21,14:32:00,6.05,6.06,6.04,6.06,7500
ANH,2017-07-21,14:33:00,6.06,6.06,6.05,6.05,200
ANH,2017-07-21,14:34:00,6.06,6.06,6.06,6.06,200
ANH,2017-07-21,14:36:00,6.06,6.06,6.06,6.06,500
ANH,2017-07-21,14:37:00,6.05,6.06,6.05,6.05,5400
ANH,2017-07-21,14:38:00,6.06,6.06,6.05,6.06,400
ANH,2017-07-21,14:39:00,6.06,6.06,6.06,6.06,100
ANH,2017-07-21,14:40:00,6.06,6.06,6.06,6.06,100
ANH,2017-07-21,14:43:00,6.06,6.06,6.06,6.06,100
ANH,2017-07-21,14:45:00,6.06,6.06,6.06,6.06,200
ANH,2017-07-21,14:46:00,6.06,6.06,6.06,6.06,100
ANH,2017-07-21,14:47:00,6.05,6.05,6.05,6.05,100
ANH,2017-07-21,14:48:00,6.05,6.06,6.05,6.06,600
ANH,2017-07-21,14:49:00,6.05,6.06,6.05,6.06,500
ANH,2017-07-21,14:50:00,6.05,6.05,6.05,6.05,800
ANH,2017-07-21,14:51:00,6.05,6.05,6.05,6.05,200
ANH,2017-07-21,14:52:00,6.06,6.06,6.05,6.05,1000
ANH,2017-07-21,14:53:00,6.06,6.06,6.05,6.05,3500
ANH,2017-07-21,14:54:00,6.06,6.06,6.05,6.05,800
ANH,2017-07-21,14:55:00,6.06,6.06,6.06,6.06,300
ANH,2017-07-21,14:56:00,6.05,6.06,6.05,6.06,200
ANH,2017-07-21,14:57:00,6.06,6.06,6.06,6.06,100
ANH,2017-07-21,14:58:00,6.06,6.06,6.06,6.06,3442
ANH,2017-07-21,14:59:00,6.07,6.07,6.05,6.05,35289
ANH,2017-07-21,15:00:00,6.05,6.05,6.04,6.05,9601
ANH,2017-07-21,15:01:00,6.05,6.05,6.05,6.05,5495
ANH,2017-07-21,15:02:00,6.05,6.05,6.04,6.04,4190
ANH,2017-07-21,15:03:00,6.04,6.04,6.03,6.04,10400
ANH,2017-07-21,15:04:00,6.04,6.04,6.04,6.04,1400
ANH,2017-07-21,15:05:00,6.04,6.04,6.04,6.04,1300
ANH,2017-07-21,15:06:00,6.04,6.04,6.04,6.04,400
ANH,2017-07-21,15:08:00,6.04,6.04,6.04,6.04,900
ANH,2017-07-21,15:10:00,6.04,6.05,6.04,6.05,6500
ANH,2017-07-21,15:11:00,6.05,6.05,6.05,6.05,400
ANH,2017-07-21,15:12:00,6.05,6.05,6.05,6.05,300
ANH,2017-07-21,15:13:00,6.05,6.05,6.05,6.05,100
ANH,2017-07-21,15:14:00,6.06,6.06,6.06,6.06,100
ANH,2017-07-21,15:16:00,6.05,6.05,6.05,6.05,900
ANH,2017-07-21,15:18:00,6.06,6.06,6.05,6.05,300
ANH,2017-07-21,15:19:00,6.06,6.06,6.06,6.06,100
ANH,2017-07-21,15:22:00,6.06,6.06,6.05,6.05,500
ANH,2017-07-21,15:23:00,6.05,6.07,6.05,6.07,9929
ANH,2017-07-21,15:24:00,6.07,6.07,6.07,6.07,600
ANH,2017-07-21,15:25:00,6.07,6.07,6.07,6.07,200
ANH,2017-07-21,15:26:00,6.07,6.07,6.06,6.07,1030
ANH,2017-07-21,15:27:00,6.07,6.07,6.06,6.07,600
ANH,2017-07-21,15:28:00,6.06,6.06,6.06,6.06,200
ANH,2017-07-21,15:29:00,6.07,6.07,6.07,6.07,200
ANH,2017-07-21,15:30:00,6.07,6.07,6.07,6.07,100
ANH,2017-07-21,15:31:00,6.07,6.07,6.07,6.07,400
ANH,2017-07-21,15:32:00,6.07,6.07,6.06,6.07,800
ANH,2017-07-21,15:33:00,6.07,6.07,6.07,6.07,200
ANH,2017-07-21,15:34:00,6.07,6.07,6.06,6.07,900
ANH,2017-07-21,15:36:00,6.07,6.07,6.07,6.07,500
ANH,2017-07-21,15:37:00,6.07,6.07,6.07,6.07,100
ANH,2017-07-21,15:38:00,6.07,6.07,6.06,6.06,600
ANH,2017-07-21,15:39:00,6.07,6.07,6.07,6.07,200
ANH,2017-07-21,15:40:00,6.07,6.07,6.07,6.07,400
ANH,2017-07-21,15:41:00,6.07,6.07,6.06,6.07,800
ANH,2017-07-21,15:42:00,6.07,6.07,6.06,6.07,1100
ANH,2017-07-21,15:43:00,6.07,6.07,6.07,6.07,500
ANH,2017-07-21,15:44:00,6.07,6.07,6.07,6.07,400
ANH,2017-07-21,15:45:00,6.06,6.07,6.06,6.07,1400
ANH,2017-07-21,15:46:00,6.07,6.07,6.07,6.07,200
ANH,2017-07-21,15:47:00,6.07,6.07,6.06,6.07,1500
ANH,2017-07-21,15:48:00,6.07,6.07,6.07,6.07,100
ANH,2017-07-21,15:49:00,6.07,6.07,6.07,6.07,600
ANH,2017-07-21,15:50:00,6.06,6.08,6.06,6.07,14491
ANH,2017-07-21,15:51:00,6.08,6.08,6.08,6.08,800
ANH,2017-07-21,15:52:00,6.08,6.08,6.07,6.08,6221
ANH,2017-07-21,15:53:00,6.08,6.08,6.07,6.08,5400
ANH,2017-07-21,15:54:00,6.08,6.08,6.08,6.08,2100
ANH,2017-07-21,15:55:00,6.08,6.08,6.08,6.08,7200
ANH,2017-07-21,15:56:00,6.08,6.08,6.08,6.08,4100
ANH,2017-07-21,15:57:00,6.08,6.08,6.08,6.08,4783
ANH,2017-07-21,15:58:00,6.08,6.08,6.08,6.08,4600
ANH,2017-07-21,15:59:00,6.08,6.08,6.07,6.08,7669
ANH,2017-07-21,16:00:00,6.08,6.08,6.07,6.08,25010
