BSFT,2017-07-18,09:30:00,42.55,42.55,42.55,42.55,2976
BSFT,2017-07-18,09:31:00,42.20,42.20,42.20,42.20,100
BSFT,2017-07-18,09:33:00,42.70,42.70,42.65,42.65,540
BSFT,2017-07-18,09:34:00,42.50,42.50,42.50,42.50,100
BSFT,2017-07-18,09:37:00,42.40,42.50,42.40,42.50,1100
BSFT,2017-07-18,09:40:00,42.55,42.55,42.55,42.55,300
BSFT,2017-07-18,09:42:00,42.58,42.58,42.58,42.58,100
BSFT,2017-07-18,09:46:00,42.52,42.60,42.50,42.55,2852
BSFT,2017-07-18,09:47:00,42.50,42.50,42.50,42.50,720
BSFT,2017-07-18,09:51:00,42.52,42.52,42.52,42.52,926
BSFT,2017-07-18,09:54:00,42.48,42.48,42.48,42.48,1094
BSFT,2017-07-18,09:57:00,42.50,42.52,42.50,42.52,200
BSFT,2017-07-18,09:58:00,42.50,42.50,42.50,42.50,175
BSFT,2017-07-18,09:59:00,42.50,42.50,42.50,42.50,100
BSFT,2017-07-18,10:00:00,42.48,42.48,42.45,42.45,600
BSFT,2017-07-18,10:04:00,42.35,42.35,42.35,42.35,1220
BSFT,2017-07-18,10:05:00,42.35,42.35,42.35,42.35,100
BSFT,2017-07-18,10:06:00,42.30,42.30,42.30,42.30,100
BSFT,2017-07-18,10:07:00,42.25,42.25,42.25,42.25,300
BSFT,2017-07-18,10:13:00,42.30,42.30,42.30,42.30,100
BSFT,2017-07-18,10:14:00,42.30,42.30,42.30,42.30,100
BSFT,2017-07-18,10:17:00,42.30,42.30,42.25,42.30,600
BSFT,2017-07-18,10:20:00,42.20,42.30,42.20,42.30,2800
BSFT,2017-07-18,10:21:00,42.25,42.25,42.20,42.25,1600
BSFT,2017-07-18,10:22:00,42.30,42.35,42.30,42.30,2700
BSFT,2017-07-18,10:28:00,42.30,42.30,42.25,42.25,800
BSFT,2017-07-18,10:29:00,42.20,42.20,42.20,42.20,100
BSFT,2017-07-18,10:30:00,42.25,42.30,42.25,42.30,300
BSFT,2017-07-18,10:31:00,42.25,42.25,42.25,42.25,500
BSFT,2017-07-18,10:32:00,42.20,42.20,42.20,42.20,100
BSFT,2017-07-18,10:33:00,42.20,42.20,42.10,42.10,800
BSFT,2017-07-18,10:34:00,42.05,42.05,42.05,42.05,100
BSFT,2017-07-18,10:35:00,42.05,42.05,42.05,42.05,100
BSFT,2017-07-18,10:37:00,42.05,42.15,42.05,42.15,13200
BSFT,2017-07-18,10:38:00,42.15,42.20,42.15,42.20,1200
BSFT,2017-07-18,10:40:00,42.25,42.25,42.25,42.25,100
BSFT,2017-07-18,10:41:00,42.23,42.23,42.15,42.20,1100
BSFT,2017-07-18,10:43:00,42.15,42.20,42.15,42.20,4000
BSFT,2017-07-18,10:45:00,42.25,42.25,42.20,42.20,700
BSFT,2017-07-18,10:46:00,42.25,42.25,42.15,42.15,200
BSFT,2017-07-18,10:47:00,42.15,42.15,42.15,42.15,200
BSFT,2017-07-18,10:48:00,42.20,42.20,42.20,42.20,2300
BSFT,2017-07-18,10:49:00,42.25,42.25,42.20,42.25,10400
BSFT,2017-07-18,10:50:00,42.23,42.25,42.23,42.25,2600
BSFT,2017-07-18,10:51:00,42.30,42.30,42.30,42.30,800
BSFT,2017-07-18,10:56:00,42.35,42.38,42.35,42.35,1704
BSFT,2017-07-18,10:57:00,42.35,42.35,42.35,42.35,1000
BSFT,2017-07-18,10:58:00,42.35,42.35,42.35,42.35,200
BSFT,2017-07-18,10:59:00,42.30,42.30,42.30,42.30,200
BSFT,2017-07-18,11:00:00,42.35,42.35,42.30,42.30,1875
BSFT,2017-07-18,11:02:00,42.30,42.30,42.25,42.25,212
BSFT,2017-07-18,11:04:00,42.30,42.30,42.30,42.30,1500
BSFT,2017-07-18,11:05:00,42.25,42.25,42.25,42.25,300
BSFT,2017-07-18,11:10:00,42.20,42.20,42.20,42.20,1900
BSFT,2017-07-18,11:11:00,42.20,42.20,42.20,42.20,100
BSFT,2017-07-18,11:12:00,42.15,42.15,42.15,42.15,500
BSFT,2017-07-18,11:13:00,42.15,42.15,42.12,42.12,2000
BSFT,2017-07-18,11:14:00,42.15,42.15,42.15,42.15,221
BSFT,2017-07-18,11:15:00,42.12,42.12,42.10,42.12,3800
BSFT,2017-07-18,11:17:00,42.10,42.12,42.10,42.12,6500
BSFT,2017-07-18,11:18:00,42.15,42.20,42.15,42.15,3110
BSFT,2017-07-18,11:19:00,42.15,42.15,42.15,42.15,200
BSFT,2017-07-18,11:20:00,42.15,42.15,42.15,42.15,200
BSFT,2017-07-18,11:21:00,42.15,42.15,42.15,42.15,200
BSFT,2017-07-18,11:22:00,42.15,42.15,42.15,42.15,100
BSFT,2017-07-18,11:23:00,42.20,42.20,42.20,42.20,700
BSFT,2017-07-18,11:28:00,42.16,42.16,42.16,42.16,170
BSFT,2017-07-18,11:30:00,42.15,42.15,42.15,42.15,300
BSFT,2017-07-18,11:31:00,42.15,42.20,42.15,42.20,3300
BSFT,2017-07-18,11:32:00,42.23,42.23,42.23,42.23,100
BSFT,2017-07-18,11:33:00,42.25,42.30,42.25,42.25,1300
BSFT,2017-07-18,11:34:00,42.25,42.25,42.25,42.25,100
BSFT,2017-07-18,11:36:00,42.30,42.30,42.25,42.25,200
BSFT,2017-07-18,11:38:00,42.25,42.25,42.25,42.25,200
BSFT,2017-07-18,11:39:00,42.25,42.25,42.25,42.25,200
BSFT,2017-07-18,11:40:00,42.30,42.30,42.30,42.30,100
BSFT,2017-07-18,11:44:00,42.30,42.30,42.30,42.30,1600
BSFT,2017-07-18,11:45:00,42.27,42.30,42.25,42.30,800
BSFT,2017-07-18,11:47:00,42.23,42.25,42.23,42.25,200
BSFT,2017-07-18,11:48:00,42.23,42.23,42.23,42.23,100
BSFT,2017-07-18,11:50:00,42.23,42.30,42.23,42.30,1200
BSFT,2017-07-18,11:51:00,42.27,42.27,42.25,42.25,500
BSFT,2017-07-18,11:52:00,42.23,42.23,42.23,42.23,400
BSFT,2017-07-18,11:53:00,42.20,42.20,42.20,42.20,200
BSFT,2017-07-18,11:54:00,42.17,42.23,42.17,42.23,1699
BSFT,2017-07-18,11:55:00,42.23,42.23,42.23,42.23,100
BSFT,2017-07-18,11:56:00,42.20,42.20,42.20,42.20,876
BSFT,2017-07-18,11:57:00,42.17,42.17,42.17,42.17,100
BSFT,2017-07-18,11:58:00,42.15,42.15,42.15,42.15,200
BSFT,2017-07-18,11:59:00,42.17,42.20,42.17,42.20,900
BSFT,2017-07-18,12:00:00,42.20,42.20,42.20,42.20,1406
BSFT,2017-07-18,12:02:00,42.20,42.20,42.20,42.20,200
BSFT,2017-07-18,12:03:00,42.20,42.20,42.20,42.20,1100
BSFT,2017-07-18,12:04:00,42.20,42.20,42.20,42.20,100
BSFT,2017-07-18,12:05:00,42.25,42.30,42.25,42.30,1000
BSFT,2017-07-18,12:07:00,42.35,42.35,42.35,42.35,400
BSFT,2017-07-18,12:08:00,42.35,42.35,42.35,42.35,100
BSFT,2017-07-18,12:10:00,42.40,42.40,42.40,42.40,200
BSFT,2017-07-18,12:12:00,42.38,42.38,42.38,42.38,100
BSFT,2017-07-18,12:13:00,42.35,42.35,42.35,42.35,400
BSFT,2017-07-18,12:14:00,42.30,42.30,42.30,42.30,400
BSFT,2017-07-18,12:16:00,42.30,42.30,42.30,42.30,100
BSFT,2017-07-18,12:17:00,42.33,42.33,42.33,42.33,100
BSFT,2017-07-18,12:19:00,42.30,42.30,42.27,42.30,900
BSFT,2017-07-18,12:20:00,42.35,42.35,42.35,42.35,100
BSFT,2017-07-18,12:21:00,42.30,42.30,42.30,42.30,100
BSFT,2017-07-18,12:22:00,42.30,42.30,42.30,42.30,400
BSFT,2017-07-18,12:23:00,42.30,42.30,42.30,42.30,500
BSFT,2017-07-18,12:26:00,42.35,42.35,42.35,42.35,800
BSFT,2017-07-18,12:27:00,42.35,42.35,42.35,42.35,900
BSFT,2017-07-18,12:30:00,42.35,42.35,42.35,42.35,500
BSFT,2017-07-18,12:32:00,42.30,42.30,42.30,42.30,1397
BSFT,2017-07-18,12:33:00,42.30,42.30,42.30,42.30,200
BSFT,2017-07-18,12:34:00,42.30,42.30,42.30,42.30,300
BSFT,2017-07-18,12:36:00,42.30,42.30,42.30,42.30,100
BSFT,2017-07-18,12:38:00,42.30,42.30,42.30,42.30,700
BSFT,2017-07-18,12:40:00,42.30,42.30,42.25,42.25,500
BSFT,2017-07-18,12:41:00,42.30,42.30,42.30,42.30,100
BSFT,2017-07-18,12:42:00,42.27,42.27,42.27,42.27,100
BSFT,2017-07-18,12:44:00,42.25,42.25,42.25,42.25,100
BSFT,2017-07-18,12:45:00,42.25,42.25,42.25,42.25,400
BSFT,2017-07-18,12:50:00,42.30,42.30,42.30,42.30,100
BSFT,2017-07-18,12:53:00,42.20,42.20,42.20,42.20,900
BSFT,2017-07-18,12:54:00,42.15,42.20,42.15,42.20,300
BSFT,2017-07-18,12:55:00,42.15,42.15,42.13,42.13,225
BSFT,2017-07-18,12:56:00,42.15,42.15,42.15,42.15,200
BSFT,2017-07-18,12:57:00,42.10,42.15,42.10,42.15,300
BSFT,2017-07-18,12:58:00,42.17,42.17,42.15,42.15,700
BSFT,2017-07-18,12:59:00,42.17,42.17,42.17,42.17,100
BSFT,2017-07-18,13:00:00,42.20,42.20,42.20,42.20,100
BSFT,2017-07-18,13:01:00,42.20,42.20,42.20,42.20,1200
BSFT,2017-07-18,13:02:00,42.20,42.25,42.20,42.20,1710
BSFT,2017-07-18,13:04:00,42.20,42.20,42.20,42.20,200
BSFT,2017-07-18,13:06:00,42.20,42.20,42.20,42.20,100
BSFT,2017-07-18,13:11:00,42.20,42.20,42.20,42.20,600
BSFT,2017-07-18,13:13:00,42.25,42.25,42.25,42.25,100
BSFT,2017-07-18,13:19:00,42.25,42.25,42.20,42.20,1500
BSFT,2017-07-18,13:21:00,42.27,42.27,42.27,42.27,100
BSFT,2017-07-18,13:24:00,42.25,42.25,42.25,42.25,100
BSFT,2017-07-18,13:25:00,42.25,42.25,42.25,42.25,100
BSFT,2017-07-18,13:26:00,42.20,42.20,42.20,42.20,300
BSFT,2017-07-18,13:27:00,42.20,42.20,42.15,42.15,600
BSFT,2017-07-18,13:28:00,42.15,42.20,42.15,42.20,400
BSFT,2017-07-18,13:29:00,42.20,42.20,42.20,42.20,300
BSFT,2017-07-18,13:30:00,42.20,42.20,42.20,42.20,100
BSFT,2017-07-18,13:31:00,42.20,42.20,42.20,42.20,100
BSFT,2017-07-18,13:33:00,42.23,42.23,42.23,42.23,700
BSFT,2017-07-18,13:34:00,42.25,42.30,42.25,42.25,1200
BSFT,2017-07-18,13:37:00,42.25,42.25,42.25,42.25,200
BSFT,2017-07-18,13:38:00,42.25,42.25,42.25,42.25,600
BSFT,2017-07-18,13:40:00,42.25,42.25,42.25,42.25,500
BSFT,2017-07-18,13:41:00,42.25,42.25,42.25,42.25,100
BSFT,2017-07-18,13:43:00,42.30,42.30,42.30,42.30,600
BSFT,2017-07-18,13:44:00,42.35,42.35,42.30,42.30,400
BSFT,2017-07-18,13:46:00,42.30,42.30,42.30,42.30,100
BSFT,2017-07-18,13:48:00,42.35,42.35,42.30,42.30,900
BSFT,2017-07-18,13:49:00,42.30,42.30,42.27,42.27,200
BSFT,2017-07-18,13:50:00,42.25,42.25,42.25,42.25,500
BSFT,2017-07-18,13:51:00,42.25,42.25,42.25,42.25,100
BSFT,2017-07-18,13:53:00,42.25,42.25,42.25,42.25,900
BSFT,2017-07-18,13:57:00,42.20,42.20,42.20,42.20,1100
BSFT,2017-07-18,13:58:00,42.20,42.20,42.20,42.20,400
BSFT,2017-07-18,14:01:00,42.23,42.23,42.23,42.23,300
BSFT,2017-07-18,14:02:00,42.20,42.20,42.20,42.20,100
BSFT,2017-07-18,14:03:00,42.23,42.23,42.20,42.20,200
BSFT,2017-07-18,14:04:00,42.20,42.20,42.20,42.20,100
BSFT,2017-07-18,14:05:00,42.24,42.24,42.24,42.24,134
BSFT,2017-07-18,14:07:00,42.20,42.20,42.20,42.20,300
BSFT,2017-07-18,14:08:00,42.17,42.17,42.17,42.17,100
BSFT,2017-07-18,14:09:00,42.20,42.20,42.20,42.20,2500
BSFT,2017-07-18,14:12:00,42.17,42.17,42.17,42.17,100
BSFT,2017-07-18,14:13:00,42.17,42.17,42.15,42.15,1100
BSFT,2017-07-18,14:14:00,42.15,42.15,42.15,42.15,200
BSFT,2017-07-18,14:15:00,42.15,42.15,42.15,42.15,800
BSFT,2017-07-18,14:18:00,42.15,42.15,42.15,42.15,100
BSFT,2017-07-18,14:21:00,42.20,42.20,42.17,42.17,700
BSFT,2017-07-18,14:23:00,42.17,42.20,42.15,42.20,3395
BSFT,2017-07-18,14:24:00,42.20,42.20,42.20,42.20,1195
BSFT,2017-07-18,14:26:00,42.20,42.20,42.20,42.20,700
BSFT,2017-07-18,14:29:00,42.20,42.25,42.20,42.20,500
BSFT,2017-07-18,14:31:00,42.20,42.20,42.20,42.20,100
BSFT,2017-07-18,14:32:00,42.20,42.20,42.20,42.20,100
BSFT,2017-07-18,14:33:00,42.20,42.20,42.20,42.20,100
BSFT,2017-07-18,14:34:00,42.20,42.20,42.20,42.20,100
BSFT,2017-07-18,14:35:00,42.22,42.23,42.22,42.23,273
BSFT,2017-07-18,14:36:00,42.23,42.25,42.23,42.25,1561
BSFT,2017-07-18,14:40:00,42.25,42.25,42.25,42.25,223
BSFT,2017-07-18,14:45:00,42.23,42.23,42.23,42.23,200
BSFT,2017-07-18,14:46:00,42.23,42.23,42.23,42.23,200
BSFT,2017-07-18,14:47:00,42.25,42.25,42.23,42.23,1886
BSFT,2017-07-18,14:48:00,42.20,42.20,42.20,42.20,1000
BSFT,2017-07-18,14:50:00,42.20,42.23,42.20,42.23,200
BSFT,2017-07-18,14:53:00,42.20,42.23,42.20,42.20,600
BSFT,2017-07-18,14:54:00,42.20,42.20,42.20,42.20,900
BSFT,2017-07-18,14:58:00,42.20,42.23,42.20,42.23,400
BSFT,2017-07-18,15:00:00,42.15,42.17,42.15,42.17,200
BSFT,2017-07-18,15:02:00,42.17,42.17,42.17,42.17,400
BSFT,2017-07-18,15:03:00,42.20,42.20,42.17,42.20,2100
BSFT,2017-07-18,15:04:00,42.20,42.20,42.20,42.20,100
BSFT,2017-07-18,15:05:00,42.20,42.20,42.20,42.20,973
BSFT,2017-07-18,15:06:00,42.20,42.23,42.20,42.23,400
BSFT,2017-07-18,15:08:00,42.20,42.25,42.20,42.25,4900
BSFT,2017-07-18,15:09:00,42.30,42.30,42.27,42.27,200
BSFT,2017-07-18,15:11:00,42.25,42.25,42.25,42.25,500
BSFT,2017-07-18,15:13:00,42.30,42.30,42.30,42.30,100
BSFT,2017-07-18,15:14:00,42.30,42.30,42.30,42.30,100
BSFT,2017-07-18,15:15:00,42.30,42.30,42.30,42.30,100
BSFT,2017-07-18,15:16:00,42.27,42.27,42.27,42.27,100
BSFT,2017-07-18,15:17:00,42.30,42.30,42.27,42.27,200
BSFT,2017-07-18,15:18:00,42.30,42.30,42.30,42.30,100
BSFT,2017-07-18,15:19:00,42.27,42.30,42.27,42.30,1300
BSFT,2017-07-18,15:20:00,42.30,42.30,42.30,42.30,100
BSFT,2017-07-18,15:25:00,42.33,42.33,42.33,42.33,100
BSFT,2017-07-18,15:26:00,42.35,42.35,42.35,42.35,600
BSFT,2017-07-18,15:27:00,42.33,42.33,42.33,42.33,200
BSFT,2017-07-18,15:29:00,42.35,42.35,42.30,42.30,3103
BSFT,2017-07-18,15:33:00,42.30,42.30,42.25,42.30,700
BSFT,2017-07-18,15:34:00,42.25,42.25,42.25,42.25,100
BSFT,2017-07-18,15:35:00,42.30,42.30,42.30,42.30,100
BSFT,2017-07-18,15:36:00,42.27,42.30,42.27,42.30,500
BSFT,2017-07-18,15:37:00,42.30,42.35,42.30,42.35,2731
BSFT,2017-07-18,15:38:00,42.35,42.40,42.35,42.40,900
BSFT,2017-07-18,15:39:00,42.38,42.40,42.38,42.40,2000
BSFT,2017-07-18,15:40:00,42.40,42.45,42.40,42.45,1600
BSFT,2017-07-18,15:41:00,42.45,42.45,42.42,42.42,400
BSFT,2017-07-18,15:42:00,42.45,42.50,42.45,42.48,2800
BSFT,2017-07-18,15:43:00,42.48,42.48,42.48,42.48,100
BSFT,2017-07-18,15:44:00,42.50,42.50,42.50,42.50,400
BSFT,2017-07-18,15:45:00,42.50,42.55,42.50,42.55,8493
BSFT,2017-07-18,15:46:00,42.55,42.58,42.55,42.55,1700
BSFT,2017-07-18,15:47:00,42.55,42.55,42.50,42.55,500
BSFT,2017-07-18,15:48:00,42.55,42.55,42.50,42.52,800
BSFT,2017-07-18,15:49:00,42.52,42.55,42.50,42.50,500
BSFT,2017-07-18,15:50:00,42.55,42.60,42.52,42.60,3500
BSFT,2017-07-18,15:51:00,42.60,42.62,42.58,42.60,4501
BSFT,2017-07-18,15:52:00,42.60,42.65,42.58,42.62,4006
BSFT,2017-07-18,15:53:00,42.65,42.65,42.62,42.62,2793
BSFT,2017-07-18,15:54:00,42.65,42.65,42.62,42.62,500
BSFT,2017-07-18,15:55:00,42.65,42.70,42.65,42.70,5573
BSFT,2017-07-18,15:56:00,42.70,42.75,42.65,42.67,10792
BSFT,2017-07-18,15:57:00,42.65,42.65,42.65,42.65,100
BSFT,2017-07-18,15:58:00,42.65,42.65,42.62,42.65,1884
BSFT,2017-07-18,15:59:00,42.65,42.65,42.62,42.65,2253
BSFT,2017-07-18,16:00:00,42.65,42.70,42.65,42.70,35181
BSFT,2017-07-19,09:30:00,42.70,42.70,42.70,42.70,678
BSFT,2017-07-19,09:34:00,42.70,42.75,42.70,42.70,1300
BSFT,2017-07-19,09:37:00,42.70,42.75,42.70,42.70,2960
BSFT,2017-07-19,09:38:00,42.70,42.70,42.70,42.70,200
BSFT,2017-07-19,09:39:00,42.70,42.70,42.70,42.70,300
BSFT,2017-07-19,09:41:00,42.75,42.75,42.75,42.75,900
BSFT,2017-07-19,09:42:00,42.77,42.85,42.77,42.85,1743
BSFT,2017-07-19,09:43:00,42.85,42.95,42.85,42.95,600
BSFT,2017-07-19,09:52:00,42.85,42.85,42.85,42.85,2542
BSFT,2017-07-19,09:54:00,42.85,42.85,42.85,42.85,100
BSFT,2017-07-19,09:58:00,42.85,42.85,42.85,42.85,100
BSFT,2017-07-19,10:00:00,42.90,42.90,42.90,42.90,1500
BSFT,2017-07-19,10:01:00,42.90,42.90,42.85,42.90,3156
BSFT,2017-07-19,10:02:00,42.85,42.90,42.80,42.90,2500
BSFT,2017-07-19,10:03:00,43.00,43.00,42.95,43.00,1060
BSFT,2017-07-19,10:07:00,42.95,42.95,42.95,42.95,200
BSFT,2017-07-19,10:20:00,42.95,43.00,42.95,43.00,1856
BSFT,2017-07-19,10:22:00,42.95,42.95,42.95,42.95,100
BSFT,2017-07-19,10:24:00,43.00,43.00,43.00,43.00,100
BSFT,2017-07-19,10:25:00,42.99,43.00,42.99,43.00,500
BSFT,2017-07-19,10:26:00,42.95,43.20,42.95,43.20,4480
BSFT,2017-07-19,10:28:00,43.15,43.15,43.15,43.15,316
BSFT,2017-07-19,10:29:00,43.10,43.12,43.10,43.12,200
BSFT,2017-07-19,10:30:00,43.15,43.20,43.15,43.20,1200
BSFT,2017-07-19,10:33:00,43.15,43.15,43.15,43.15,100
BSFT,2017-07-19,10:34:00,43.15,43.15,43.10,43.15,1172
BSFT,2017-07-19,10:35:00,43.15,43.20,43.15,43.20,2271
BSFT,2017-07-19,10:45:00,43.25,43.25,43.25,43.25,100
BSFT,2017-07-19,10:51:00,43.15,43.20,43.15,43.20,300
BSFT,2017-07-19,10:52:00,43.17,43.20,43.17,43.20,300
BSFT,2017-07-19,10:53:00,43.17,43.17,43.17,43.17,100
BSFT,2017-07-19,10:55:00,43.17,43.17,43.15,43.15,1150
BSFT,2017-07-19,10:56:00,43.15,43.25,43.15,43.25,1000
BSFT,2017-07-19,10:57:00,43.20,43.25,43.20,43.25,1000
BSFT,2017-07-19,10:58:00,43.25,43.35,43.25,43.35,3370
BSFT,2017-07-19,11:02:00,43.35,43.35,43.35,43.35,900
BSFT,2017-07-19,11:06:00,43.35,43.35,43.35,43.35,100
BSFT,2017-07-19,11:07:00,43.35,43.38,43.35,43.38,300
BSFT,2017-07-19,11:11:00,43.40,43.42,43.40,43.42,700
BSFT,2017-07-19,11:12:00,43.45,43.45,43.45,43.45,500
BSFT,2017-07-19,11:17:00,43.45,43.45,43.42,43.42,200
BSFT,2017-07-19,11:19:00,43.42,43.42,43.42,43.42,100
BSFT,2017-07-19,11:20:00,43.45,43.45,43.45,43.45,300
BSFT,2017-07-19,11:21:00,43.45,43.45,43.42,43.42,2000
BSFT,2017-07-19,11:22:00,43.40,43.42,43.38,43.38,1114
BSFT,2017-07-19,11:24:00,43.40,43.40,43.40,43.40,200
BSFT,2017-07-19,11:27:00,43.40,43.40,43.40,43.40,100
BSFT,2017-07-19,11:28:00,43.35,43.35,43.35,43.35,761
BSFT,2017-07-19,11:30:00,43.40,43.40,43.40,43.40,100
BSFT,2017-07-19,11:34:00,43.35,43.35,43.35,43.35,700
BSFT,2017-07-19,11:35:00,43.38,43.40,43.38,43.38,2600
BSFT,2017-07-19,11:36:00,43.38,43.42,43.38,43.40,3100
BSFT,2017-07-19,11:37:00,43.40,43.40,43.38,43.40,1590
BSFT,2017-07-19,11:38:00,43.38,43.38,43.38,43.38,412
BSFT,2017-07-19,11:40:00,43.35,43.38,43.35,43.35,2693
BSFT,2017-07-19,11:41:00,43.35,43.35,43.35,43.35,600
BSFT,2017-07-19,11:42:00,43.35,43.35,43.35,43.35,300
BSFT,2017-07-19,11:43:00,43.35,43.40,43.35,43.38,2800
BSFT,2017-07-19,11:44:00,43.35,43.35,43.35,43.35,300
BSFT,2017-07-19,11:48:00,43.35,43.35,43.30,43.30,400
BSFT,2017-07-19,11:50:00,43.33,43.33,43.33,43.33,100
BSFT,2017-07-19,11:51:00,43.35,43.35,43.35,43.35,600
BSFT,2017-07-19,11:57:00,43.40,43.40,43.38,43.38,400
BSFT,2017-07-19,11:59:00,43.38,43.40,43.38,43.38,300
BSFT,2017-07-19,12:00:00,43.38,43.40,43.38,43.38,3924
BSFT,2017-07-19,12:01:00,43.40,43.40,43.35,43.35,1810
BSFT,2017-07-19,12:03:00,43.33,43.33,43.30,43.30,1080
BSFT,2017-07-19,12:04:00,43.30,43.30,43.30,43.30,700
BSFT,2017-07-19,12:06:00,43.35,43.40,43.35,43.40,1200
BSFT,2017-07-19,12:07:00,43.38,43.38,43.38,43.38,400
BSFT,2017-07-19,12:11:00,43.35,43.35,43.35,43.35,664
BSFT,2017-07-19,12:13:00,43.33,43.33,43.30,43.30,1600
BSFT,2017-07-19,12:14:00,43.30,43.30,43.30,43.30,700
BSFT,2017-07-19,12:16:00,43.35,43.35,43.33,43.33,1000
BSFT,2017-07-19,12:18:00,43.30,43.30,43.30,43.30,400
BSFT,2017-07-19,12:21:00,43.25,43.25,43.25,43.25,200
BSFT,2017-07-19,12:23:00,43.20,43.20,43.20,43.20,300
BSFT,2017-07-19,12:24:00,43.20,43.20,43.20,43.20,200
BSFT,2017-07-19,12:25:00,43.15,43.15,43.15,43.15,100
BSFT,2017-07-19,12:28:00,43.15,43.15,43.15,43.15,600
BSFT,2017-07-19,12:29:00,43.14,43.14,43.14,43.14,208
BSFT,2017-07-19,12:33:00,43.10,43.15,43.10,43.15,200
BSFT,2017-07-19,12:35:00,43.15,43.15,43.15,43.15,100
BSFT,2017-07-19,12:36:00,43.20,43.20,43.20,43.20,100
BSFT,2017-07-19,12:38:00,43.20,43.27,43.20,43.27,1700
BSFT,2017-07-19,12:41:00,43.30,43.30,43.30,43.30,100
BSFT,2017-07-19,12:42:00,43.30,43.30,43.30,43.30,100
BSFT,2017-07-19,12:43:00,43.27,43.27,43.27,43.27,100
BSFT,2017-07-19,12:45:00,43.27,43.30,43.27,43.27,998
BSFT,2017-07-19,12:46:00,43.30,43.30,43.27,43.27,600
BSFT,2017-07-19,12:47:00,43.25,43.27,43.25,43.27,1100
BSFT,2017-07-19,12:49:00,43.25,43.25,43.25,43.25,500
BSFT,2017-07-19,12:51:00,43.30,43.30,43.30,43.30,300
BSFT,2017-07-19,12:53:00,43.27,43.27,43.27,43.27,200
BSFT,2017-07-19,12:55:00,43.30,43.30,43.30,43.30,100
BSFT,2017-07-19,12:58:00,43.30,43.30,43.30,43.30,100
BSFT,2017-07-19,13:00:00,43.30,43.30,43.30,43.30,200
BSFT,2017-07-19,13:02:00,43.30,43.30,43.27,43.27,200
BSFT,2017-07-19,13:03:00,43.30,43.30,43.30,43.30,500
BSFT,2017-07-19,13:04:00,43.33,43.33,43.33,43.33,200
BSFT,2017-07-19,13:05:00,43.33,43.33,43.33,43.33,600
BSFT,2017-07-19,13:06:00,43.33,43.33,43.33,43.33,200
BSFT,2017-07-19,13:07:00,43.33,43.33,43.33,43.33,200
BSFT,2017-07-19,13:08:00,43.33,43.33,43.33,43.33,100
BSFT,2017-07-19,13:09:00,43.33,43.33,43.33,43.33,200
BSFT,2017-07-19,13:10:00,43.33,43.33,43.33,43.33,300
BSFT,2017-07-19,13:11:00,43.33,43.33,43.33,43.33,100
BSFT,2017-07-19,13:12:00,43.35,43.38,43.35,43.35,1200
BSFT,2017-07-19,13:13:00,43.38,43.38,43.35,43.35,900
BSFT,2017-07-19,13:14:00,43.33,43.33,43.33,43.33,300
BSFT,2017-07-19,13:15:00,43.33,43.33,43.30,43.30,600
BSFT,2017-07-19,13:18:00,43.30,43.33,43.27,43.33,1600
BSFT,2017-07-19,13:19:00,43.33,43.33,43.30,43.30,900
BSFT,2017-07-19,13:20:00,43.25,43.30,43.25,43.30,301
BSFT,2017-07-19,13:21:00,43.30,43.30,43.30,43.30,100
BSFT,2017-07-19,13:23:00,43.30,43.30,43.30,43.30,100
BSFT,2017-07-19,13:24:00,43.30,43.33,43.30,43.33,600
BSFT,2017-07-19,13:25:00,43.33,43.33,43.30,43.30,400
BSFT,2017-07-19,13:26:00,43.33,43.33,43.33,43.33,100
BSFT,2017-07-19,13:27:00,43.33,43.33,43.33,43.33,100
BSFT,2017-07-19,13:28:00,43.33,43.33,43.33,43.33,100
BSFT,2017-07-19,13:29:00,43.33,43.35,43.33,43.35,300
BSFT,2017-07-19,13:30:00,43.33,43.33,43.33,43.33,100
BSFT,2017-07-19,13:31:00,43.33,43.33,43.33,43.33,200
BSFT,2017-07-19,13:32:00,43.33,43.33,43.33,43.33,200
BSFT,2017-07-19,13:33:00,43.33,43.33,43.33,43.33,100
BSFT,2017-07-19,13:34:00,43.33,43.35,43.33,43.35,400
BSFT,2017-07-19,13:35:00,43.33,43.33,43.33,43.33,100
BSFT,2017-07-19,13:36:00,43.33,43.33,43.33,43.33,200
BSFT,2017-07-19,13:37:00,43.30,43.30,43.27,43.27,1175
BSFT,2017-07-19,13:39:00,43.27,43.27,43.20,43.25,1900
BSFT,2017-07-19,13:40:00,43.25,43.25,43.25,43.25,100
BSFT,2017-07-19,13:41:00,43.25,43.25,43.23,43.23,200
BSFT,2017-07-19,13:42:00,43.20,43.20,43.20,43.20,100
BSFT,2017-07-19,13:43:00,43.20,43.20,43.20,43.20,100
BSFT,2017-07-19,13:44:00,43.20,43.20,43.05,43.10,13642
BSFT,2017-07-19,13:45:00,43.08,43.10,43.08,43.10,800
BSFT,2017-07-19,13:46:00,43.05,43.05,42.90,42.98,8960
BSFT,2017-07-19,13:47:00,43.00,43.00,43.00,43.00,1000
BSFT,2017-07-19,13:48:00,43.00,43.00,42.95,42.95,5530
BSFT,2017-07-19,13:49:00,42.95,43.00,42.95,43.00,2100
BSFT,2017-07-19,13:53:00,42.98,42.98,42.98,42.98,200
BSFT,2017-07-19,13:54:00,42.98,43.00,42.98,43.00,1200
BSFT,2017-07-19,13:55:00,43.00,43.00,43.00,43.00,100
BSFT,2017-07-19,13:57:00,42.95,43.00,42.95,43.00,1900
BSFT,2017-07-19,13:59:00,42.95,42.95,42.95,42.95,100
BSFT,2017-07-19,14:00:00,42.95,42.95,42.95,42.95,500
BSFT,2017-07-19,14:01:00,42.95,42.95,42.90,42.95,5160
BSFT,2017-07-19,14:02:00,42.95,42.95,42.95,42.95,100
BSFT,2017-07-19,14:03:00,42.95,43.00,42.95,42.95,1400
BSFT,2017-07-19,14:04:00,42.92,42.95,42.92,42.95,400
BSFT,2017-07-19,14:05:00,42.95,43.00,42.95,42.95,1600
BSFT,2017-07-19,14:06:00,42.95,42.95,42.92,42.95,1300
BSFT,2017-07-19,14:07:00,42.95,42.95,42.95,42.95,300
BSFT,2017-07-19,14:09:00,42.95,43.00,42.95,42.95,900
BSFT,2017-07-19,14:10:00,42.95,42.95,42.90,42.90,1400
BSFT,2017-07-19,14:11:00,42.90,42.90,42.90,42.90,200
BSFT,2017-07-19,14:12:00,42.90,42.90,42.90,42.90,100
BSFT,2017-07-19,14:13:00,42.88,42.88,42.88,42.88,200
BSFT,2017-07-19,14:14:00,42.90,42.95,42.90,42.95,1800
BSFT,2017-07-19,14:15:00,42.95,43.00,42.95,43.00,300
BSFT,2017-07-19,14:17:00,43.00,43.00,43.00,43.00,1490
BSFT,2017-07-19,14:19:00,43.05,43.05,43.00,43.00,500
BSFT,2017-07-19,14:21:00,43.05,43.05,43.05,43.05,100
BSFT,2017-07-19,14:22:00,43.05,43.05,43.05,43.05,100
BSFT,2017-07-19,14:23:00,43.05,43.05,43.02,43.02,300
BSFT,2017-07-19,14:24:00,43.05,43.05,43.05,43.05,300
BSFT,2017-07-19,14:25:00,43.08,43.08,43.08,43.08,700
BSFT,2017-07-19,14:26:00,43.05,43.05,43.00,43.00,700
BSFT,2017-07-19,14:28:00,43.00,43.00,43.00,43.00,200
BSFT,2017-07-19,14:29:00,43.00,43.00,43.00,43.00,100
BSFT,2017-07-19,14:30:00,43.00,43.00,43.00,43.00,200
BSFT,2017-07-19,14:31:00,43.00,43.00,43.00,43.00,100
BSFT,2017-07-19,14:32:00,43.00,43.00,43.00,43.00,100
BSFT,2017-07-19,14:33:00,43.00,43.00,43.00,43.00,200
BSFT,2017-07-19,14:34:00,43.00,43.05,43.00,43.00,300
BSFT,2017-07-19,14:35:00,43.00,43.00,43.00,43.00,200
BSFT,2017-07-19,14:37:00,43.00,43.00,42.98,42.98,300
BSFT,2017-07-19,14:38:00,43.00,43.00,43.00,43.00,100
BSFT,2017-07-19,14:39:00,43.00,43.00,42.95,42.95,300
BSFT,2017-07-19,14:40:00,42.98,42.98,42.98,42.98,600
BSFT,2017-07-19,14:41:00,42.98,42.98,42.98,42.98,100
BSFT,2017-07-19,14:42:00,42.95,42.95,42.95,42.95,700
BSFT,2017-07-19,14:43:00,42.90,42.90,42.90,42.90,200
BSFT,2017-07-19,14:44:00,42.95,43.15,42.95,43.10,8750
BSFT,2017-07-19,14:45:00,43.10,43.10,43.10,43.10,400
BSFT,2017-07-19,14:47:00,43.12,43.12,43.12,43.12,100
BSFT,2017-07-19,14:49:00,43.12,43.12,43.00,43.00,7772
BSFT,2017-07-19,14:50:00,43.05,43.10,42.95,43.10,12556
BSFT,2017-07-19,14:51:00,43.10,43.10,43.05,43.05,800
BSFT,2017-07-19,14:52:00,43.08,43.10,43.08,43.10,1200
BSFT,2017-07-19,14:54:00,43.10,43.10,43.08,43.08,200
BSFT,2017-07-19,14:55:00,43.08,43.08,43.08,43.08,100
BSFT,2017-07-19,14:56:00,43.10,43.10,43.00,43.00,3200
BSFT,2017-07-19,14:57:00,43.00,43.05,43.00,43.05,300
BSFT,2017-07-19,14:58:00,43.02,43.08,43.02,43.05,700
BSFT,2017-07-19,14:59:00,43.05,43.05,43.05,43.05,800
BSFT,2017-07-19,15:00:00,43.02,43.05,43.00,43.00,1000
BSFT,2017-07-19,15:01:00,43.05,43.05,43.05,43.05,500
BSFT,2017-07-19,15:02:00,43.05,43.05,43.00,43.05,1300
BSFT,2017-07-19,15:03:00,43.05,43.10,43.05,43.05,300
BSFT,2017-07-19,15:04:00,43.05,43.05,43.00,43.05,1900
BSFT,2017-07-19,15:05:00,43.10,43.10,43.05,43.05,600
BSFT,2017-07-19,15:06:00,43.08,43.08,43.05,43.05,600
BSFT,2017-07-19,15:07:00,43.05,43.05,43.05,43.05,1000
BSFT,2017-07-19,15:08:00,43.05,43.05,43.05,43.05,400
BSFT,2017-07-19,15:09:00,43.05,43.05,43.05,43.05,100
BSFT,2017-07-19,15:10:00,43.05,43.05,43.00,43.05,1000
BSFT,2017-07-19,15:11:00,43.00,43.05,43.00,43.05,800
BSFT,2017-07-19,15:12:00,43.05,43.05,43.05,43.05,200
BSFT,2017-07-19,15:13:00,43.05,43.05,43.05,43.05,700
BSFT,2017-07-19,15:14:00,43.05,43.05,43.05,43.05,100
BSFT,2017-07-19,15:15:00,43.05,43.05,43.00,43.05,400
BSFT,2017-07-19,15:16:00,43.05,43.05,43.00,43.00,1600
BSFT,2017-07-19,15:17:00,43.00,43.00,43.00,43.00,2700
BSFT,2017-07-19,15:18:00,43.02,43.12,43.02,43.10,3892
BSFT,2017-07-19,15:19:00,43.10,43.10,43.05,43.10,900
BSFT,2017-07-19,15:20:00,43.10,43.10,43.05,43.08,1800
BSFT,2017-07-19,15:21:00,43.08,43.08,43.05,43.05,600
BSFT,2017-07-19,15:22:00,43.08,43.08,43.00,43.02,1200
BSFT,2017-07-19,15:23:00,43.00,43.02,43.00,43.00,2500
BSFT,2017-07-19,15:24:00,43.02,43.02,43.00,43.00,400
BSFT,2017-07-19,15:25:00,43.05,43.08,43.00,43.00,2300
BSFT,2017-07-19,15:26:00,43.00,43.02,43.00,43.00,400
BSFT,2017-07-19,15:27:00,43.05,43.05,43.00,43.00,700
BSFT,2017-07-19,15:28:00,43.00,43.02,43.00,43.02,1100
BSFT,2017-07-19,15:29:00,43.00,43.00,43.00,43.00,500
BSFT,2017-07-19,15:30:00,43.00,43.02,43.00,43.00,700
BSFT,2017-07-19,15:31:00,43.00,43.00,42.98,43.00,2158
BSFT,2017-07-19,15:32:00,43.00,43.00,43.00,43.00,200
BSFT,2017-07-19,15:33:00,43.00,43.00,43.00,43.00,200
BSFT,2017-07-19,15:34:00,42.95,42.95,42.95,42.95,700
BSFT,2017-07-19,15:35:00,42.95,42.95,42.92,42.92,589
BSFT,2017-07-19,15:36:00,42.95,42.95,42.95,42.95,2160
BSFT,2017-07-19,15:37:00,42.95,42.95,42.90,42.95,700
BSFT,2017-07-19,15:38:00,42.95,42.95,42.95,42.95,200
BSFT,2017-07-19,15:39:00,42.95,42.95,42.95,42.95,100
BSFT,2017-07-19,15:40:00,42.90,42.90,42.90,42.90,100
BSFT,2017-07-19,15:41:00,42.90,42.90,42.90,42.90,235
BSFT,2017-07-19,15:42:00,42.92,42.92,42.90,42.90,200
BSFT,2017-07-19,15:44:00,42.90,42.95,42.90,42.95,200
BSFT,2017-07-19,15:45:00,42.95,42.95,42.95,42.95,1218
BSFT,2017-07-19,15:46:00,42.92,42.92,42.90,42.90,500
BSFT,2017-07-19,15:47:00,42.92,42.95,42.90,42.90,700
BSFT,2017-07-19,15:48:00,42.95,42.95,42.85,42.85,3228
BSFT,2017-07-19,15:49:00,42.85,42.85,42.85,42.85,2688
BSFT,2017-07-19,15:50:00,42.85,42.90,42.85,42.90,2500
BSFT,2017-07-19,15:51:00,42.90,42.90,42.88,42.88,800
BSFT,2017-07-19,15:52:00,42.88,42.88,42.85,42.85,979
BSFT,2017-07-19,15:53:00,42.85,42.85,42.85,42.85,700
BSFT,2017-07-19,15:54:00,42.85,42.85,42.80,42.80,2500
BSFT,2017-07-19,15:55:00,42.80,42.85,42.80,42.83,1500
BSFT,2017-07-19,15:56:00,42.80,42.83,42.80,42.80,1700
BSFT,2017-07-19,15:57:00,42.80,42.85,42.80,42.85,4092
BSFT,2017-07-19,15:58:00,42.83,42.85,42.80,42.80,1300
BSFT,2017-07-19,15:59:00,42.83,42.85,42.80,42.83,1747
BSFT,2017-07-19,16:00:00,42.80,42.90,42.80,42.90,20772
BSFT,2017-07-20,09:30:00,43.05,43.05,43.05,43.05,1514
BSFT,2017-07-20,09:33:00,42.85,42.85,42.75,42.75,1150
BSFT,2017-07-20,09:36:00,42.70,42.70,42.70,42.70,100
BSFT,2017-07-20,09:39:00,42.65,42.80,42.65,42.80,900
BSFT,2017-07-20,09:40:00,42.77,42.77,42.77,42.77,100
BSFT,2017-07-20,09:41:00,42.75,42.75,42.75,42.75,300
BSFT,2017-07-20,09:42:00,42.70,42.75,42.65,42.65,955
BSFT,2017-07-20,09:43:00,42.65,42.65,42.65,42.65,100
BSFT,2017-07-20,09:46:00,42.70,42.70,42.70,42.70,100
BSFT,2017-07-20,09:51:00,42.70,42.75,42.70,42.70,2398
BSFT,2017-07-20,09:55:00,42.80,42.80,42.80,42.80,100
BSFT,2017-07-20,10:02:00,42.75,42.80,42.75,42.75,300
BSFT,2017-07-20,10:04:00,42.75,42.75,42.75,42.75,100
BSFT,2017-07-20,10:05:00,42.75,42.75,42.70,42.70,883
BSFT,2017-07-20,10:07:00,42.65,42.65,42.65,42.65,100
BSFT,2017-07-20,10:09:00,42.65,42.65,42.65,42.65,100
BSFT,2017-07-20,10:10:00,42.70,42.70,42.70,42.70,200
BSFT,2017-07-20,10:12:00,42.65,42.70,42.65,42.70,1600
BSFT,2017-07-20,10:15:00,42.70,42.70,42.70,42.70,100
BSFT,2017-07-20,10:16:00,42.75,42.75,42.75,42.75,100
BSFT,2017-07-20,10:18:00,42.70,42.70,42.70,42.70,1300
BSFT,2017-07-20,10:19:00,42.75,42.85,42.75,42.85,1900
BSFT,2017-07-20,10:20:00,42.85,42.85,42.85,42.85,100
BSFT,2017-07-20,10:21:00,42.80,42.80,42.80,42.80,700
BSFT,2017-07-20,10:22:00,42.80,42.80,42.80,42.80,100
BSFT,2017-07-20,10:26:00,42.75,42.75,42.75,42.75,200
BSFT,2017-07-20,10:27:00,42.70,42.75,42.70,42.75,200
BSFT,2017-07-20,10:28:00,42.75,42.80,42.75,42.80,300
BSFT,2017-07-20,10:30:00,42.75,42.75,42.75,42.75,100
BSFT,2017-07-20,10:32:00,42.75,42.75,42.70,42.70,900
BSFT,2017-07-20,10:33:00,42.75,42.75,42.75,42.75,400
BSFT,2017-07-20,10:35:00,42.80,42.85,42.75,42.75,1800
BSFT,2017-07-20,10:38:00,42.70,42.70,42.65,42.65,600
BSFT,2017-07-20,10:39:00,42.70,42.70,42.70,42.70,300
BSFT,2017-07-20,10:41:00,42.75,42.80,42.75,42.80,900
BSFT,2017-07-20,10:43:00,42.80,42.80,42.80,42.80,200
BSFT,2017-07-20,10:45:00,42.80,42.80,42.80,42.80,100
BSFT,2017-07-20,10:46:00,42.80,42.80,42.80,42.80,500
BSFT,2017-07-20,10:47:00,42.80,42.80,42.80,42.80,100
BSFT,2017-07-20,10:48:00,42.83,42.85,42.83,42.85,600
BSFT,2017-07-20,10:50:00,42.80,42.80,42.80,42.80,500
BSFT,2017-07-20,10:51:00,42.80,42.80,42.80,42.80,100
BSFT,2017-07-20,10:53:00,42.80,42.80,42.80,42.80,100
BSFT,2017-07-20,10:54:00,42.80,42.80,42.80,42.80,200
BSFT,2017-07-20,10:57:00,42.90,42.95,42.90,42.95,400
BSFT,2017-07-20,10:58:00,42.95,42.95,42.95,42.95,200
BSFT,2017-07-20,11:01:00,42.95,42.95,42.95,42.95,200
BSFT,2017-07-20,11:02:00,43.00,43.00,43.00,43.00,200
BSFT,2017-07-20,11:10:00,42.95,42.95,42.95,42.95,320
BSFT,2017-07-20,11:12:00,43.00,43.00,43.00,43.00,1000
BSFT,2017-07-20,11:14:00,42.98,42.98,42.98,42.98,112
BSFT,2017-07-20,11:15:00,43.00,43.00,43.00,43.00,200
BSFT,2017-07-20,11:16:00,43.00,43.02,43.00,43.02,321
BSFT,2017-07-20,11:17:00,43.02,43.02,43.02,43.02,100
BSFT,2017-07-20,11:18:00,43.05,43.05,43.05,43.05,300
BSFT,2017-07-20,11:26:00,43.10,43.10,43.08,43.08,200
BSFT,2017-07-20,11:27:00,43.05,43.05,43.02,43.02,700
BSFT,2017-07-20,11:28:00,43.05,43.05,43.05,43.05,200
BSFT,2017-07-20,11:32:00,43.05,43.05,43.05,43.05,100
BSFT,2017-07-20,11:33:00,43.05,43.05,43.02,43.02,500
BSFT,2017-07-20,11:34:00,43.05,43.08,43.05,43.08,300
BSFT,2017-07-20,11:35:00,43.05,43.05,43.05,43.05,100
BSFT,2017-07-20,11:36:00,43.05,43.05,43.05,43.05,100
BSFT,2017-07-20,11:40:00,43.10,43.10,43.10,43.10,100
BSFT,2017-07-20,11:41:00,43.10,43.10,43.10,43.10,100
BSFT,2017-07-20,11:43:00,43.10,43.10,43.05,43.05,1300
BSFT,2017-07-20,11:46:00,43.10,43.10,43.10,43.10,300
BSFT,2017-07-20,11:47:00,43.15,43.20,43.15,43.20,500
BSFT,2017-07-20,11:48:00,43.20,43.20,43.20,43.20,100
BSFT,2017-07-20,11:49:00,43.20,43.20,43.17,43.20,1100
BSFT,2017-07-20,11:50:00,43.25,43.25,43.25,43.25,200
BSFT,2017-07-20,11:51:00,43.25,43.30,43.25,43.30,300
BSFT,2017-07-20,11:52:00,43.30,43.30,43.20,43.20,1200
BSFT,2017-07-20,11:53:00,43.20,43.20,43.17,43.17,449
BSFT,2017-07-20,11:54:00,43.25,43.25,43.25,43.25,300
BSFT,2017-07-20,11:55:00,43.27,43.27,43.27,43.27,100
BSFT,2017-07-20,11:56:00,43.27,43.27,43.27,43.27,200
BSFT,2017-07-20,11:57:00,43.30,43.30,43.20,43.20,700
BSFT,2017-07-20,12:00:00,43.30,43.30,43.20,43.20,3300
BSFT,2017-07-20,12:01:00,43.20,43.20,43.20,43.20,1600
BSFT,2017-07-20,12:02:00,43.10,43.10,43.10,43.10,100
BSFT,2017-07-20,12:03:00,43.10,43.10,43.10,43.10,100
BSFT,2017-07-20,12:04:00,43.10,43.20,43.10,43.20,200
BSFT,2017-07-20,12:05:00,43.10,43.10,43.05,43.05,2267
BSFT,2017-07-20,12:06:00,43.15,43.15,43.15,43.15,100
BSFT,2017-07-20,12:07:00,43.10,43.10,43.10,43.10,100
BSFT,2017-07-20,12:08:00,43.10,43.10,43.10,43.10,100
BSFT,2017-07-20,12:09:00,43.10,43.10,43.10,43.10,200
BSFT,2017-07-20,12:10:00,43.10,43.10,43.10,43.10,100
BSFT,2017-07-20,12:11:00,43.10,43.10,43.10,43.10,900
BSFT,2017-07-20,12:12:00,43.05,43.05,43.05,43.05,200
BSFT,2017-07-20,12:13:00,43.05,43.05,43.05,43.05,100
BSFT,2017-07-20,12:14:00,43.05,43.05,43.00,43.02,1300
BSFT,2017-07-20,12:16:00,43.00,43.00,43.00,43.00,200
BSFT,2017-07-20,12:17:00,43.00,43.00,43.00,43.00,600
BSFT,2017-07-20,12:19:00,42.95,42.95,42.95,42.95,100
BSFT,2017-07-20,12:20:00,42.95,42.95,42.90,42.90,2200
BSFT,2017-07-20,12:21:00,42.90,42.90,42.85,42.88,1200
BSFT,2017-07-20,12:22:00,42.88,42.90,42.88,42.90,700
BSFT,2017-07-20,12:23:00,42.85,42.85,42.80,42.85,1863
BSFT,2017-07-20,12:24:00,42.85,42.85,42.80,42.85,2200
BSFT,2017-07-20,12:25:00,42.80,42.80,42.70,42.77,2000
BSFT,2017-07-20,12:26:00,42.75,42.85,42.75,42.85,1101
BSFT,2017-07-20,12:27:00,42.80,42.80,42.75,42.80,1000
BSFT,2017-07-20,12:28:00,42.75,42.75,42.70,42.70,200
BSFT,2017-07-20,12:29:00,42.70,42.75,42.70,42.75,700
BSFT,2017-07-20,12:30:00,42.75,42.75,42.70,42.70,900
BSFT,2017-07-20,12:31:00,42.75,42.75,42.70,42.70,1200
BSFT,2017-07-20,12:32:00,42.70,42.75,42.70,42.75,1670
BSFT,2017-07-20,12:33:00,42.75,42.75,42.75,42.75,265
BSFT,2017-07-20,12:35:00,42.70,42.70,42.70,42.70,100
BSFT,2017-07-20,12:36:00,42.70,42.70,42.70,42.70,100
BSFT,2017-07-20,12:37:00,42.70,42.70,42.70,42.70,100
BSFT,2017-07-20,12:38:00,42.70,42.73,42.70,42.73,200
BSFT,2017-07-20,12:39:00,42.75,42.75,42.73,42.73,200
BSFT,2017-07-20,12:42:00,42.70,42.70,42.70,42.70,100
BSFT,2017-07-20,12:43:00,42.70,42.70,42.70,42.70,100
BSFT,2017-07-20,12:44:00,42.70,42.70,42.70,42.70,700
BSFT,2017-07-20,12:45:00,42.65,42.65,42.65,42.65,100
BSFT,2017-07-20,12:46:00,42.65,42.65,42.65,42.65,100
BSFT,2017-07-20,12:47:00,42.65,42.65,42.65,42.65,100
BSFT,2017-07-20,12:48:00,42.65,42.70,42.65,42.70,200
BSFT,2017-07-20,12:49:00,42.70,42.70,42.65,42.65,200
BSFT,2017-07-20,12:50:00,42.65,42.65,42.65,42.65,100
BSFT,2017-07-20,12:51:00,42.65,42.65,42.65,42.65,100
BSFT,2017-07-20,12:52:00,42.65,42.65,42.65,42.65,100
BSFT,2017-07-20,12:53:00,42.65,42.65,42.65,42.65,100
BSFT,2017-07-20,12:54:00,42.65,42.65,42.65,42.65,100
BSFT,2017-07-20,12:55:00,42.70,42.70,42.70,42.70,800
BSFT,2017-07-20,12:56:00,42.75,42.75,42.75,42.75,950
BSFT,2017-07-20,12:58:00,42.75,42.75,42.75,42.75,500
BSFT,2017-07-20,13:00:00,42.77,42.80,42.77,42.80,300
BSFT,2017-07-20,13:03:00,42.70,42.70,42.65,42.65,1199
BSFT,2017-07-20,13:04:00,42.65,42.70,42.65,42.70,300
BSFT,2017-07-20,13:05:00,42.70,42.70,42.70,42.70,100
BSFT,2017-07-20,13:06:00,42.73,42.73,42.73,42.73,100
BSFT,2017-07-20,13:07:00,42.70,42.70,42.70,42.70,100
BSFT,2017-07-20,13:08:00,42.73,42.73,42.70,42.70,200
BSFT,2017-07-20,13:09:00,42.70,42.70,42.70,42.70,100
BSFT,2017-07-20,13:10:00,42.70,42.70,42.70,42.70,100
BSFT,2017-07-20,13:11:00,42.65,42.65,42.65,42.65,100
BSFT,2017-07-20,13:12:00,42.65,42.70,42.65,42.70,300
BSFT,2017-07-20,13:13:00,42.65,42.65,42.65,42.65,100
BSFT,2017-07-20,13:14:00,42.65,42.65,42.65,42.65,100
BSFT,2017-07-20,13:17:00,42.70,42.75,42.70,42.75,1700
BSFT,2017-07-20,13:18:00,42.80,42.80,42.80,42.80,236
BSFT,2017-07-20,13:19:00,42.75,42.75,42.75,42.75,100
BSFT,2017-07-20,13:20:00,42.75,42.75,42.75,42.75,100
BSFT,2017-07-20,13:21:00,42.75,42.77,42.75,42.77,200
BSFT,2017-07-20,13:22:00,42.75,42.75,42.75,42.75,100
BSFT,2017-07-20,13:23:00,42.75,42.75,42.75,42.75,200
BSFT,2017-07-20,13:24:00,42.75,42.75,42.73,42.73,1400
BSFT,2017-07-20,13:28:00,42.77,42.77,42.77,42.77,100
BSFT,2017-07-20,13:29:00,42.70,42.70,42.70,42.70,100
BSFT,2017-07-20,13:30:00,42.70,42.75,42.70,42.75,200
BSFT,2017-07-20,13:31:00,42.70,42.70,42.70,42.70,100
BSFT,2017-07-20,13:32:00,42.70,42.85,42.70,42.85,1600
BSFT,2017-07-20,13:33:00,42.85,42.90,42.85,42.90,200
BSFT,2017-07-20,13:37:00,42.90,42.90,42.85,42.85,300
BSFT,2017-07-20,13:39:00,42.85,42.90,42.80,42.80,1700
BSFT,2017-07-20,13:40:00,42.85,42.85,42.80,42.80,300
BSFT,2017-07-20,13:41:00,42.80,42.80,42.80,42.80,100
BSFT,2017-07-20,13:42:00,42.85,42.85,42.85,42.85,300
BSFT,2017-07-20,13:43:00,42.80,42.85,42.80,42.85,1225
BSFT,2017-07-20,13:46:00,42.85,42.85,42.85,42.85,100
BSFT,2017-07-20,13:47:00,42.85,42.85,42.85,42.85,100
BSFT,2017-07-20,13:48:00,42.85,42.85,42.85,42.85,100
BSFT,2017-07-20,13:49:00,42.85,42.85,42.85,42.85,900
BSFT,2017-07-20,13:50:00,42.85,42.85,42.85,42.85,200
BSFT,2017-07-20,13:51:00,42.80,42.80,42.80,42.80,100
BSFT,2017-07-20,13:52:00,42.80,42.80,42.80,42.80,100
BSFT,2017-07-20,13:53:00,42.80,42.80,42.80,42.80,200
BSFT,2017-07-20,13:54:00,42.80,42.80,42.80,42.80,500
BSFT,2017-07-20,13:55:00,42.75,42.75,42.75,42.75,100
BSFT,2017-07-20,13:56:00,42.75,42.75,42.75,42.75,200
BSFT,2017-07-20,13:57:00,42.75,42.75,42.75,42.75,200
BSFT,2017-07-20,13:58:00,42.75,42.75,42.75,42.75,100
BSFT,2017-07-20,13:59:00,42.75,42.85,42.75,42.85,1100
BSFT,2017-07-20,14:00:00,42.85,42.85,42.85,42.85,100
BSFT,2017-07-20,14:01:00,42.75,42.75,42.75,42.75,100
BSFT,2017-07-20,14:02:00,42.75,42.85,42.75,42.83,1708
BSFT,2017-07-20,14:04:00,42.83,42.85,42.83,42.85,300
BSFT,2017-07-20,14:05:00,42.80,42.80,42.80,42.80,100
BSFT,2017-07-20,14:06:00,42.80,42.80,42.80,42.80,100
BSFT,2017-07-20,14:07:00,42.83,42.83,42.80,42.80,200
BSFT,2017-07-20,14:08:00,42.80,42.80,42.80,42.80,500
BSFT,2017-07-20,14:09:00,42.80,42.80,42.80,42.80,200
BSFT,2017-07-20,14:10:00,42.80,42.80,42.80,42.80,100
BSFT,2017-07-20,14:11:00,42.80,42.80,42.80,42.80,200
BSFT,2017-07-20,14:12:00,42.80,42.80,42.80,42.80,100
BSFT,2017-07-20,14:13:00,42.80,42.80,42.80,42.80,200
BSFT,2017-07-20,14:14:00,42.80,42.80,42.80,42.80,100
BSFT,2017-07-20,14:15:00,42.80,42.85,42.80,42.80,300
BSFT,2017-07-20,14:16:00,42.80,42.80,42.80,42.80,100
BSFT,2017-07-20,14:17:00,42.80,42.80,42.80,42.80,1100
BSFT,2017-07-20,14:18:00,42.80,42.80,42.80,42.80,100
BSFT,2017-07-20,14:19:00,42.80,42.83,42.80,42.83,800
BSFT,2017-07-20,14:20:00,42.85,42.85,42.85,42.85,400
BSFT,2017-07-20,14:21:00,42.90,42.90,42.90,42.90,1000
BSFT,2017-07-20,14:23:00,42.90,42.90,42.85,42.85,200
BSFT,2017-07-20,14:24:00,42.88,42.88,42.88,42.88,100
BSFT,2017-07-20,14:25:00,42.85,42.85,42.85,42.85,200
BSFT,2017-07-20,14:26:00,42.85,42.85,42.85,42.85,100
BSFT,2017-07-20,14:27:00,42.85,42.85,42.85,42.85,100
BSFT,2017-07-20,14:28:00,42.85,42.88,42.85,42.85,300
BSFT,2017-07-20,14:29:00,42.88,42.90,42.80,42.80,8288
BSFT,2017-07-20,14:30:00,42.85,42.85,42.85,42.85,100
BSFT,2017-07-20,14:31:00,42.80,42.80,42.79,42.80,1300
BSFT,2017-07-20,14:32:00,42.83,42.83,42.83,42.83,100
BSFT,2017-07-20,14:34:00,42.80,42.83,42.80,42.83,300
BSFT,2017-07-20,14:35:00,42.80,42.80,42.80,42.80,100
BSFT,2017-07-20,14:36:00,42.80,42.80,42.77,42.80,1100
BSFT,2017-07-20,14:37:00,42.83,42.83,42.80,42.80,900
BSFT,2017-07-20,14:38:00,42.80,42.80,42.80,42.80,100
BSFT,2017-07-20,14:39:00,42.80,42.80,42.80,42.80,200
BSFT,2017-07-20,14:40:00,42.80,42.80,42.80,42.80,200
BSFT,2017-07-20,14:42:00,42.83,42.85,42.83,42.85,300
BSFT,2017-07-20,14:43:00,42.80,42.85,42.80,42.83,700
BSFT,2017-07-20,14:45:00,42.80,42.85,42.80,42.83,600
BSFT,2017-07-20,14:46:00,42.85,42.85,42.85,42.85,200
BSFT,2017-07-20,14:47:00,42.80,42.80,42.80,42.80,200
BSFT,2017-07-20,14:48:00,42.80,42.80,42.80,42.80,200
BSFT,2017-07-20,14:49:00,42.85,42.90,42.85,42.90,1500
BSFT,2017-07-20,14:51:00,42.85,42.90,42.85,42.90,200
BSFT,2017-07-20,14:52:00,42.85,42.85,42.85,42.85,100
BSFT,2017-07-20,14:53:00,42.90,42.90,42.85,42.90,500
BSFT,2017-07-20,14:54:00,42.90,42.90,42.85,42.88,300
BSFT,2017-07-20,14:55:00,42.85,42.95,42.85,42.92,2200
BSFT,2017-07-20,14:57:00,42.95,42.95,42.95,42.95,100
BSFT,2017-07-20,14:58:00,42.95,42.98,42.95,42.98,200
BSFT,2017-07-20,14:59:00,42.95,42.95,42.95,42.95,200
BSFT,2017-07-20,15:00:00,42.98,42.98,42.95,42.95,200
BSFT,2017-07-20,15:01:00,42.95,42.98,42.95,42.98,510
BSFT,2017-07-20,15:02:00,42.95,42.95,42.95,42.95,200
BSFT,2017-07-20,15:03:00,42.95,42.95,42.92,42.95,2400
BSFT,2017-07-20,15:04:00,42.98,42.98,42.95,42.95,200
BSFT,2017-07-20,15:05:00,42.95,42.95,42.95,42.95,100
BSFT,2017-07-20,15:06:00,42.95,42.95,42.95,42.95,100
BSFT,2017-07-20,15:07:00,42.95,43.00,42.95,43.00,1730
BSFT,2017-07-20,15:08:00,43.00,43.00,43.00,43.00,200
BSFT,2017-07-20,15:09:00,43.00,43.00,43.00,43.00,100
BSFT,2017-07-20,15:10:00,43.00,43.00,43.00,43.00,200
BSFT,2017-07-20,15:11:00,43.00,43.00,43.00,43.00,200
BSFT,2017-07-20,15:12:00,43.05,43.05,43.00,43.00,300
BSFT,2017-07-20,15:13:00,43.00,43.00,43.00,43.00,200
BSFT,2017-07-20,15:14:00,43.00,43.00,43.00,43.00,100
BSFT,2017-07-20,15:15:00,43.00,43.00,43.00,43.00,400
BSFT,2017-07-20,15:16:00,43.00,43.00,42.95,42.95,300
BSFT,2017-07-20,15:17:00,43.00,43.00,42.95,42.95,200
BSFT,2017-07-20,15:18:00,42.95,42.95,42.95,42.95,500
BSFT,2017-07-20,15:19:00,42.95,42.95,42.90,42.90,200
BSFT,2017-07-20,15:20:00,42.90,42.95,42.90,42.95,2411
BSFT,2017-07-20,15:21:00,42.95,42.95,42.95,42.95,200
BSFT,2017-07-20,15:22:00,42.95,42.95,42.95,42.95,963
BSFT,2017-07-20,15:23:00,42.95,43.00,42.92,43.00,900
BSFT,2017-07-20,15:25:00,42.95,42.95,42.95,42.95,100
BSFT,2017-07-20,15:26:00,42.95,42.95,42.90,42.90,200
BSFT,2017-07-20,15:27:00,42.90,42.90,42.90,42.90,400
BSFT,2017-07-20,15:28:00,42.90,42.90,42.90,42.90,200
BSFT,2017-07-20,15:29:00,42.90,42.95,42.90,42.95,1000
BSFT,2017-07-20,15:30:00,42.92,42.92,42.92,42.92,100
BSFT,2017-07-20,15:31:00,42.95,42.95,42.90,42.90,300
BSFT,2017-07-20,15:32:00,42.90,42.92,42.90,42.90,300
BSFT,2017-07-20,15:33:00,42.90,42.90,42.90,42.90,200
BSFT,2017-07-20,15:34:00,42.90,42.90,42.90,42.90,300
BSFT,2017-07-20,15:35:00,42.90,42.90,42.90,42.90,1887
BSFT,2017-07-20,15:36:00,42.90,42.92,42.90,42.92,300
BSFT,2017-07-20,15:37:00,42.90,42.90,42.90,42.90,200
BSFT,2017-07-20,15:38:00,42.90,42.90,42.90,42.90,400
BSFT,2017-07-20,15:39:00,42.90,42.90,42.90,42.90,300
BSFT,2017-07-20,15:40:00,42.90,42.90,42.85,42.85,600
BSFT,2017-07-20,15:41:00,42.85,42.88,42.85,42.88,400
BSFT,2017-07-20,15:42:00,42.85,42.85,42.85,42.85,300
BSFT,2017-07-20,15:43:00,42.85,42.85,42.85,42.85,300
BSFT,2017-07-20,15:44:00,42.85,42.85,42.85,42.85,300
BSFT,2017-07-20,15:45:00,42.85,42.90,42.85,42.85,1330
BSFT,2017-07-20,15:46:00,42.85,42.90,42.85,42.88,2278
BSFT,2017-07-20,15:47:00,42.85,42.85,42.85,42.85,200
BSFT,2017-07-20,15:48:00,42.85,42.88,42.85,42.88,400
BSFT,2017-07-20,15:49:00,42.85,42.85,42.80,42.80,1400
BSFT,2017-07-20,15:50:00,42.80,42.90,42.80,42.90,3300
BSFT,2017-07-20,15:51:00,42.90,42.90,42.85,42.85,890
BSFT,2017-07-20,15:52:00,42.85,42.85,42.80,42.85,979
BSFT,2017-07-20,15:53:00,42.80,42.80,42.80,42.80,500
BSFT,2017-07-20,15:54:00,42.80,42.83,42.80,42.80,1100
BSFT,2017-07-20,15:55:00,42.80,42.80,42.80,42.80,700
BSFT,2017-07-20,15:56:00,42.80,42.80,42.80,42.80,1535
BSFT,2017-07-20,15:57:00,42.80,42.83,42.75,42.75,2558
BSFT,2017-07-20,15:58:00,42.77,42.77,42.75,42.75,1000
BSFT,2017-07-20,15:59:00,42.75,42.80,42.70,42.75,8038
BSFT,2017-07-20,16:00:00,42.80,42.85,42.77,42.85,16358
BSFT,2017-07-21,09:30:00,43.05,43.05,43.05,43.05,17624
BSFT,2017-07-21,09:32:00,42.85,42.85,42.85,42.85,100
BSFT,2017-07-21,09:33:00,42.75,42.80,42.75,42.80,300
BSFT,2017-07-21,09:36:00,42.70,42.70,42.65,42.65,300
BSFT,2017-07-21,09:37:00,42.60,42.60,42.57,42.57,250
BSFT,2017-07-21,09:38:00,42.55,42.56,42.55,42.56,300
BSFT,2017-07-21,09:39:00,42.60,42.65,42.60,42.65,200
BSFT,2017-07-21,09:40:00,42.70,42.70,42.70,42.70,100
BSFT,2017-07-21,09:41:00,42.70,42.70,42.70,42.70,400
BSFT,2017-07-21,09:42:00,42.70,42.70,42.70,42.70,200
BSFT,2017-07-21,09:44:00,42.70,42.70,42.70,42.70,100
BSFT,2017-07-21,09:46:00,42.80,42.80,42.80,42.80,311
BSFT,2017-07-21,09:49:00,42.75,42.75,42.75,42.75,700
BSFT,2017-07-21,09:51:00,42.70,42.70,42.70,42.70,732
BSFT,2017-07-21,09:56:00,42.73,42.73,42.73,42.73,100
BSFT,2017-07-21,09:57:00,42.70,42.70,42.70,42.70,300
BSFT,2017-07-21,10:01:00,42.75,42.75,42.75,42.75,100
BSFT,2017-07-21,10:03:00,42.80,42.80,42.80,42.80,1700
BSFT,2017-07-21,10:06:00,42.75,42.75,42.75,42.75,200
BSFT,2017-07-21,10:16:00,42.77,42.77,42.77,42.77,575
BSFT,2017-07-21,10:22:00,42.75,42.75,42.75,42.75,590
BSFT,2017-07-21,10:23:00,42.75,42.75,42.75,42.75,100
BSFT,2017-07-21,10:26:00,42.75,42.75,42.75,42.75,1006
BSFT,2017-07-21,10:27:00,42.75,42.75,42.75,42.75,100
BSFT,2017-07-21,10:28:00,42.75,42.75,42.75,42.75,799
BSFT,2017-07-21,10:31:00,42.85,42.92,42.85,42.92,1011
BSFT,2017-07-21,10:33:00,42.95,42.95,42.95,42.95,100
BSFT,2017-07-21,10:43:00,43.00,43.00,43.00,43.00,100
BSFT,2017-07-21,10:45:00,43.00,43.00,43.00,43.00,2589
BSFT,2017-07-21,10:46:00,42.95,42.95,42.90,42.90,800
BSFT,2017-07-21,10:47:00,42.90,42.90,42.90,42.90,500
BSFT,2017-07-21,10:51:00,42.85,42.85,42.85,42.85,500
BSFT,2017-07-21,10:56:00,42.75,42.75,42.70,42.75,2100
BSFT,2017-07-21,11:04:00,42.80,42.80,42.80,42.80,200
BSFT,2017-07-21,11:05:00,42.75,42.75,42.75,42.75,600
BSFT,2017-07-21,11:06:00,42.73,42.73,42.73,42.73,100
BSFT,2017-07-21,11:09:00,42.75,42.80,42.75,42.75,2122
BSFT,2017-07-21,11:19:00,42.80,42.80,42.80,42.80,157
BSFT,2017-07-21,11:25:00,42.90,42.90,42.90,42.90,900
BSFT,2017-07-21,11:27:00,42.95,43.00,42.95,42.98,1100
BSFT,2017-07-21,11:28:00,42.95,42.95,42.95,42.95,400
BSFT,2017-07-21,11:29:00,42.95,42.95,42.95,42.95,200
BSFT,2017-07-21,11:31:00,42.95,42.95,42.95,42.95,500
BSFT,2017-07-21,11:43:00,42.95,42.95,42.95,42.95,100
BSFT,2017-07-21,11:44:00,42.95,42.95,42.95,42.95,100
BSFT,2017-07-21,11:46:00,42.95,42.95,42.95,42.95,200
BSFT,2017-07-21,11:47:00,43.00,43.00,43.00,43.00,100
BSFT,2017-07-21,11:48:00,42.95,42.95,42.95,42.95,200
BSFT,2017-07-21,11:50:00,42.90,42.90,42.90,42.90,400
BSFT,2017-07-21,11:51:00,42.90,42.92,42.90,42.92,300
BSFT,2017-07-21,12:02:00,42.90,42.95,42.90,42.95,200
BSFT,2017-07-21,12:03:00,42.95,42.98,42.95,42.98,600
BSFT,2017-07-21,12:07:00,43.00,43.00,43.00,43.00,300
BSFT,2017-07-21,12:09:00,43.02,43.02,43.02,43.02,100
BSFT,2017-07-21,12:10:00,43.05,43.05,43.05,43.05,100
BSFT,2017-07-21,12:13:00,43.10,43.10,43.10,43.10,100
BSFT,2017-07-21,12:21:00,43.00,43.00,43.00,43.00,1100
BSFT,2017-07-21,12:22:00,43.00,43.00,43.00,43.00,600
BSFT,2017-07-21,12:26:00,43.00,43.00,43.00,43.00,100
BSFT,2017-07-21,12:30:00,43.00,43.00,43.00,43.00,100
BSFT,2017-07-21,12:35:00,43.00,43.00,43.00,43.00,500
BSFT,2017-07-21,12:37:00,42.98,42.98,42.98,42.98,200
BSFT,2017-07-21,12:44:00,43.00,43.00,43.00,43.00,100
BSFT,2017-07-21,12:59:00,43.00,43.00,42.95,43.00,300
BSFT,2017-07-21,13:03:00,43.00,43.00,43.00,43.00,100
BSFT,2017-07-21,13:04:00,43.00,43.00,43.00,43.00,200
BSFT,2017-07-21,13:07:00,43.00,43.00,43.00,43.00,100
BSFT,2017-07-21,13:10:00,43.04,43.04,43.04,43.04,162
BSFT,2017-07-21,13:16:00,42.95,42.95,42.95,42.95,1000
BSFT,2017-07-21,13:27:00,42.90,42.90,42.90,42.90,1100
BSFT,2017-07-21,13:31:00,42.85,42.85,42.85,42.85,500
BSFT,2017-07-21,13:32:00,42.80,42.80,42.80,42.80,300
BSFT,2017-07-21,13:33:00,42.75,42.75,42.75,42.75,100
BSFT,2017-07-21,13:47:00,42.70,42.70,42.70,42.70,300
BSFT,2017-07-21,13:52:00,42.70,42.70,42.70,42.70,100
BSFT,2017-07-21,13:57:00,42.80,42.80,42.80,42.80,100
BSFT,2017-07-21,13:59:00,42.80,42.80,42.80,42.80,1055
BSFT,2017-07-21,14:00:00,42.75,42.75,42.75,42.75,500
BSFT,2017-07-21,14:01:00,42.77,42.85,42.77,42.85,600
BSFT,2017-07-21,14:02:00,42.85,42.85,42.85,42.85,602
BSFT,2017-07-21,14:05:00,42.80,42.85,42.80,42.85,200
BSFT,2017-07-21,14:06:00,42.85,42.85,42.80,42.83,500
BSFT,2017-07-21,14:07:00,42.85,42.85,42.85,42.85,100
BSFT,2017-07-21,14:08:00,42.85,42.85,42.85,42.85,100
BSFT,2017-07-21,14:11:00,42.80,42.83,42.80,42.83,1300
BSFT,2017-07-21,14:12:00,42.80,42.80,42.80,42.80,100
BSFT,2017-07-21,14:13:00,42.75,42.80,42.75,42.80,300
BSFT,2017-07-21,14:14:00,42.80,42.80,42.75,42.75,700
BSFT,2017-07-21,14:15:00,42.75,42.75,42.74,42.74,715
BSFT,2017-07-21,14:17:00,42.72,42.73,42.71,42.73,770
BSFT,2017-07-21,14:23:00,42.75,42.75,42.75,42.75,100
BSFT,2017-07-21,14:24:00,42.75,42.75,42.75,42.75,100
BSFT,2017-07-21,14:25:00,42.73,42.73,42.70,42.70,200
BSFT,2017-07-21,14:29:00,42.70,42.70,42.70,42.70,500
BSFT,2017-07-21,14:32:00,42.75,42.75,42.75,42.75,920
BSFT,2017-07-21,14:33:00,42.75,42.75,42.75,42.75,200
BSFT,2017-07-21,14:35:00,42.75,42.77,42.75,42.77,200
BSFT,2017-07-21,14:38:00,42.75,42.75,42.75,42.75,400
BSFT,2017-07-21,14:39:00,42.70,42.70,42.70,42.70,300
BSFT,2017-07-21,14:43:00,42.70,42.70,42.67,42.67,600
BSFT,2017-07-21,14:52:00,42.70,42.70,42.70,42.70,200
BSFT,2017-07-21,14:53:00,42.70,42.70,42.70,42.70,100
BSFT,2017-07-21,15:03:00,42.70,42.73,42.70,42.73,400
BSFT,2017-07-21,15:04:00,42.70,42.70,42.65,42.70,1100
BSFT,2017-07-21,15:09:00,42.70,42.73,42.70,42.73,200
BSFT,2017-07-21,15:16:00,42.75,42.75,42.75,42.75,200
BSFT,2017-07-21,15:17:00,42.75,42.75,42.75,42.75,100
BSFT,2017-07-21,15:18:00,42.75,42.75,42.70,42.70,700
BSFT,2017-07-21,15:19:00,42.75,42.75,42.75,42.75,100
BSFT,2017-07-21,15:20:00,42.75,42.75,42.75,42.75,100
BSFT,2017-07-21,15:21:00,42.75,42.75,42.70,42.70,800
BSFT,2017-07-21,15:22:00,42.70,42.70,42.67,42.70,800
BSFT,2017-07-21,15:24:00,42.70,42.70,42.70,42.70,100
BSFT,2017-07-21,15:25:00,42.70,42.70,42.70,42.70,100
BSFT,2017-07-21,15:26:00,42.70,42.70,42.70,42.70,100
BSFT,2017-07-21,15:27:00,42.67,42.67,42.67,42.67,100
BSFT,2017-07-21,15:28:00,42.65,42.65,42.65,42.65,1400
BSFT,2017-07-21,15:30:00,42.65,42.65,42.65,42.65,200
BSFT,2017-07-21,15:31:00,42.65,42.67,42.65,42.67,200
BSFT,2017-07-21,15:33:00,42.65,42.65,42.65,42.65,100
BSFT,2017-07-21,15:34:00,42.67,42.70,42.67,42.70,200
BSFT,2017-07-21,15:35:00,42.70,42.70,42.70,42.70,600
BSFT,2017-07-21,15:36:00,42.73,42.73,42.73,42.73,200
BSFT,2017-07-21,15:39:00,42.70,42.73,42.67,42.73,2616
BSFT,2017-07-21,15:40:00,42.73,42.73,42.73,42.73,100
BSFT,2017-07-21,15:41:00,42.70,42.70,42.65,42.65,500
BSFT,2017-07-21,15:43:00,42.65,42.65,42.65,42.65,200
BSFT,2017-07-21,15:44:00,42.68,42.70,42.67,42.70,1470
BSFT,2017-07-21,15:45:00,42.65,42.70,42.65,42.70,1600
BSFT,2017-07-21,15:46:00,42.73,42.73,42.70,42.73,600
BSFT,2017-07-21,15:48:00,42.70,42.73,42.70,42.73,300
BSFT,2017-07-21,15:49:00,42.70,42.73,42.70,42.73,200
BSFT,2017-07-21,15:50:00,42.70,42.73,42.70,42.73,300
BSFT,2017-07-21,15:51:00,42.73,42.73,42.70,42.70,200
BSFT,2017-07-21,15:52:00,42.73,42.73,42.70,42.73,300
BSFT,2017-07-21,15:53:00,42.75,42.75,42.70,42.73,500
BSFT,2017-07-21,15:54:00,42.73,42.73,42.70,42.70,300
BSFT,2017-07-21,15:55:00,42.73,42.73,42.65,42.65,4707
BSFT,2017-07-21,15:56:00,42.65,42.70,42.65,42.67,2800
BSFT,2017-07-21,15:57:00,42.67,42.67,42.65,42.65,1000
BSFT,2017-07-21,15:58:00,42.67,42.70,42.65,42.70,700
BSFT,2017-07-21,15:59:00,42.70,42.70,42.65,42.65,500
BSFT,2017-07-21,16:00:00,42.70,42.70,42.65,42.65,12894
