CAE,2017-07-18,09:31:00,17.66,17.66,17.66,17.66,200
CAE,2017-07-18,09:32:00,17.63,17.63,17.58,17.58,3015
CAE,2017-07-18,09:33:00,17.58,17.59,17.58,17.59,300
CAE,2017-07-18,09:34:00,17.60,17.60,17.60,17.60,900
CAE,2017-07-18,09:37:00,17.61,17.61,17.61,17.61,2400
CAE,2017-07-18,09:38:00,17.59,17.59,17.59,17.59,400
CAE,2017-07-18,09:39:00,17.59,17.59,17.59,17.59,200
CAE,2017-07-18,09:40:00,17.61,17.61,17.60,17.61,900
CAE,2017-07-18,09:42:00,17.62,17.62,17.62,17.62,300
CAE,2017-07-18,09:44:00,17.60,17.60,17.60,17.60,100
CAE,2017-07-18,09:45:00,17.58,17.58,17.58,17.58,600
CAE,2017-07-18,09:47:00,17.59,17.59,17.58,17.59,1150
CAE,2017-07-18,09:48:00,17.60,17.60,17.59,17.60,600
CAE,2017-07-18,09:51:00,17.61,17.61,17.61,17.61,100
CAE,2017-07-18,09:55:00,17.60,17.61,17.60,17.61,3100
CAE,2017-07-18,09:56:00,17.60,17.60,17.60,17.60,500
CAE,2017-07-18,09:57:00,17.60,17.60,17.60,17.60,200
CAE,2017-07-18,09:59:00,17.60,17.60,17.60,17.60,200
CAE,2017-07-18,10:00:00,17.60,17.60,17.60,17.60,200
CAE,2017-07-18,10:01:00,17.60,17.60,17.57,17.57,600
CAE,2017-07-18,10:02:00,17.58,17.58,17.58,17.58,500
CAE,2017-07-18,10:03:00,17.58,17.58,17.58,17.58,300
CAE,2017-07-18,10:05:00,17.58,17.58,17.58,17.58,100
CAE,2017-07-18,10:06:00,17.57,17.57,17.57,17.57,600
CAE,2017-07-18,10:07:00,17.57,17.57,17.57,17.57,100
CAE,2017-07-18,10:08:00,17.56,17.57,17.55,17.55,1500
CAE,2017-07-18,10:10:00,17.55,17.55,17.55,17.55,700
CAE,2017-07-18,10:11:00,17.55,17.55,17.55,17.55,100
CAE,2017-07-18,10:12:00,17.54,17.54,17.54,17.54,200
CAE,2017-07-18,10:13:00,17.54,17.54,17.54,17.54,200
CAE,2017-07-18,10:16:00,17.54,17.54,17.54,17.54,100
CAE,2017-07-18,10:17:00,17.53,17.53,17.52,17.53,2000
CAE,2017-07-18,10:18:00,17.53,17.53,17.51,17.52,1700
CAE,2017-07-18,10:19:00,17.50,17.50,17.48,17.50,1150
CAE,2017-07-18,10:20:00,17.50,17.51,17.50,17.51,200
CAE,2017-07-18,10:21:00,17.50,17.50,17.49,17.49,600
CAE,2017-07-18,10:22:00,17.48,17.48,17.48,17.48,300
CAE,2017-07-18,10:25:00,17.48,17.48,17.48,17.48,100
CAE,2017-07-18,10:26:00,17.48,17.48,17.48,17.48,200
CAE,2017-07-18,10:27:00,17.48,17.48,17.48,17.48,300
CAE,2017-07-18,10:29:00,17.48,17.48,17.48,17.48,200
CAE,2017-07-18,10:31:00,17.47,17.47,17.47,17.47,300
CAE,2017-07-18,10:32:00,17.46,17.46,17.46,17.46,300
CAE,2017-07-18,10:33:00,17.46,17.46,17.46,17.46,100
CAE,2017-07-18,10:36:00,17.46,17.46,17.45,17.45,700
CAE,2017-07-18,10:39:00,17.46,17.46,17.46,17.46,189
CAE,2017-07-18,10:41:00,17.46,17.47,17.46,17.47,300
CAE,2017-07-18,10:42:00,17.46,17.46,17.46,17.46,600
CAE,2017-07-18,10:44:00,17.45,17.45,17.45,17.45,200
CAE,2017-07-18,10:54:00,17.45,17.45,17.45,17.45,200
CAE,2017-07-18,10:57:00,17.46,17.46,17.46,17.46,700
CAE,2017-07-18,11:01:00,17.48,17.48,17.48,17.48,1205
CAE,2017-07-18,11:02:00,17.48,17.48,17.47,17.47,500
CAE,2017-07-18,11:03:00,17.47,17.47,17.47,17.47,300
CAE,2017-07-18,11:05:00,17.48,17.48,17.48,17.48,100
CAE,2017-07-18,11:07:00,17.47,17.47,17.47,17.47,300
CAE,2017-07-18,11:08:00,17.47,17.47,17.47,17.47,200
CAE,2017-07-18,11:10:00,17.47,17.47,17.47,17.47,400
CAE,2017-07-18,11:17:00,17.45,17.45,17.45,17.45,300
CAE,2017-07-18,11:18:00,17.45,17.45,17.45,17.45,400
CAE,2017-07-18,11:19:00,17.45,17.45,17.45,17.45,900
CAE,2017-07-18,11:20:00,17.45,17.45,17.45,17.45,300
CAE,2017-07-18,11:21:00,17.45,17.45,17.45,17.45,400
CAE,2017-07-18,11:22:00,17.46,17.46,17.46,17.46,300
CAE,2017-07-18,11:23:00,17.47,17.47,17.47,17.47,100
CAE,2017-07-18,11:24:00,17.46,17.46,17.46,17.46,400
CAE,2017-07-18,11:25:00,17.46,17.46,17.46,17.46,650
CAE,2017-07-18,11:27:00,17.46,17.46,17.46,17.46,700
CAE,2017-07-18,11:29:00,17.45,17.45,17.44,17.44,1500
CAE,2017-07-18,11:30:00,17.45,17.45,17.45,17.45,300
CAE,2017-07-18,11:32:00,17.45,17.45,17.45,17.45,600
CAE,2017-07-18,11:35:00,17.45,17.45,17.45,17.45,100
CAE,2017-07-18,11:36:00,17.45,17.45,17.45,17.45,200
CAE,2017-07-18,11:37:00,17.45,17.45,17.45,17.45,200
CAE,2017-07-18,11:40:00,17.45,17.45,17.45,17.45,900
CAE,2017-07-18,11:41:00,17.45,17.45,17.45,17.45,600
CAE,2017-07-18,11:42:00,17.45,17.45,17.45,17.45,700
CAE,2017-07-18,11:43:00,17.45,17.45,17.45,17.45,400
CAE,2017-07-18,11:44:00,17.45,17.45,17.44,17.44,700
CAE,2017-07-18,11:50:00,17.44,17.44,17.44,17.44,500
CAE,2017-07-18,11:53:00,17.45,17.45,17.45,17.45,298
CAE,2017-07-18,11:54:00,17.46,17.46,17.46,17.46,343
CAE,2017-07-18,11:55:00,17.47,17.47,17.47,17.47,400
CAE,2017-07-18,11:56:00,17.47,17.47,17.47,17.47,542
CAE,2017-07-18,11:57:00,17.46,17.46,17.45,17.45,200
CAE,2017-07-18,11:58:00,17.45,17.45,17.45,17.45,200
CAE,2017-07-18,11:59:00,17.46,17.46,17.45,17.45,1800
CAE,2017-07-18,12:00:00,17.44,17.45,17.44,17.45,400
CAE,2017-07-18,12:02:00,17.46,17.46,17.46,17.46,186
CAE,2017-07-18,12:03:00,17.46,17.46,17.46,17.46,100
CAE,2017-07-18,12:04:00,17.46,17.46,17.46,17.46,300
CAE,2017-07-18,12:06:00,17.46,17.46,17.46,17.46,500
CAE,2017-07-18,12:08:00,17.46,17.46,17.46,17.46,300
CAE,2017-07-18,12:09:00,17.46,17.46,17.46,17.46,200
CAE,2017-07-18,12:10:00,17.46,17.46,17.46,17.46,500
CAE,2017-07-18,12:13:00,17.45,17.45,17.45,17.45,400
CAE,2017-07-18,12:15:00,17.45,17.45,17.45,17.45,200
CAE,2017-07-18,12:16:00,17.45,17.45,17.45,17.45,351
CAE,2017-07-18,12:18:00,17.44,17.44,17.44,17.44,100
CAE,2017-07-18,12:19:00,17.44,17.44,17.44,17.44,580
CAE,2017-07-18,12:22:00,17.45,17.45,17.45,17.45,100
CAE,2017-07-18,12:23:00,17.45,17.45,17.45,17.45,800
CAE,2017-07-18,12:24:00,17.46,17.46,17.45,17.46,600
CAE,2017-07-18,12:29:00,17.46,17.46,17.46,17.46,100
CAE,2017-07-18,12:30:00,17.45,17.45,17.45,17.45,797
CAE,2017-07-18,12:31:00,17.45,17.45,17.45,17.45,100
CAE,2017-07-18,12:32:00,17.45,17.45,17.45,17.45,200
CAE,2017-07-18,12:33:00,17.46,17.46,17.45,17.45,300
CAE,2017-07-18,12:34:00,17.45,17.45,17.45,17.45,800
CAE,2017-07-18,12:36:00,17.44,17.44,17.44,17.44,100
CAE,2017-07-18,12:37:00,17.45,17.45,17.45,17.45,200
CAE,2017-07-18,12:40:00,17.45,17.45,17.45,17.45,200
CAE,2017-07-18,12:42:00,17.44,17.44,17.44,17.44,1000
CAE,2017-07-18,12:43:00,17.44,17.44,17.44,17.44,100
CAE,2017-07-18,12:44:00,17.44,17.44,17.44,17.44,200
CAE,2017-07-18,12:46:00,17.44,17.44,17.43,17.43,600
CAE,2017-07-18,12:48:00,17.43,17.43,17.43,17.43,200
CAE,2017-07-18,12:49:00,17.43,17.43,17.43,17.43,200
CAE,2017-07-18,12:55:00,17.43,17.43,17.43,17.43,1297
CAE,2017-07-18,12:57:00,17.43,17.43,17.43,17.43,100
CAE,2017-07-18,12:58:00,17.43,17.43,17.43,17.43,500
CAE,2017-07-18,13:01:00,17.43,17.44,17.43,17.43,2200
CAE,2017-07-18,13:02:00,17.42,17.43,17.42,17.43,200
CAE,2017-07-18,13:03:00,17.43,17.43,17.43,17.43,200
CAE,2017-07-18,13:05:00,17.43,17.43,17.43,17.43,700
CAE,2017-07-18,13:06:00,17.43,17.43,17.43,17.43,400
CAE,2017-07-18,13:07:00,17.44,17.44,17.44,17.44,100
CAE,2017-07-18,13:08:00,17.44,17.44,17.44,17.44,100
CAE,2017-07-18,13:13:00,17.43,17.43,17.41,17.41,2900
CAE,2017-07-18,13:14:00,17.42,17.42,17.42,17.42,695
CAE,2017-07-18,13:16:00,17.42,17.42,17.41,17.41,1600
CAE,2017-07-18,13:17:00,17.42,17.42,17.42,17.42,100
CAE,2017-07-18,13:19:00,17.42,17.42,17.42,17.42,780
CAE,2017-07-18,13:22:00,17.42,17.42,17.42,17.42,200
CAE,2017-07-18,13:24:00,17.42,17.42,17.42,17.42,200
CAE,2017-07-18,13:25:00,17.42,17.42,17.42,17.42,900
CAE,2017-07-18,13:26:00,17.42,17.43,17.42,17.43,700
CAE,2017-07-18,13:28:00,17.42,17.42,17.42,17.42,100
CAE,2017-07-18,13:29:00,17.42,17.42,17.42,17.42,100
CAE,2017-07-18,13:30:00,17.42,17.42,17.42,17.42,1900
CAE,2017-07-18,13:32:00,17.42,17.42,17.42,17.42,500
CAE,2017-07-18,13:35:00,17.43,17.43,17.43,17.43,200
CAE,2017-07-18,13:37:00,17.43,17.43,17.43,17.43,300
CAE,2017-07-18,13:39:00,17.43,17.43,17.43,17.43,500
CAE,2017-07-18,13:40:00,17.43,17.43,17.43,17.43,1252
CAE,2017-07-18,13:41:00,17.43,17.43,17.43,17.43,100
CAE,2017-07-18,13:42:00,17.43,17.43,17.43,17.43,300
CAE,2017-07-18,13:43:00,17.44,17.44,17.44,17.44,200
CAE,2017-07-18,13:49:00,17.45,17.45,17.45,17.45,800
CAE,2017-07-18,13:51:00,17.44,17.44,17.44,17.44,400
CAE,2017-07-18,13:54:00,17.44,17.44,17.44,17.44,900
CAE,2017-07-18,13:55:00,17.44,17.45,17.44,17.45,200
CAE,2017-07-18,13:56:00,17.45,17.45,17.45,17.45,100
CAE,2017-07-18,13:58:00,17.44,17.44,17.44,17.44,100
CAE,2017-07-18,14:02:00,17.45,17.45,17.45,17.45,100
CAE,2017-07-18,14:04:00,17.45,17.45,17.45,17.45,800
CAE,2017-07-18,14:05:00,17.44,17.44,17.44,17.44,1385
CAE,2017-07-18,14:10:00,17.45,17.45,17.45,17.45,200
CAE,2017-07-18,14:12:00,17.44,17.45,17.44,17.45,1100
CAE,2017-07-18,14:16:00,17.46,17.46,17.46,17.46,2800
CAE,2017-07-18,14:18:00,17.45,17.45,17.45,17.45,100
CAE,2017-07-18,14:19:00,17.46,17.46,17.46,17.46,490
CAE,2017-07-18,14:20:00,17.47,17.47,17.46,17.46,400
CAE,2017-07-18,14:21:00,17.46,17.46,17.46,17.46,200
CAE,2017-07-18,14:23:00,17.47,17.48,17.47,17.47,799
CAE,2017-07-18,14:25:00,17.48,17.48,17.48,17.48,200
CAE,2017-07-18,14:26:00,17.48,17.48,17.48,17.48,800
CAE,2017-07-18,14:27:00,17.48,17.48,17.48,17.48,300
CAE,2017-07-18,14:29:00,17.47,17.47,17.46,17.46,700
CAE,2017-07-18,14:33:00,17.47,17.47,17.47,17.47,1500
CAE,2017-07-18,14:34:00,17.47,17.47,17.47,17.47,2100
CAE,2017-07-18,14:35:00,17.47,17.47,17.47,17.47,100
CAE,2017-07-18,14:36:00,17.47,17.47,17.47,17.47,100
CAE,2017-07-18,14:37:00,17.48,17.48,17.48,17.48,200
CAE,2017-07-18,14:38:00,17.47,17.47,17.47,17.47,200
CAE,2017-07-18,14:41:00,17.47,17.47,17.47,17.47,1100
CAE,2017-07-18,14:42:00,17.47,17.47,17.47,17.47,600
CAE,2017-07-18,14:43:00,17.47,17.47,17.47,17.47,600
CAE,2017-07-18,14:45:00,17.46,17.46,17.46,17.46,200
CAE,2017-07-18,14:48:00,17.46,17.46,17.46,17.46,100
CAE,2017-07-18,14:53:00,17.46,17.46,17.46,17.46,1562
CAE,2017-07-18,14:54:00,17.46,17.46,17.46,17.46,500
CAE,2017-07-18,15:00:00,17.46,17.46,17.46,17.46,855
CAE,2017-07-18,15:02:00,17.46,17.46,17.45,17.46,1200
CAE,2017-07-18,15:03:00,17.45,17.46,17.45,17.46,900
CAE,2017-07-18,15:05:00,17.45,17.45,17.45,17.45,700
CAE,2017-07-18,15:06:00,17.45,17.45,17.45,17.45,697
CAE,2017-07-18,15:07:00,17.46,17.46,17.46,17.46,300
CAE,2017-07-18,15:08:00,17.46,17.46,17.46,17.46,1386
CAE,2017-07-18,15:15:00,17.45,17.45,17.45,17.45,159
CAE,2017-07-18,15:17:00,17.46,17.46,17.46,17.46,200
CAE,2017-07-18,15:19:00,17.46,17.46,17.46,17.46,100
CAE,2017-07-18,15:20:00,17.45,17.46,17.45,17.46,200
CAE,2017-07-18,15:21:00,17.45,17.45,17.45,17.45,600
CAE,2017-07-18,15:22:00,17.45,17.45,17.45,17.45,311
CAE,2017-07-18,15:26:00,17.45,17.45,17.45,17.45,800
CAE,2017-07-18,15:27:00,17.45,17.46,17.45,17.46,300
CAE,2017-07-18,15:30:00,17.46,17.46,17.46,17.46,400
CAE,2017-07-18,15:32:00,17.46,17.46,17.46,17.46,100
CAE,2017-07-18,15:35:00,17.46,17.46,17.46,17.46,1300
CAE,2017-07-18,15:36:00,17.46,17.48,17.46,17.48,2102
CAE,2017-07-18,15:37:00,17.48,17.48,17.48,17.48,100
CAE,2017-07-18,15:38:00,17.48,17.48,17.48,17.48,100
CAE,2017-07-18,15:39:00,17.48,17.48,17.48,17.48,100
CAE,2017-07-18,15:40:00,17.48,17.50,17.48,17.49,4200
CAE,2017-07-18,15:41:00,17.50,17.50,17.50,17.50,292
CAE,2017-07-18,15:42:00,17.50,17.50,17.49,17.49,1012
CAE,2017-07-18,15:43:00,17.49,17.49,17.49,17.49,100
CAE,2017-07-18,15:44:00,17.50,17.50,17.50,17.50,400
CAE,2017-07-18,15:45:00,17.51,17.51,17.50,17.50,2515
CAE,2017-07-18,15:47:00,17.50,17.50,17.50,17.50,1400
CAE,2017-07-18,15:48:00,17.49,17.49,17.49,17.49,400
CAE,2017-07-18,15:49:00,17.49,17.50,17.48,17.48,3500
CAE,2017-07-18,15:50:00,17.48,17.48,17.48,17.48,100
CAE,2017-07-18,15:51:00,17.49,17.49,17.49,17.49,100
CAE,2017-07-18,15:52:00,17.49,17.49,17.49,17.49,600
CAE,2017-07-18,15:54:00,17.50,17.50,17.50,17.50,282
CAE,2017-07-18,15:55:00,17.50,17.51,17.50,17.50,3288
CAE,2017-07-18,15:56:00,17.50,17.50,17.49,17.49,3300
CAE,2017-07-18,15:57:00,17.50,17.50,17.50,17.50,100
CAE,2017-07-18,15:58:00,17.50,17.50,17.50,17.50,11458
CAE,2017-07-18,15:59:00,17.49,17.49,17.49,17.49,200
CAE,2017-07-18,16:00:00,17.50,17.50,17.48,17.49,3703
CAE,2017-07-19,09:31:00,17.60,17.60,17.60,17.60,100
CAE,2017-07-19,09:33:00,17.58,17.58,17.58,17.58,2875
CAE,2017-07-19,09:34:00,17.57,17.57,17.57,17.57,1400
CAE,2017-07-19,09:35:00,17.57,17.59,17.57,17.59,900
CAE,2017-07-19,09:37:00,17.60,17.60,17.60,17.60,400
CAE,2017-07-19,09:38:00,17.63,17.63,17.60,17.60,3092
CAE,2017-07-19,09:40:00,17.60,17.60,17.59,17.59,200
CAE,2017-07-19,09:41:00,17.59,17.59,17.59,17.59,900
CAE,2017-07-19,09:44:00,17.61,17.61,17.59,17.59,400
CAE,2017-07-19,09:45:00,17.59,17.59,17.59,17.59,200
CAE,2017-07-19,09:46:00,17.60,17.60,17.60,17.60,200
CAE,2017-07-19,09:49:00,17.59,17.59,17.58,17.58,1600
CAE,2017-07-19,09:50:00,17.58,17.58,17.58,17.58,700
CAE,2017-07-19,09:51:00,17.58,17.58,17.57,17.57,1100
CAE,2017-07-19,09:52:00,17.57,17.57,17.56,17.56,1300
CAE,2017-07-19,09:53:00,17.56,17.57,17.56,17.57,800
CAE,2017-07-19,09:54:00,17.57,17.57,17.56,17.56,1744
CAE,2017-07-19,09:55:00,17.56,17.56,17.56,17.56,100
CAE,2017-07-19,09:56:00,17.57,17.57,17.57,17.57,200
CAE,2017-07-19,09:59:00,17.56,17.56,17.56,17.56,200
CAE,2017-07-19,10:00:00,17.57,17.57,17.57,17.57,300
CAE,2017-07-19,10:03:00,17.57,17.57,17.57,17.57,100
CAE,2017-07-19,10:04:00,17.58,17.58,17.58,17.58,100
CAE,2017-07-19,10:05:00,17.59,17.59,17.59,17.59,100
CAE,2017-07-19,10:06:00,17.58,17.58,17.58,17.58,100
CAE,2017-07-19,10:07:00,17.57,17.57,17.56,17.56,300
CAE,2017-07-19,10:09:00,17.55,17.56,17.55,17.56,700
CAE,2017-07-19,10:10:00,17.56,17.56,17.55,17.55,800
CAE,2017-07-19,10:12:00,17.56,17.56,17.56,17.56,100
CAE,2017-07-19,10:15:00,17.57,17.57,17.57,17.57,100
CAE,2017-07-19,10:16:00,17.58,17.58,17.58,17.58,300
CAE,2017-07-19,10:17:00,17.58,17.58,17.58,17.58,200
CAE,2017-07-19,10:20:00,17.57,17.57,17.57,17.57,100
CAE,2017-07-19,10:21:00,17.57,17.57,17.57,17.57,100
CAE,2017-07-19,10:22:00,17.57,17.57,17.57,17.57,100
CAE,2017-07-19,10:23:00,17.56,17.56,17.56,17.56,312
CAE,2017-07-19,10:24:00,17.57,17.57,17.57,17.57,100
CAE,2017-07-19,10:25:00,17.57,17.57,17.57,17.57,500
CAE,2017-07-19,10:27:00,17.58,17.58,17.58,17.58,100
CAE,2017-07-19,10:28:00,17.58,17.58,17.58,17.58,400
CAE,2017-07-19,10:31:00,17.59,17.59,17.59,17.59,1500
CAE,2017-07-19,10:35:00,17.60,17.60,17.60,17.60,100
CAE,2017-07-19,10:36:00,17.60,17.61,17.60,17.61,338
CAE,2017-07-19,10:38:00,17.60,17.60,17.60,17.60,100
CAE,2017-07-19,10:39:00,17.60,17.60,17.60,17.60,200
CAE,2017-07-19,10:40:00,17.59,17.59,17.58,17.58,400
CAE,2017-07-19,10:42:00,17.58,17.58,17.58,17.58,400
CAE,2017-07-19,10:44:00,17.59,17.59,17.59,17.59,600
CAE,2017-07-19,10:45:00,17.59,17.59,17.59,17.59,100
CAE,2017-07-19,10:46:00,17.59,17.59,17.59,17.59,200
CAE,2017-07-19,10:47:00,17.60,17.60,17.60,17.60,200
CAE,2017-07-19,10:48:00,17.60,17.60,17.60,17.60,100
CAE,2017-07-19,10:50:00,17.60,17.60,17.60,17.60,100
CAE,2017-07-19,10:51:00,17.59,17.59,17.59,17.59,200
CAE,2017-07-19,10:52:00,17.60,17.60,17.60,17.60,100
CAE,2017-07-19,10:54:00,17.60,17.60,17.60,17.60,100
CAE,2017-07-19,10:56:00,17.59,17.59,17.59,17.59,200
CAE,2017-07-19,10:58:00,17.59,17.59,17.59,17.59,100
CAE,2017-07-19,11:00:00,17.58,17.58,17.58,17.58,100
CAE,2017-07-19,11:02:00,17.58,17.59,17.58,17.59,200
CAE,2017-07-19,11:03:00,17.59,17.59,17.59,17.59,200
CAE,2017-07-19,11:06:00,17.59,17.59,17.59,17.59,100
CAE,2017-07-19,11:09:00,17.59,17.59,17.58,17.58,1900
CAE,2017-07-19,11:12:00,17.58,17.58,17.58,17.58,100
CAE,2017-07-19,11:14:00,17.58,17.58,17.58,17.58,100
CAE,2017-07-19,11:18:00,17.59,17.59,17.59,17.59,100
CAE,2017-07-19,11:22:00,17.58,17.58,17.58,17.58,100
CAE,2017-07-19,11:23:00,17.58,17.58,17.58,17.58,1100
CAE,2017-07-19,11:24:00,17.58,17.58,17.58,17.58,600
CAE,2017-07-19,11:26:00,17.58,17.58,17.58,17.58,300
CAE,2017-07-19,11:27:00,17.58,17.58,17.58,17.58,700
CAE,2017-07-19,11:28:00,17.58,17.58,17.58,17.58,100
CAE,2017-07-19,11:31:00,17.58,17.58,17.58,17.58,100
CAE,2017-07-19,11:38:00,17.58,17.59,17.58,17.59,400
CAE,2017-07-19,11:45:00,17.59,17.59,17.59,17.59,200
CAE,2017-07-19,11:46:00,17.59,17.59,17.59,17.59,200
CAE,2017-07-19,11:52:00,17.59,17.59,17.59,17.59,100
CAE,2017-07-19,11:53:00,17.59,17.59,17.59,17.59,400
CAE,2017-07-19,11:55:00,17.59,17.59,17.59,17.59,600
CAE,2017-07-19,11:57:00,17.59,17.59,17.58,17.58,3950
CAE,2017-07-19,11:59:00,17.59,17.59,17.59,17.59,300
CAE,2017-07-19,12:01:00,17.59,17.59,17.59,17.59,400
CAE,2017-07-19,12:05:00,17.60,17.60,17.60,17.60,3925
CAE,2017-07-19,12:06:00,17.59,17.59,17.59,17.59,100
CAE,2017-07-19,12:07:00,17.59,17.59,17.59,17.59,100
CAE,2017-07-19,12:08:00,17.59,17.59,17.59,17.59,500
CAE,2017-07-19,12:10:00,17.59,17.59,17.59,17.59,1600
CAE,2017-07-19,12:15:00,17.59,17.59,17.59,17.59,400
CAE,2017-07-19,12:17:00,17.60,17.60,17.60,17.60,100
CAE,2017-07-19,12:28:00,17.59,17.59,17.59,17.59,900
CAE,2017-07-19,12:29:00,17.59,17.59,17.59,17.59,500
CAE,2017-07-19,12:31:00,17.59,17.59,17.59,17.59,100
CAE,2017-07-19,12:32:00,17.58,17.58,17.58,17.58,100
CAE,2017-07-19,12:35:00,17.59,17.59,17.59,17.59,100
CAE,2017-07-19,12:37:00,17.59,17.59,17.59,17.59,200
CAE,2017-07-19,12:38:00,17.58,17.58,17.58,17.58,700
CAE,2017-07-19,12:40:00,17.58,17.58,17.58,17.58,100
CAE,2017-07-19,12:41:00,17.58,17.58,17.58,17.58,200
CAE,2017-07-19,12:42:00,17.58,17.58,17.58,17.58,274
CAE,2017-07-19,12:46:00,17.57,17.57,17.57,17.57,700
CAE,2017-07-19,12:48:00,17.57,17.57,17.57,17.57,100
CAE,2017-07-19,12:54:00,17.58,17.58,17.58,17.58,100
CAE,2017-07-19,12:57:00,17.58,17.58,17.58,17.58,100
CAE,2017-07-19,12:59:00,17.58,17.58,17.58,17.58,100
CAE,2017-07-19,13:02:00,17.57,17.57,17.57,17.57,300
CAE,2017-07-19,13:03:00,17.58,17.59,17.58,17.59,200
CAE,2017-07-19,13:04:00,17.58,17.58,17.57,17.57,500
CAE,2017-07-19,13:08:00,17.58,17.58,17.58,17.58,300
CAE,2017-07-19,13:09:00,17.58,17.58,17.58,17.58,200
CAE,2017-07-19,13:10:00,17.58,17.58,17.58,17.58,100
CAE,2017-07-19,13:12:00,17.58,17.58,17.58,17.58,300
CAE,2017-07-19,13:13:00,17.57,17.57,17.57,17.57,314
CAE,2017-07-19,13:14:00,17.57,17.57,17.57,17.57,400
CAE,2017-07-19,13:18:00,17.57,17.57,17.57,17.57,100
CAE,2017-07-19,13:19:00,17.57,17.57,17.57,17.57,500
CAE,2017-07-19,13:20:00,17.57,17.57,17.57,17.57,500
CAE,2017-07-19,13:23:00,17.57,17.57,17.57,17.57,300
CAE,2017-07-19,13:25:00,17.57,17.57,17.57,17.57,300
CAE,2017-07-19,13:26:00,17.57,17.57,17.57,17.57,498
CAE,2017-07-19,13:29:00,17.57,17.57,17.57,17.57,100
CAE,2017-07-19,13:32:00,17.57,17.57,17.57,17.57,500
CAE,2017-07-19,13:36:00,17.57,17.57,17.56,17.56,500
CAE,2017-07-19,13:37:00,17.56,17.56,17.56,17.56,1100
CAE,2017-07-19,13:38:00,17.56,17.56,17.56,17.56,200
CAE,2017-07-19,13:39:00,17.56,17.56,17.56,17.56,300
CAE,2017-07-19,13:43:00,17.57,17.57,17.57,17.57,300
CAE,2017-07-19,13:49:00,17.56,17.56,17.56,17.56,775
CAE,2017-07-19,13:52:00,17.57,17.57,17.57,17.57,100
CAE,2017-07-19,13:53:00,17.57,17.57,17.57,17.57,700
CAE,2017-07-19,13:55:00,17.58,17.58,17.57,17.57,700
CAE,2017-07-19,13:57:00,17.56,17.56,17.56,17.56,766
CAE,2017-07-19,13:58:00,17.56,17.56,17.56,17.56,200
CAE,2017-07-19,13:59:00,17.57,17.57,17.57,17.57,200
CAE,2017-07-19,14:03:00,17.57,17.57,17.57,17.57,400
CAE,2017-07-19,14:04:00,17.57,17.57,17.57,17.57,400
CAE,2017-07-19,14:05:00,17.57,17.57,17.57,17.57,300
CAE,2017-07-19,14:10:00,17.58,17.59,17.58,17.59,1000
CAE,2017-07-19,14:11:00,17.59,17.59,17.59,17.59,100
CAE,2017-07-19,14:12:00,17.59,17.59,17.59,17.59,300
CAE,2017-07-19,14:13:00,17.59,17.59,17.59,17.59,300
CAE,2017-07-19,14:15:00,17.59,17.59,17.59,17.59,700
CAE,2017-07-19,14:17:00,17.59,17.59,17.59,17.59,2200
CAE,2017-07-19,14:19:00,17.59,17.59,17.59,17.59,3500
CAE,2017-07-19,14:20:00,17.59,17.59,17.59,17.59,3000
CAE,2017-07-19,14:21:00,17.59,17.59,17.59,17.59,1100
CAE,2017-07-19,14:22:00,17.59,17.59,17.59,17.59,500
CAE,2017-07-19,14:23:00,17.59,17.59,17.59,17.59,500
CAE,2017-07-19,14:24:00,17.59,17.60,17.59,17.59,1100
CAE,2017-07-19,14:25:00,17.59,17.59,17.59,17.59,200
CAE,2017-07-19,14:26:00,17.59,17.59,17.59,17.59,200
CAE,2017-07-19,14:27:00,17.59,17.59,17.59,17.59,300
CAE,2017-07-19,14:28:00,17.59,17.59,17.59,17.59,400
CAE,2017-07-19,14:29:00,17.59,17.59,17.59,17.59,400
CAE,2017-07-19,14:30:00,17.59,17.59,17.59,17.59,300
CAE,2017-07-19,14:31:00,17.59,17.59,17.59,17.59,300
CAE,2017-07-19,14:32:00,17.59,17.59,17.59,17.59,400
CAE,2017-07-19,14:33:00,17.59,17.59,17.59,17.59,200
CAE,2017-07-19,14:34:00,17.59,17.59,17.59,17.59,100
CAE,2017-07-19,14:35:00,17.59,17.59,17.59,17.59,1700
CAE,2017-07-19,14:36:00,17.59,17.59,17.59,17.59,500
CAE,2017-07-19,14:37:00,17.59,17.59,17.59,17.59,100
CAE,2017-07-19,14:38:00,17.59,17.59,17.59,17.59,112
CAE,2017-07-19,14:39:00,17.59,17.59,17.59,17.59,300
CAE,2017-07-19,14:40:00,17.59,17.59,17.59,17.59,600
CAE,2017-07-19,14:43:00,17.59,17.59,17.59,17.59,1146
CAE,2017-07-19,14:44:00,17.59,17.59,17.59,17.59,700
CAE,2017-07-19,14:49:00,17.59,17.59,17.59,17.59,800
CAE,2017-07-19,14:51:00,17.59,17.59,17.59,17.59,100
CAE,2017-07-19,14:52:00,17.59,17.59,17.59,17.59,1100
CAE,2017-07-19,14:53:00,17.59,17.59,17.59,17.59,100
CAE,2017-07-19,14:54:00,17.59,17.59,17.59,17.59,100
CAE,2017-07-19,14:57:00,17.59,17.59,17.59,17.59,100
CAE,2017-07-19,14:59:00,17.59,17.59,17.58,17.58,2800
CAE,2017-07-19,15:00:00,17.58,17.58,17.58,17.58,300
CAE,2017-07-19,15:01:00,17.58,17.58,17.58,17.58,400
CAE,2017-07-19,15:02:00,17.58,17.58,17.58,17.58,400
CAE,2017-07-19,15:03:00,17.58,17.58,17.58,17.58,539
CAE,2017-07-19,15:04:00,17.58,17.58,17.58,17.58,100
CAE,2017-07-19,15:05:00,17.58,17.58,17.58,17.58,100
CAE,2017-07-19,15:09:00,17.58,17.58,17.58,17.58,100
CAE,2017-07-19,15:14:00,17.57,17.57,17.57,17.57,3200
CAE,2017-07-19,15:15:00,17.57,17.57,17.57,17.57,300
CAE,2017-07-19,15:16:00,17.56,17.56,17.56,17.56,150
CAE,2017-07-19,15:17:00,17.57,17.57,17.57,17.57,150
CAE,2017-07-19,15:18:00,17.57,17.57,17.57,17.57,619
CAE,2017-07-19,15:19:00,17.57,17.57,17.57,17.57,400
CAE,2017-07-19,15:20:00,17.58,17.58,17.58,17.58,239
CAE,2017-07-19,15:24:00,17.57,17.57,17.57,17.57,700
CAE,2017-07-19,15:25:00,17.57,17.57,17.57,17.57,300
CAE,2017-07-19,15:26:00,17.57,17.57,17.57,17.57,200
CAE,2017-07-19,15:27:00,17.57,17.57,17.57,17.57,2300
CAE,2017-07-19,15:28:00,17.57,17.57,17.57,17.57,2500
CAE,2017-07-19,15:29:00,17.57,17.57,17.57,17.57,200
CAE,2017-07-19,15:30:00,17.57,17.57,17.57,17.57,300
CAE,2017-07-19,15:31:00,17.57,17.57,17.56,17.57,1200
CAE,2017-07-19,15:32:00,17.57,17.57,17.57,17.57,500
CAE,2017-07-19,15:33:00,17.57,17.57,17.57,17.57,1200
CAE,2017-07-19,15:34:00,17.57,17.58,17.57,17.57,300
CAE,2017-07-19,15:35:00,17.57,17.58,17.57,17.57,300
CAE,2017-07-19,15:36:00,17.57,17.57,17.57,17.57,100
CAE,2017-07-19,15:37:00,17.58,17.58,17.57,17.57,200
CAE,2017-07-19,15:38:00,17.58,17.58,17.58,17.58,624
CAE,2017-07-19,15:39:00,17.58,17.58,17.58,17.58,425
CAE,2017-07-19,15:40:00,17.57,17.58,17.57,17.58,8172
CAE,2017-07-19,15:41:00,17.58,17.58,17.58,17.58,1800
CAE,2017-07-19,15:42:00,17.57,17.58,17.57,17.58,200
CAE,2017-07-19,15:43:00,17.57,17.58,17.57,17.58,900
CAE,2017-07-19,15:44:00,17.58,17.58,17.58,17.58,1159
CAE,2017-07-19,15:45:00,17.59,17.59,17.58,17.58,1100
CAE,2017-07-19,15:46:00,17.58,17.59,17.58,17.59,1100
CAE,2017-07-19,15:47:00,17.58,17.58,17.56,17.57,8100
CAE,2017-07-19,15:48:00,17.57,17.58,17.57,17.57,1500
CAE,2017-07-19,15:49:00,17.57,17.58,17.57,17.57,1500
CAE,2017-07-19,15:50:00,17.57,17.57,17.57,17.57,700
CAE,2017-07-19,15:51:00,17.57,17.58,17.57,17.58,1523
CAE,2017-07-19,15:52:00,17.58,17.58,17.58,17.58,2278
CAE,2017-07-19,15:53:00,17.58,17.58,17.58,17.58,3547
CAE,2017-07-19,15:54:00,17.58,17.58,17.58,17.58,400
CAE,2017-07-19,15:55:00,17.58,17.58,17.57,17.57,1500
CAE,2017-07-19,15:56:00,17.57,17.58,17.57,17.58,1200
CAE,2017-07-19,15:57:00,17.57,17.58,17.57,17.58,300
CAE,2017-07-19,15:58:00,17.57,17.58,17.57,17.58,1366
CAE,2017-07-19,15:59:00,17.58,17.58,17.57,17.58,700
CAE,2017-07-19,16:00:00,17.58,17.58,17.57,17.57,9697
CAE,2017-07-20,09:34:00,17.56,17.57,17.56,17.57,2710
CAE,2017-07-20,09:35:00,17.56,17.56,17.54,17.54,900
CAE,2017-07-20,09:36:00,17.54,17.55,17.54,17.54,400
CAE,2017-07-20,09:37:00,17.55,17.55,17.55,17.55,100
CAE,2017-07-20,09:38:00,17.55,17.56,17.55,17.56,400
CAE,2017-07-20,09:39:00,17.55,17.55,17.55,17.55,100
CAE,2017-07-20,09:46:00,17.54,17.54,17.54,17.54,1000
CAE,2017-07-20,09:48:00,17.54,17.54,17.54,17.54,1100
CAE,2017-07-20,09:51:00,17.54,17.54,17.52,17.52,900
CAE,2017-07-20,09:52:00,17.52,17.52,17.52,17.52,1300
CAE,2017-07-20,09:53:00,17.53,17.53,17.53,17.53,1300
CAE,2017-07-20,09:55:00,17.53,17.53,17.52,17.52,582
CAE,2017-07-20,09:57:00,17.53,17.53,17.52,17.52,300
CAE,2017-07-20,09:59:00,17.53,17.54,17.53,17.53,2060
CAE,2017-07-20,10:00:00,17.53,17.53,17.53,17.53,1200
CAE,2017-07-20,10:01:00,17.53,17.54,17.53,17.53,300
CAE,2017-07-20,10:02:00,17.53,17.53,17.53,17.53,1000
CAE,2017-07-20,10:03:00,17.52,17.53,17.52,17.53,2200
CAE,2017-07-20,10:08:00,17.53,17.53,17.53,17.53,400
CAE,2017-07-20,10:10:00,17.53,17.53,17.53,17.53,200
CAE,2017-07-20,10:11:00,17.54,17.54,17.54,17.54,150
CAE,2017-07-20,10:12:00,17.54,17.54,17.54,17.54,400
CAE,2017-07-20,10:13:00,17.54,17.54,17.54,17.54,100
CAE,2017-07-20,10:14:00,17.54,17.54,17.53,17.53,2000
CAE,2017-07-20,10:15:00,17.53,17.53,17.53,17.53,100
CAE,2017-07-20,10:16:00,17.53,17.53,17.53,17.53,400
CAE,2017-07-20,10:18:00,17.51,17.51,17.51,17.51,100
CAE,2017-07-20,10:19:00,17.51,17.51,17.51,17.51,400
CAE,2017-07-20,10:22:00,17.51,17.51,17.50,17.50,2764
CAE,2017-07-20,10:23:00,17.50,17.50,17.50,17.50,100
CAE,2017-07-20,10:24:00,17.51,17.51,17.51,17.51,100
CAE,2017-07-20,10:27:00,17.52,17.52,17.52,17.52,100
CAE,2017-07-20,10:29:00,17.52,17.52,17.52,17.52,200
CAE,2017-07-20,10:30:00,17.52,17.54,17.52,17.54,1300
CAE,2017-07-20,10:32:00,17.54,17.57,17.54,17.57,890
CAE,2017-07-20,10:33:00,17.56,17.56,17.55,17.55,600
CAE,2017-07-20,10:34:00,17.55,17.55,17.54,17.54,400
CAE,2017-07-20,10:35:00,17.55,17.55,17.55,17.55,100
CAE,2017-07-20,10:37:00,17.55,17.55,17.55,17.55,400
CAE,2017-07-20,10:39:00,17.54,17.54,17.54,17.54,200
CAE,2017-07-20,10:40:00,17.54,17.54,17.53,17.53,400
CAE,2017-07-20,10:41:00,17.52,17.52,17.51,17.51,1100
CAE,2017-07-20,10:42:00,17.52,17.53,17.52,17.53,1097
CAE,2017-07-20,10:44:00,17.54,17.56,17.54,17.56,400
CAE,2017-07-20,10:46:00,17.55,17.55,17.55,17.55,100
CAE,2017-07-20,10:47:00,17.56,17.56,17.56,17.56,300
CAE,2017-07-20,10:48:00,17.55,17.55,17.55,17.55,100
CAE,2017-07-20,10:50:00,17.55,17.55,17.54,17.54,200
CAE,2017-07-20,10:53:00,17.54,17.54,17.53,17.53,500
CAE,2017-07-20,10:54:00,17.54,17.54,17.54,17.54,500
CAE,2017-07-20,10:55:00,17.54,17.55,17.54,17.55,200
CAE,2017-07-20,10:56:00,17.56,17.56,17.56,17.56,200
CAE,2017-07-20,10:58:00,17.57,17.59,17.57,17.59,600
CAE,2017-07-20,11:00:00,17.59,17.59,17.59,17.59,200
CAE,2017-07-20,11:02:00,17.59,17.59,17.59,17.59,100
CAE,2017-07-20,11:04:00,17.60,17.60,17.60,17.60,800
CAE,2017-07-20,11:05:00,17.60,17.60,17.60,17.60,100
CAE,2017-07-20,11:06:00,17.60,17.60,17.60,17.60,100
CAE,2017-07-20,11:07:00,17.60,17.60,17.60,17.60,100
CAE,2017-07-20,11:10:00,17.59,17.59,17.58,17.58,400
CAE,2017-07-20,11:12:00,17.57,17.57,17.57,17.57,2900
CAE,2017-07-20,11:13:00,17.57,17.57,17.56,17.56,1000
CAE,2017-07-20,11:15:00,17.57,17.57,17.57,17.57,100
CAE,2017-07-20,11:16:00,17.57,17.57,17.57,17.57,200
CAE,2017-07-20,11:17:00,17.57,17.57,17.57,17.57,300
CAE,2017-07-20,11:20:00,17.57,17.57,17.56,17.56,900
CAE,2017-07-20,11:21:00,17.56,17.56,17.56,17.56,100
CAE,2017-07-20,11:24:00,17.55,17.55,17.54,17.54,400
CAE,2017-07-20,11:25:00,17.55,17.55,17.55,17.55,100
CAE,2017-07-20,11:26:00,17.54,17.54,17.54,17.54,200
CAE,2017-07-20,11:28:00,17.54,17.54,17.54,17.54,300
CAE,2017-07-20,11:29:00,17.55,17.55,17.55,17.55,300
CAE,2017-07-20,11:31:00,17.55,17.55,17.55,17.55,100
CAE,2017-07-20,11:32:00,17.54,17.54,17.54,17.54,300
CAE,2017-07-20,11:34:00,17.54,17.54,17.54,17.54,300
CAE,2017-07-20,11:35:00,17.53,17.53,17.53,17.53,100
CAE,2017-07-20,11:37:00,17.54,17.54,17.54,17.54,200
CAE,2017-07-20,11:38:00,17.53,17.53,17.53,17.53,300
CAE,2017-07-20,11:39:00,17.52,17.52,17.52,17.52,400
CAE,2017-07-20,11:41:00,17.51,17.51,17.50,17.50,250
CAE,2017-07-20,11:42:00,17.50,17.50,17.50,17.50,277
CAE,2017-07-20,11:43:00,17.51,17.51,17.51,17.51,200
CAE,2017-07-20,11:44:00,17.51,17.51,17.51,17.51,100
CAE,2017-07-20,11:49:00,17.51,17.52,17.51,17.52,400
CAE,2017-07-20,11:53:00,17.54,17.54,17.54,17.54,200
CAE,2017-07-20,11:55:00,17.54,17.54,17.53,17.53,600
CAE,2017-07-20,11:57:00,17.53,17.53,17.53,17.53,200
CAE,2017-07-20,12:02:00,17.52,17.52,17.52,17.52,500
CAE,2017-07-20,12:03:00,17.52,17.52,17.52,17.52,200
CAE,2017-07-20,12:04:00,17.53,17.53,17.53,17.53,1990
CAE,2017-07-20,12:07:00,17.53,17.53,17.53,17.53,900
CAE,2017-07-20,12:08:00,17.53,17.53,17.53,17.53,200
CAE,2017-07-20,12:10:00,17.52,17.52,17.52,17.52,100
CAE,2017-07-20,12:11:00,17.52,17.52,17.52,17.52,100
CAE,2017-07-20,12:12:00,17.52,17.52,17.52,17.52,200
CAE,2017-07-20,12:14:00,17.52,17.52,17.52,17.52,100
CAE,2017-07-20,12:16:00,17.52,17.52,17.52,17.52,100
CAE,2017-07-20,12:17:00,17.52,17.52,17.52,17.52,200
CAE,2017-07-20,12:19:00,17.53,17.53,17.53,17.53,100
CAE,2017-07-20,12:24:00,17.53,17.53,17.53,17.53,100
CAE,2017-07-20,12:25:00,17.53,17.53,17.53,17.53,900
CAE,2017-07-20,12:26:00,17.52,17.52,17.52,17.52,200
CAE,2017-07-20,12:27:00,17.53,17.53,17.53,17.53,2200
CAE,2017-07-20,12:29:00,17.54,17.54,17.54,17.54,279
CAE,2017-07-20,12:30:00,17.54,17.54,17.54,17.54,500
CAE,2017-07-20,12:32:00,17.54,17.54,17.54,17.54,577
CAE,2017-07-20,12:33:00,17.54,17.54,17.54,17.54,400
CAE,2017-07-20,12:38:00,17.53,17.53,17.53,17.53,400
CAE,2017-07-20,12:41:00,17.53,17.53,17.53,17.53,1200
CAE,2017-07-20,12:43:00,17.53,17.53,17.53,17.53,400
CAE,2017-07-20,12:44:00,17.54,17.54,17.54,17.54,100
CAE,2017-07-20,12:47:00,17.53,17.53,17.53,17.53,500
CAE,2017-07-20,12:48:00,17.53,17.53,17.53,17.53,100
CAE,2017-07-20,12:50:00,17.52,17.52,17.52,17.52,700
CAE,2017-07-20,12:51:00,17.53,17.53,17.53,17.53,100
CAE,2017-07-20,12:52:00,17.53,17.53,17.53,17.53,700
CAE,2017-07-20,12:54:00,17.53,17.53,17.53,17.53,400
CAE,2017-07-20,12:57:00,17.53,17.53,17.53,17.53,300
CAE,2017-07-20,12:58:00,17.53,17.53,17.52,17.52,300
CAE,2017-07-20,13:00:00,17.53,17.53,17.53,17.53,200
CAE,2017-07-20,13:01:00,17.52,17.52,17.52,17.52,100
CAE,2017-07-20,13:04:00,17.52,17.52,17.52,17.52,600
CAE,2017-07-20,13:05:00,17.52,17.52,17.51,17.51,300
CAE,2017-07-20,13:07:00,17.52,17.52,17.52,17.52,100
CAE,2017-07-20,13:08:00,17.52,17.53,17.52,17.53,400
CAE,2017-07-20,13:09:00,17.54,17.55,17.53,17.54,31867
CAE,2017-07-20,13:11:00,17.53,17.53,17.53,17.53,200
CAE,2017-07-20,13:13:00,17.53,17.53,17.53,17.53,5400
CAE,2017-07-20,13:14:00,17.54,17.55,17.54,17.54,7000
CAE,2017-07-20,13:16:00,17.54,17.54,17.54,17.54,1999
CAE,2017-07-20,13:17:00,17.55,17.55,17.54,17.54,2917
CAE,2017-07-20,13:18:00,17.54,17.54,17.54,17.54,1700
CAE,2017-07-20,13:19:00,17.54,17.54,17.54,17.54,1738
CAE,2017-07-20,13:24:00,17.55,17.55,17.55,17.55,100
CAE,2017-07-20,13:25:00,17.55,17.55,17.55,17.55,200
CAE,2017-07-20,13:26:00,17.55,17.55,17.55,17.55,100
CAE,2017-07-20,13:28:00,17.55,17.55,17.53,17.54,3690
CAE,2017-07-20,13:32:00,17.55,17.55,17.55,17.55,100
CAE,2017-07-20,13:33:00,17.55,17.55,17.55,17.55,2190
CAE,2017-07-20,13:34:00,17.55,17.55,17.55,17.55,1400
CAE,2017-07-20,13:35:00,17.55,17.55,17.55,17.55,600
CAE,2017-07-20,13:38:00,17.56,17.56,17.56,17.56,100
CAE,2017-07-20,13:40:00,17.55,17.55,17.55,17.55,1200
CAE,2017-07-20,13:41:00,17.55,17.55,17.55,17.55,200
CAE,2017-07-20,13:42:00,17.54,17.55,17.54,17.55,696
CAE,2017-07-20,13:47:00,17.54,17.54,17.54,17.54,1000
CAE,2017-07-20,13:48:00,17.54,17.54,17.54,17.54,400
CAE,2017-07-20,13:51:00,17.54,17.55,17.54,17.55,200
CAE,2017-07-20,13:52:00,17.55,17.55,17.55,17.55,100
CAE,2017-07-20,13:53:00,17.54,17.54,17.54,17.54,100
CAE,2017-07-20,13:54:00,17.54,17.54,17.54,17.54,1300
CAE,2017-07-20,13:55:00,17.54,17.54,17.54,17.54,1400
CAE,2017-07-20,13:56:00,17.54,17.54,17.54,17.54,900
CAE,2017-07-20,13:57:00,17.54,17.54,17.54,17.54,400
CAE,2017-07-20,13:59:00,17.54,17.54,17.54,17.54,100
CAE,2017-07-20,14:00:00,17.55,17.55,17.55,17.55,300
CAE,2017-07-20,14:01:00,17.54,17.54,17.54,17.54,800
CAE,2017-07-20,14:02:00,17.54,17.54,17.54,17.54,296
CAE,2017-07-20,14:04:00,17.54,17.54,17.54,17.54,300
CAE,2017-07-20,14:05:00,17.54,17.55,17.54,17.54,2769
CAE,2017-07-20,14:08:00,17.54,17.54,17.54,17.54,1300
CAE,2017-07-20,14:10:00,17.54,17.54,17.54,17.54,200
CAE,2017-07-20,14:11:00,17.54,17.54,17.54,17.54,496
CAE,2017-07-20,14:17:00,17.54,17.54,17.54,17.54,100
CAE,2017-07-20,14:19:00,17.55,17.55,17.55,17.55,900
CAE,2017-07-20,14:21:00,17.55,17.55,17.54,17.54,992
CAE,2017-07-20,14:22:00,17.55,17.55,17.55,17.55,500
CAE,2017-07-20,14:23:00,17.55,17.55,17.55,17.55,100
CAE,2017-07-20,14:25:00,17.55,17.55,17.55,17.55,100
CAE,2017-07-20,14:27:00,17.54,17.54,17.54,17.54,1200
CAE,2017-07-20,14:29:00,17.54,17.54,17.54,17.54,400
CAE,2017-07-20,14:31:00,17.54,17.54,17.54,17.54,100
CAE,2017-07-20,14:33:00,17.54,17.54,17.54,17.54,100
CAE,2017-07-20,14:35:00,17.54,17.54,17.53,17.53,1500
CAE,2017-07-20,14:36:00,17.53,17.53,17.53,17.53,1000
CAE,2017-07-20,14:37:00,17.53,17.53,17.53,17.53,400
CAE,2017-07-20,14:38:00,17.53,17.53,17.53,17.53,8200
CAE,2017-07-20,14:41:00,17.54,17.54,17.53,17.53,3100
CAE,2017-07-20,14:42:00,17.53,17.53,17.53,17.53,100
CAE,2017-07-20,14:43:00,17.53,17.53,17.52,17.52,1000
CAE,2017-07-20,14:44:00,17.52,17.53,17.52,17.53,600
CAE,2017-07-20,14:45:00,17.54,17.54,17.54,17.54,100
CAE,2017-07-20,14:46:00,17.53,17.53,17.52,17.52,1812
CAE,2017-07-20,14:47:00,17.52,17.52,17.52,17.52,100
CAE,2017-07-20,14:49:00,17.52,17.52,17.52,17.52,100
CAE,2017-07-20,14:50:00,17.52,17.52,17.52,17.52,100
CAE,2017-07-20,14:52:00,17.53,17.53,17.53,17.53,200
CAE,2017-07-20,14:53:00,17.52,17.52,17.52,17.52,100
CAE,2017-07-20,14:55:00,17.53,17.53,17.53,17.53,100
CAE,2017-07-20,14:57:00,17.53,17.53,17.53,17.53,600
CAE,2017-07-20,14:58:00,17.53,17.54,17.53,17.53,700
CAE,2017-07-20,15:00:00,17.52,17.52,17.52,17.52,200
CAE,2017-07-20,15:01:00,17.52,17.52,17.52,17.52,200
CAE,2017-07-20,15:07:00,17.52,17.52,17.52,17.52,500
CAE,2017-07-20,15:08:00,17.52,17.52,17.52,17.52,100
CAE,2017-07-20,15:09:00,17.52,17.52,17.52,17.52,700
CAE,2017-07-20,15:12:00,17.52,17.52,17.52,17.52,403
CAE,2017-07-20,15:13:00,17.52,17.52,17.52,17.52,2900
CAE,2017-07-20,15:14:00,17.52,17.52,17.52,17.52,101
CAE,2017-07-20,15:17:00,17.53,17.53,17.51,17.51,2100
CAE,2017-07-20,15:18:00,17.51,17.51,17.50,17.50,2252
CAE,2017-07-20,15:19:00,17.50,17.50,17.50,17.50,100
CAE,2017-07-20,15:20:00,17.51,17.51,17.50,17.51,400
CAE,2017-07-20,15:21:00,17.50,17.50,17.50,17.50,100
CAE,2017-07-20,15:22:00,17.50,17.50,17.50,17.50,300
CAE,2017-07-20,15:23:00,17.50,17.50,17.50,17.50,100
CAE,2017-07-20,15:24:00,17.50,17.50,17.50,17.50,300
CAE,2017-07-20,15:25:00,17.51,17.51,17.50,17.50,200
CAE,2017-07-20,15:26:00,17.50,17.51,17.50,17.51,200
CAE,2017-07-20,15:27:00,17.51,17.51,17.51,17.51,300
CAE,2017-07-20,15:28:00,17.51,17.51,17.51,17.51,100
CAE,2017-07-20,15:29:00,17.51,17.52,17.51,17.52,1001
CAE,2017-07-20,15:30:00,17.51,17.51,17.51,17.51,200
CAE,2017-07-20,15:31:00,17.51,17.51,17.51,17.51,1586
CAE,2017-07-20,15:32:00,17.50,17.50,17.50,17.50,300
CAE,2017-07-20,15:33:00,17.50,17.50,17.50,17.50,300
CAE,2017-07-20,15:34:00,17.51,17.51,17.51,17.51,500
CAE,2017-07-20,15:35:00,17.51,17.51,17.51,17.51,400
CAE,2017-07-20,15:36:00,17.51,17.51,17.51,17.51,600
CAE,2017-07-20,15:37:00,17.51,17.51,17.51,17.51,1300
CAE,2017-07-20,15:38:00,17.51,17.51,17.51,17.51,100
CAE,2017-07-20,15:39:00,17.51,17.51,17.51,17.51,300
CAE,2017-07-20,15:40:00,17.52,17.54,17.51,17.52,26752
CAE,2017-07-20,15:41:00,17.52,17.52,17.51,17.51,2500
CAE,2017-07-20,15:42:00,17.51,17.51,17.51,17.51,4800
CAE,2017-07-20,15:44:00,17.51,17.51,17.51,17.51,100
CAE,2017-07-20,15:45:00,17.51,17.51,17.51,17.51,1550
CAE,2017-07-20,15:46:00,17.51,17.51,17.51,17.51,600
CAE,2017-07-20,15:47:00,17.51,17.51,17.51,17.51,300
CAE,2017-07-20,15:49:00,17.51,17.51,17.50,17.50,7258
CAE,2017-07-20,15:50:00,17.51,17.51,17.51,17.51,200
CAE,2017-07-20,15:51:00,17.51,17.51,17.50,17.51,1998
CAE,2017-07-20,15:52:00,17.51,17.51,17.51,17.51,500
CAE,2017-07-20,15:53:00,17.51,17.51,17.51,17.51,500
CAE,2017-07-20,15:54:00,17.51,17.51,17.51,17.51,200
CAE,2017-07-20,15:55:00,17.51,17.51,17.51,17.51,100
CAE,2017-07-20,15:56:00,17.50,17.50,17.50,17.50,3869
CAE,2017-07-20,15:57:00,17.50,17.50,17.49,17.49,900
CAE,2017-07-20,15:58:00,17.49,17.50,17.49,17.49,600
CAE,2017-07-20,15:59:00,17.49,17.50,17.49,17.50,2966
CAE,2017-07-20,16:00:00,17.51,17.51,17.49,17.49,9593
CAE,2017-07-21,09:33:00,17.52,17.52,17.52,17.52,1134
CAE,2017-07-21,09:34:00,17.53,17.54,17.53,17.53,1600
CAE,2017-07-21,09:35:00,17.51,17.51,17.51,17.51,215
CAE,2017-07-21,09:36:00,17.50,17.50,17.49,17.49,1800
CAE,2017-07-21,09:37:00,17.48,17.48,17.47,17.47,200
CAE,2017-07-21,09:38:00,17.46,17.47,17.46,17.47,1100
CAE,2017-07-21,09:42:00,17.48,17.48,17.48,17.48,2820
CAE,2017-07-21,09:43:00,17.50,17.50,17.49,17.50,1300
CAE,2017-07-21,09:44:00,17.50,17.50,17.50,17.50,200
CAE,2017-07-21,09:45:00,17.51,17.51,17.51,17.51,200
CAE,2017-07-21,09:46:00,17.51,17.52,17.51,17.51,950
CAE,2017-07-21,09:48:00,17.51,17.51,17.49,17.49,3900
CAE,2017-07-21,09:49:00,17.48,17.48,17.48,17.48,600
CAE,2017-07-21,09:51:00,17.49,17.49,17.48,17.48,275
CAE,2017-07-21,09:52:00,17.47,17.48,17.46,17.46,600
CAE,2017-07-21,09:53:00,17.47,17.49,17.47,17.48,700
CAE,2017-07-21,09:54:00,17.49,17.49,17.49,17.49,300
CAE,2017-07-21,09:56:00,17.49,17.49,17.49,17.49,200
CAE,2017-07-21,09:57:00,17.49,17.49,17.49,17.49,400
CAE,2017-07-21,09:59:00,17.49,17.49,17.48,17.48,774
CAE,2017-07-21,10:00:00,17.48,17.48,17.48,17.48,500
CAE,2017-07-21,10:01:00,17.48,17.48,17.48,17.48,265
CAE,2017-07-21,10:02:00,17.46,17.46,17.46,17.46,900
CAE,2017-07-21,10:03:00,17.45,17.46,17.45,17.46,2271
CAE,2017-07-21,10:04:00,17.46,17.46,17.46,17.46,100
CAE,2017-07-21,10:05:00,17.45,17.45,17.45,17.45,300
CAE,2017-07-21,10:06:00,17.44,17.44,17.44,17.44,100
CAE,2017-07-21,10:07:00,17.43,17.43,17.43,17.43,100
CAE,2017-07-21,10:09:00,17.42,17.42,17.42,17.42,200
CAE,2017-07-21,10:12:00,17.42,17.43,17.42,17.43,600
CAE,2017-07-21,10:13:00,17.43,17.44,17.43,17.44,500
CAE,2017-07-21,10:15:00,17.44,17.45,17.44,17.45,500
CAE,2017-07-21,10:16:00,17.45,17.45,17.45,17.45,100
CAE,2017-07-21,10:18:00,17.45,17.45,17.45,17.45,100
CAE,2017-07-21,10:21:00,17.45,17.45,17.45,17.45,200
CAE,2017-07-21,10:22:00,17.45,17.45,17.45,17.45,600
CAE,2017-07-21,10:23:00,17.46,17.46,17.46,17.46,300
CAE,2017-07-21,10:24:00,17.45,17.45,17.45,17.45,300
CAE,2017-07-21,10:25:00,17.45,17.46,17.45,17.46,300
CAE,2017-07-21,10:27:00,17.46,17.46,17.45,17.45,200
CAE,2017-07-21,10:31:00,17.44,17.44,17.44,17.44,600
CAE,2017-07-21,10:32:00,17.45,17.45,17.45,17.45,200
CAE,2017-07-21,10:34:00,17.45,17.45,17.45,17.45,200
CAE,2017-07-21,10:36:00,17.45,17.45,17.45,17.45,300
CAE,2017-07-21,10:38:00,17.45,17.45,17.45,17.45,200
CAE,2017-07-21,10:41:00,17.45,17.45,17.45,17.45,100
CAE,2017-07-21,10:46:00,17.46,17.46,17.46,17.46,500
CAE,2017-07-21,10:48:00,17.46,17.46,17.46,17.46,100
CAE,2017-07-21,10:50:00,17.47,17.47,17.47,17.47,100
CAE,2017-07-21,10:52:00,17.47,17.47,17.47,17.47,300
CAE,2017-07-21,10:53:00,17.46,17.46,17.46,17.46,1832
CAE,2017-07-21,10:54:00,17.48,17.49,17.48,17.49,400
CAE,2017-07-21,10:55:00,17.49,17.49,17.49,17.49,400
CAE,2017-07-21,10:57:00,17.48,17.48,17.48,17.48,130
CAE,2017-07-21,10:58:00,17.48,17.48,17.48,17.48,600
CAE,2017-07-21,10:59:00,17.48,17.48,17.48,17.48,400
CAE,2017-07-21,11:01:00,17.47,17.47,17.46,17.46,1100
CAE,2017-07-21,11:02:00,17.46,17.46,17.45,17.46,1100
CAE,2017-07-21,11:03:00,17.47,17.47,17.47,17.47,100
CAE,2017-07-21,11:04:00,17.46,17.46,17.46,17.46,100
CAE,2017-07-21,11:07:00,17.47,17.47,17.47,17.47,100
CAE,2017-07-21,11:08:00,17.47,17.47,17.47,17.47,500
CAE,2017-07-21,11:09:00,17.47,17.47,17.47,17.47,200
CAE,2017-07-21,11:10:00,17.47,17.47,17.47,17.47,904
CAE,2017-07-21,11:14:00,17.46,17.46,17.46,17.46,400
CAE,2017-07-21,11:15:00,17.46,17.46,17.46,17.46,732
CAE,2017-07-21,11:19:00,17.47,17.47,17.46,17.46,300
CAE,2017-07-21,11:21:00,17.46,17.46,17.46,17.46,100
CAE,2017-07-21,11:22:00,17.46,17.46,17.46,17.46,600
CAE,2017-07-21,11:25:00,17.45,17.45,17.45,17.45,440
CAE,2017-07-21,11:26:00,17.45,17.45,17.45,17.45,200
CAE,2017-07-21,11:27:00,17.45,17.45,17.45,17.45,100
CAE,2017-07-21,11:30:00,17.45,17.45,17.45,17.45,300
CAE,2017-07-21,11:31:00,17.45,17.45,17.45,17.45,200
CAE,2017-07-21,11:32:00,17.45,17.45,17.45,17.45,200
CAE,2017-07-21,11:33:00,17.45,17.46,17.45,17.46,700
CAE,2017-07-21,11:34:00,17.45,17.45,17.44,17.44,300
CAE,2017-07-21,11:36:00,17.45,17.45,17.45,17.45,100
CAE,2017-07-21,11:38:00,17.45,17.45,17.45,17.45,300
CAE,2017-07-21,11:40:00,17.44,17.44,17.44,17.44,100
CAE,2017-07-21,11:41:00,17.45,17.45,17.45,17.45,200
CAE,2017-07-21,11:42:00,17.44,17.44,17.44,17.44,1421
CAE,2017-07-21,11:43:00,17.44,17.44,17.44,17.44,300
CAE,2017-07-21,11:44:00,17.44,17.44,17.44,17.44,100
CAE,2017-07-21,11:46:00,17.44,17.44,17.44,17.44,250
CAE,2017-07-21,11:47:00,17.43,17.43,17.43,17.43,1500
CAE,2017-07-21,11:51:00,17.42,17.42,17.42,17.42,100
CAE,2017-07-21,11:52:00,17.42,17.42,17.41,17.41,1900
CAE,2017-07-21,11:56:00,17.41,17.42,17.41,17.42,2500
CAE,2017-07-21,11:59:00,17.42,17.42,17.42,17.42,300
CAE,2017-07-21,12:01:00,17.42,17.42,17.42,17.42,100
CAE,2017-07-21,12:03:00,17.43,17.43,17.43,17.43,100
CAE,2017-07-21,12:05:00,17.43,17.43,17.43,17.43,1000
CAE,2017-07-21,12:07:00,17.43,17.43,17.43,17.43,100
CAE,2017-07-21,12:08:00,17.44,17.44,17.44,17.44,200
CAE,2017-07-21,12:09:00,17.44,17.44,17.44,17.44,100
CAE,2017-07-21,12:11:00,17.44,17.44,17.44,17.44,1200
CAE,2017-07-21,12:12:00,17.43,17.43,17.43,17.43,200
CAE,2017-07-21,12:13:00,17.43,17.43,17.43,17.43,500
CAE,2017-07-21,12:15:00,17.43,17.43,17.43,17.43,300
CAE,2017-07-21,12:16:00,17.44,17.45,17.44,17.45,500
CAE,2017-07-21,12:18:00,17.44,17.44,17.44,17.44,100
CAE,2017-07-21,12:19:00,17.44,17.44,17.44,17.44,200
CAE,2017-07-21,12:20:00,17.44,17.44,17.44,17.44,300
CAE,2017-07-21,12:21:00,17.43,17.43,17.43,17.43,300
CAE,2017-07-21,12:22:00,17.43,17.43,17.42,17.42,1100
CAE,2017-07-21,12:25:00,17.41,17.41,17.41,17.41,104
CAE,2017-07-21,12:27:00,17.42,17.42,17.42,17.42,320
CAE,2017-07-21,12:29:00,17.41,17.41,17.39,17.39,3020
CAE,2017-07-21,12:30:00,17.39,17.39,17.39,17.39,300
CAE,2017-07-21,12:33:00,17.40,17.41,17.40,17.41,3383
CAE,2017-07-21,12:35:00,17.41,17.41,17.40,17.40,1000
CAE,2017-07-21,12:36:00,17.40,17.40,17.39,17.39,6400
CAE,2017-07-21,12:37:00,17.40,17.40,17.40,17.40,200
CAE,2017-07-21,12:38:00,17.40,17.41,17.40,17.41,700
CAE,2017-07-21,12:39:00,17.41,17.41,17.41,17.41,100
CAE,2017-07-21,12:41:00,17.40,17.40,17.40,17.40,200
CAE,2017-07-21,12:43:00,17.40,17.40,17.40,17.40,100
CAE,2017-07-21,12:44:00,17.41,17.41,17.41,17.41,827
CAE,2017-07-21,12:46:00,17.41,17.41,17.41,17.41,1000
CAE,2017-07-21,12:47:00,17.41,17.41,17.41,17.41,100
CAE,2017-07-21,12:49:00,17.42,17.42,17.42,17.42,100
CAE,2017-07-21,12:50:00,17.43,17.43,17.43,17.43,100
CAE,2017-07-21,12:52:00,17.42,17.42,17.42,17.42,100
CAE,2017-07-21,12:53:00,17.42,17.42,17.42,17.42,200
CAE,2017-07-21,12:54:00,17.42,17.42,17.41,17.41,1200
CAE,2017-07-21,12:55:00,17.42,17.42,17.42,17.42,100
CAE,2017-07-21,12:59:00,17.41,17.41,17.41,17.41,200
CAE,2017-07-21,13:00:00,17.42,17.42,17.42,17.42,200
CAE,2017-07-21,13:02:00,17.42,17.42,17.42,17.42,300
CAE,2017-07-21,13:04:00,17.42,17.42,17.42,17.42,200
CAE,2017-07-21,13:07:00,17.42,17.42,17.42,17.42,100
CAE,2017-07-21,13:08:00,17.42,17.42,17.42,17.42,600
CAE,2017-07-21,13:09:00,17.42,17.42,17.42,17.42,900
CAE,2017-07-21,13:10:00,17.42,17.42,17.42,17.42,100
CAE,2017-07-21,13:11:00,17.41,17.41,17.40,17.41,2099
CAE,2017-07-21,13:12:00,17.41,17.41,17.41,17.41,480
CAE,2017-07-21,13:13:00,17.41,17.41,17.41,17.41,100
CAE,2017-07-21,13:14:00,17.42,17.43,17.42,17.42,2800
CAE,2017-07-21,13:15:00,17.43,17.43,17.43,17.43,500
CAE,2017-07-21,13:18:00,17.43,17.43,17.43,17.43,100
CAE,2017-07-21,13:20:00,17.43,17.43,17.43,17.43,500
CAE,2017-07-21,13:21:00,17.43,17.43,17.43,17.43,200
CAE,2017-07-21,13:22:00,17.44,17.44,17.44,17.44,100
CAE,2017-07-21,13:26:00,17.44,17.44,17.43,17.43,200
CAE,2017-07-21,13:29:00,17.43,17.43,17.43,17.43,900
CAE,2017-07-21,13:30:00,17.43,17.43,17.43,17.43,100
CAE,2017-07-21,13:31:00,17.43,17.43,17.43,17.43,100
CAE,2017-07-21,13:32:00,17.43,17.43,17.43,17.43,100
CAE,2017-07-21,13:33:00,17.43,17.43,17.43,17.43,100
CAE,2017-07-21,13:36:00,17.44,17.44,17.44,17.44,599
CAE,2017-07-21,13:38:00,17.45,17.46,17.45,17.46,400
CAE,2017-07-21,13:39:00,17.46,17.46,17.46,17.46,600
CAE,2017-07-21,13:40:00,17.46,17.46,17.46,17.46,500
CAE,2017-07-21,13:41:00,17.45,17.45,17.45,17.45,400
CAE,2017-07-21,13:42:00,17.45,17.45,17.45,17.45,100
CAE,2017-07-21,13:43:00,17.45,17.45,17.45,17.45,200
CAE,2017-07-21,13:44:00,17.46,17.46,17.44,17.44,3500
CAE,2017-07-21,13:46:00,17.44,17.44,17.44,17.44,100
CAE,2017-07-21,13:48:00,17.43,17.43,17.43,17.43,200
CAE,2017-07-21,13:51:00,17.43,17.43,17.43,17.43,100
CAE,2017-07-21,13:53:00,17.43,17.43,17.43,17.43,100
CAE,2017-07-21,13:55:00,17.43,17.43,17.43,17.43,500
CAE,2017-07-21,13:57:00,17.43,17.43,17.43,17.43,100
CAE,2017-07-21,13:58:00,17.43,17.43,17.43,17.43,200
CAE,2017-07-21,13:59:00,17.43,17.44,17.43,17.43,800
CAE,2017-07-21,14:00:00,17.43,17.43,17.43,17.43,200
CAE,2017-07-21,14:02:00,17.43,17.43,17.43,17.43,1800
CAE,2017-07-21,14:03:00,17.43,17.43,17.43,17.43,100
CAE,2017-07-21,14:06:00,17.42,17.42,17.42,17.42,100
CAE,2017-07-21,14:07:00,17.43,17.43,17.43,17.43,200
CAE,2017-07-21,14:13:00,17.43,17.43,17.43,17.43,100
CAE,2017-07-21,14:18:00,17.43,17.43,17.43,17.43,300
CAE,2017-07-21,14:19:00,17.43,17.43,17.43,17.43,1100
CAE,2017-07-21,14:20:00,17.43,17.43,17.43,17.43,100
CAE,2017-07-21,14:22:00,17.43,17.43,17.43,17.43,200
CAE,2017-07-21,14:23:00,17.43,17.44,17.43,17.44,300
CAE,2017-07-21,14:26:00,17.44,17.44,17.44,17.44,100
CAE,2017-07-21,14:30:00,17.44,17.44,17.44,17.44,700
CAE,2017-07-21,14:32:00,17.44,17.44,17.44,17.44,500
CAE,2017-07-21,14:34:00,17.44,17.44,17.44,17.44,500
CAE,2017-07-21,14:35:00,17.44,17.44,17.44,17.44,100
CAE,2017-07-21,14:36:00,17.44,17.44,17.44,17.44,2100
CAE,2017-07-21,14:41:00,17.44,17.44,17.44,17.44,100
CAE,2017-07-21,14:42:00,17.44,17.44,17.44,17.44,1900
CAE,2017-07-21,14:44:00,17.44,17.44,17.44,17.44,200
CAE,2017-07-21,14:47:00,17.44,17.44,17.42,17.43,3705
CAE,2017-07-21,14:56:00,17.44,17.44,17.44,17.44,300
CAE,2017-07-21,14:57:00,17.44,17.44,17.44,17.44,100
CAE,2017-07-21,14:58:00,17.44,17.44,17.44,17.44,100
CAE,2017-07-21,15:00:00,17.44,17.44,17.44,17.44,450
CAE,2017-07-21,15:01:00,17.44,17.44,17.44,17.44,599
CAE,2017-07-21,15:03:00,17.43,17.45,17.43,17.45,600
CAE,2017-07-21,15:05:00,17.45,17.45,17.45,17.45,100
CAE,2017-07-21,15:07:00,17.45,17.45,17.45,17.45,200
CAE,2017-07-21,15:08:00,17.44,17.44,17.44,17.44,100
CAE,2017-07-21,15:09:00,17.44,17.44,17.44,17.44,1799
CAE,2017-07-21,15:10:00,17.44,17.44,17.43,17.43,3100
CAE,2017-07-21,15:11:00,17.44,17.44,17.44,17.44,500
CAE,2017-07-21,15:13:00,17.44,17.44,17.44,17.44,1100
CAE,2017-07-21,15:15:00,17.44,17.44,17.44,17.44,400
CAE,2017-07-21,15:19:00,17.44,17.44,17.44,17.44,100
CAE,2017-07-21,15:20:00,17.44,17.44,17.44,17.44,1500
CAE,2017-07-21,15:22:00,17.43,17.43,17.43,17.43,100
CAE,2017-07-21,15:23:00,17.44,17.44,17.44,17.44,1499
CAE,2017-07-21,15:26:00,17.45,17.45,17.43,17.43,3402
CAE,2017-07-21,15:27:00,17.43,17.43,17.43,17.43,200
CAE,2017-07-21,15:28:00,17.43,17.43,17.43,17.43,200
CAE,2017-07-21,15:31:00,17.43,17.43,17.43,17.43,466
CAE,2017-07-21,15:32:00,17.43,17.43,17.43,17.43,100
CAE,2017-07-21,15:35:00,17.44,17.44,17.43,17.43,200
CAE,2017-07-21,15:36:00,17.43,17.44,17.43,17.44,200
CAE,2017-07-21,15:38:00,17.43,17.43,17.43,17.43,100
CAE,2017-07-21,15:39:00,17.43,17.44,17.43,17.43,400
CAE,2017-07-21,15:40:00,17.43,17.43,17.42,17.42,2900
CAE,2017-07-21,15:41:00,17.43,17.44,17.43,17.44,1800
CAE,2017-07-21,15:43:00,17.44,17.45,17.44,17.45,1492
CAE,2017-07-21,15:44:00,17.44,17.44,17.44,17.44,200
CAE,2017-07-21,15:46:00,17.45,17.45,17.45,17.45,100
CAE,2017-07-21,15:47:00,17.45,17.45,17.44,17.44,1900
CAE,2017-07-21,15:48:00,17.44,17.45,17.44,17.44,3650
CAE,2017-07-21,15:49:00,17.44,17.45,17.44,17.45,600
CAE,2017-07-21,15:50:00,17.45,17.45,17.44,17.44,800
CAE,2017-07-21,15:51:00,17.44,17.44,17.43,17.44,2400
CAE,2017-07-21,15:52:00,17.43,17.43,17.43,17.43,2562
CAE,2017-07-21,15:53:00,17.43,17.43,17.42,17.43,1393
CAE,2017-07-21,15:54:00,17.43,17.43,17.43,17.43,900
CAE,2017-07-21,15:55:00,17.44,17.44,17.43,17.43,200
CAE,2017-07-21,15:56:00,17.44,17.44,17.43,17.43,1500
CAE,2017-07-21,15:57:00,17.43,17.43,17.43,17.43,400
CAE,2017-07-21,15:58:00,17.44,17.44,17.43,17.43,1500
CAE,2017-07-21,15:59:00,17.43,17.44,17.43,17.43,2200
CAE,2017-07-21,16:00:00,17.43,17.44,17.43,17.43,4331
