CNP,2017-07-18,09:30:00,27.80,27.80,27.80,27.80,19603
CNP,2017-07-18,09:31:00,27.74,27.74,27.69,27.72,2241
CNP,2017-07-18,09:32:00,27.74,27.74,27.74,27.74,300
CNP,2017-07-18,09:33:00,27.74,27.74,27.74,27.74,100
CNP,2017-07-18,09:34:00,27.73,27.73,27.72,27.72,1600
CNP,2017-07-18,09:35:00,27.72,27.74,27.72,27.74,1000
CNP,2017-07-18,09:36:00,27.75,27.77,27.75,27.75,3200
CNP,2017-07-18,09:37:00,27.76,27.78,27.75,27.76,5300
CNP,2017-07-18,09:38:00,27.75,27.75,27.75,27.75,200
CNP,2017-07-18,09:39:00,27.75,27.79,27.75,27.78,2700
CNP,2017-07-18,09:40:00,27.79,27.80,27.79,27.80,4707
CNP,2017-07-18,09:41:00,27.80,27.80,27.78,27.79,10799
CNP,2017-07-18,09:42:00,27.77,27.80,27.77,27.80,22726
CNP,2017-07-18,09:43:00,27.79,27.81,27.79,27.81,9699
CNP,2017-07-18,09:44:00,27.82,27.83,27.81,27.81,5746
CNP,2017-07-18,09:45:00,27.81,27.82,27.80,27.82,4410
CNP,2017-07-18,09:46:00,27.81,27.81,27.79,27.80,23314
CNP,2017-07-18,09:47:00,27.79,27.80,27.79,27.79,4100
CNP,2017-07-18,09:48:00,27.80,27.81,27.80,27.80,5914
CNP,2017-07-18,09:49:00,27.81,27.83,27.81,27.83,2400
CNP,2017-07-18,09:50:00,27.83,27.84,27.82,27.83,6438
CNP,2017-07-18,09:51:00,27.83,27.84,27.82,27.84,3527
CNP,2017-07-18,09:52:00,27.84,27.84,27.82,27.83,5500
CNP,2017-07-18,09:53:00,27.83,27.84,27.82,27.82,3000
CNP,2017-07-18,09:54:00,27.82,27.82,27.80,27.80,1899
CNP,2017-07-18,09:55:00,27.80,27.80,27.79,27.79,3827
CNP,2017-07-18,09:56:00,27.79,27.80,27.78,27.80,51700
CNP,2017-07-18,09:57:00,27.79,27.79,27.79,27.79,3248
CNP,2017-07-18,09:58:00,27.79,27.82,27.79,27.82,4444
CNP,2017-07-18,09:59:00,27.82,27.84,27.81,27.84,9745
CNP,2017-07-18,10:00:00,27.83,27.84,27.82,27.83,3513
CNP,2017-07-18,10:01:00,27.83,27.83,27.82,27.83,3501
CNP,2017-07-18,10:02:00,27.83,27.83,27.80,27.81,5451
CNP,2017-07-18,10:03:00,27.82,27.84,27.82,27.84,2600
CNP,2017-07-18,10:04:00,27.83,27.83,27.79,27.79,7407
CNP,2017-07-18,10:05:00,27.80,27.80,27.80,27.80,1200
CNP,2017-07-18,10:06:00,27.81,27.81,27.80,27.80,1200
CNP,2017-07-18,10:07:00,27.79,27.79,27.76,27.77,6978
CNP,2017-07-18,10:08:00,27.76,27.77,27.76,27.77,200
CNP,2017-07-18,10:09:00,27.77,27.80,27.77,27.80,4700
CNP,2017-07-18,10:10:00,27.79,27.80,27.79,27.80,500
CNP,2017-07-18,10:11:00,27.80,27.80,27.80,27.80,900
CNP,2017-07-18,10:12:00,27.80,27.81,27.80,27.80,5687
CNP,2017-07-18,10:13:00,27.80,27.80,27.79,27.80,1897
CNP,2017-07-18,10:14:00,27.80,27.80,27.80,27.80,3350
CNP,2017-07-18,10:15:00,27.80,27.80,27.79,27.80,903
CNP,2017-07-18,10:16:00,27.79,27.80,27.79,27.79,2500
CNP,2017-07-18,10:17:00,27.80,27.80,27.79,27.79,800
CNP,2017-07-18,10:18:00,27.80,27.80,27.79,27.80,25926
CNP,2017-07-18,10:19:00,27.81,27.81,27.81,27.81,100
CNP,2017-07-18,10:20:00,27.80,27.80,27.80,27.80,1300
CNP,2017-07-18,10:21:00,27.80,27.80,27.80,27.80,600
CNP,2017-07-18,10:22:00,27.80,27.82,27.80,27.81,6438
CNP,2017-07-18,10:23:00,27.80,27.81,27.80,27.81,1000
CNP,2017-07-18,10:24:00,27.80,27.80,27.79,27.80,2004
CNP,2017-07-18,10:25:00,27.79,27.81,27.79,27.81,5625
CNP,2017-07-18,10:26:00,27.81,27.81,27.80,27.81,1900
CNP,2017-07-18,10:27:00,27.81,27.81,27.80,27.80,5551
CNP,2017-07-18,10:28:00,27.80,27.80,27.79,27.79,1600
CNP,2017-07-18,10:29:00,27.80,27.80,27.80,27.80,2600
CNP,2017-07-18,10:30:00,27.80,27.80,27.78,27.79,10600
CNP,2017-07-18,10:31:00,27.79,27.79,27.78,27.79,3650
CNP,2017-07-18,10:32:00,27.79,27.80,27.79,27.80,4224
CNP,2017-07-18,10:33:00,27.80,27.80,27.80,27.80,600
CNP,2017-07-18,10:34:00,27.80,27.80,27.79,27.79,3500
CNP,2017-07-18,10:35:00,27.79,27.80,27.78,27.79,8076
CNP,2017-07-18,10:36:00,27.80,27.80,27.79,27.80,1000
CNP,2017-07-18,10:37:00,27.80,27.80,27.80,27.80,500
CNP,2017-07-18,10:38:00,27.80,27.80,27.80,27.80,1700
CNP,2017-07-18,10:39:00,27.79,27.80,27.79,27.80,6717
CNP,2017-07-18,10:40:00,27.79,27.80,27.79,27.79,7019
CNP,2017-07-18,10:41:00,27.79,27.80,27.79,27.80,8117
CNP,2017-07-18,10:42:00,27.81,27.83,27.81,27.82,7885
CNP,2017-07-18,10:43:00,27.82,27.83,27.82,27.82,4552
CNP,2017-07-18,10:44:00,27.82,27.84,27.82,27.83,5461
CNP,2017-07-18,10:45:00,27.84,27.85,27.84,27.85,3500
CNP,2017-07-18,10:46:00,27.85,27.85,27.83,27.83,11775
CNP,2017-07-18,10:47:00,27.83,27.84,27.83,27.83,2100
CNP,2017-07-18,10:48:00,27.83,27.84,27.83,27.84,101000
CNP,2017-07-18,10:49:00,27.84,27.84,27.83,27.84,800
CNP,2017-07-18,10:50:00,27.84,27.84,27.80,27.80,4775
CNP,2017-07-18,10:51:00,27.80,27.82,27.80,27.81,6301
CNP,2017-07-18,10:52:00,27.81,27.82,27.80,27.80,1100
CNP,2017-07-18,10:53:00,27.80,27.81,27.80,27.80,1267
CNP,2017-07-18,10:54:00,27.81,27.82,27.81,27.82,2300
CNP,2017-07-18,10:55:00,27.82,27.83,27.82,27.83,2551
CNP,2017-07-18,10:56:00,27.82,27.86,27.82,27.85,6700
CNP,2017-07-18,10:57:00,27.85,27.85,27.84,27.84,3617
CNP,2017-07-18,10:58:00,27.85,27.85,27.83,27.83,3977
CNP,2017-07-18,10:59:00,27.83,27.83,27.81,27.82,4157
CNP,2017-07-18,11:00:00,27.81,27.82,27.81,27.82,3600
CNP,2017-07-18,11:01:00,27.81,27.82,27.81,27.81,900
CNP,2017-07-18,11:02:00,27.81,27.81,27.80,27.81,4119
CNP,2017-07-18,11:03:00,27.81,27.82,27.80,27.81,4523
CNP,2017-07-18,11:04:00,27.81,27.81,27.81,27.81,800
CNP,2017-07-18,11:05:00,27.81,27.82,27.80,27.82,3900
CNP,2017-07-18,11:06:00,27.82,27.83,27.82,27.83,2100
CNP,2017-07-18,11:07:00,27.82,27.82,27.82,27.82,200
CNP,2017-07-18,11:08:00,27.83,27.83,27.82,27.82,1800
CNP,2017-07-18,11:09:00,27.82,27.82,27.82,27.82,100
CNP,2017-07-18,11:10:00,27.82,27.83,27.82,27.82,600
CNP,2017-07-18,11:11:00,27.83,27.83,27.81,27.81,1100
CNP,2017-07-18,11:12:00,27.81,27.81,27.79,27.79,4300
CNP,2017-07-18,11:15:00,27.80,27.80,27.80,27.80,100
CNP,2017-07-18,11:16:00,27.79,27.80,27.79,27.80,7957
CNP,2017-07-18,11:17:00,27.80,27.80,27.80,27.80,5707
CNP,2017-07-18,11:18:00,27.80,27.80,27.79,27.79,3960
CNP,2017-07-18,11:19:00,27.80,27.80,27.80,27.80,200
CNP,2017-07-18,11:20:00,27.80,27.80,27.79,27.80,1740
CNP,2017-07-18,11:21:00,27.80,27.81,27.80,27.81,4752
CNP,2017-07-18,11:22:00,27.81,27.82,27.81,27.82,3600
CNP,2017-07-18,11:23:00,27.82,27.82,27.82,27.82,2918
CNP,2017-07-18,11:24:00,27.83,27.83,27.81,27.81,2898
CNP,2017-07-18,11:25:00,27.81,27.81,27.80,27.80,2752
CNP,2017-07-18,11:26:00,27.80,27.80,27.80,27.80,100
CNP,2017-07-18,11:27:00,27.80,27.80,27.79,27.80,4651
CNP,2017-07-18,11:28:00,27.80,27.81,27.80,27.80,4198
CNP,2017-07-18,11:29:00,27.80,27.80,27.78,27.79,2900
CNP,2017-07-18,11:30:00,27.79,27.79,27.79,27.79,800
CNP,2017-07-18,11:31:00,27.79,27.79,27.77,27.78,6070
CNP,2017-07-18,11:32:00,27.78,27.79,27.77,27.79,3381
CNP,2017-07-18,11:33:00,27.79,27.81,27.78,27.80,8468
CNP,2017-07-18,11:34:00,27.79,27.80,27.79,27.80,5629
CNP,2017-07-18,11:35:00,27.80,27.80,27.80,27.80,300
CNP,2017-07-18,11:36:00,27.80,27.80,27.80,27.80,1400
CNP,2017-07-18,11:37:00,27.80,27.80,27.79,27.80,1051
CNP,2017-07-18,11:38:00,27.80,27.81,27.80,27.80,4700
CNP,2017-07-18,11:39:00,27.81,27.81,27.80,27.81,2049
CNP,2017-07-18,11:40:00,27.81,27.81,27.80,27.80,500
CNP,2017-07-18,11:41:00,27.80,27.81,27.80,27.81,2200
CNP,2017-07-18,11:42:00,27.80,27.80,27.79,27.80,33653
CNP,2017-07-18,11:43:00,27.80,27.81,27.80,27.80,5821
CNP,2017-07-18,11:44:00,27.80,27.80,27.80,27.80,600
CNP,2017-07-18,11:45:00,27.79,27.80,27.79,27.80,2203
CNP,2017-07-18,11:46:00,27.79,27.81,27.79,27.80,4594
CNP,2017-07-18,11:47:00,27.81,27.83,27.81,27.83,4200
CNP,2017-07-18,11:48:00,27.83,27.83,27.82,27.82,4100
CNP,2017-07-18,11:49:00,27.82,27.82,27.82,27.82,3600
CNP,2017-07-18,11:50:00,27.82,27.82,27.82,27.82,271
CNP,2017-07-18,11:51:00,27.82,27.82,27.81,27.82,1840
CNP,2017-07-18,11:52:00,27.82,27.82,27.82,27.82,3211
CNP,2017-07-18,11:53:00,27.83,27.83,27.82,27.82,1200
CNP,2017-07-18,11:54:00,27.82,27.83,27.82,27.82,700
CNP,2017-07-18,11:55:00,27.82,27.82,27.80,27.81,6800
CNP,2017-07-18,11:56:00,27.81,27.81,27.79,27.79,6540
CNP,2017-07-18,11:57:00,27.79,27.79,27.79,27.79,100
CNP,2017-07-18,11:58:00,27.79,27.80,27.78,27.78,8802
CNP,2017-07-18,11:59:00,27.78,27.80,27.78,27.79,6014
CNP,2017-07-18,12:00:00,27.79,27.79,27.79,27.79,2300
CNP,2017-07-18,12:01:00,27.79,27.79,27.79,27.79,900
CNP,2017-07-18,12:02:00,27.78,27.79,27.78,27.78,1090
CNP,2017-07-18,12:03:00,27.78,27.78,27.77,27.78,4168
CNP,2017-07-18,12:04:00,27.79,27.79,27.79,27.79,100
CNP,2017-07-18,12:05:00,27.79,27.79,27.79,27.79,900
CNP,2017-07-18,12:06:00,27.79,27.79,27.79,27.79,200
CNP,2017-07-18,12:07:00,27.79,27.79,27.78,27.79,1300
CNP,2017-07-18,12:08:00,27.79,27.79,27.77,27.78,6691
CNP,2017-07-18,12:09:00,27.78,27.78,27.78,27.78,200
CNP,2017-07-18,12:10:00,27.79,27.79,27.79,27.79,400
CNP,2017-07-18,12:11:00,27.79,27.79,27.78,27.78,6534
CNP,2017-07-18,12:12:00,27.79,27.79,27.79,27.79,600
CNP,2017-07-18,12:13:00,27.78,27.79,27.78,27.79,500
CNP,2017-07-18,12:14:00,27.79,27.79,27.79,27.79,700
CNP,2017-07-18,12:15:00,27.79,27.79,27.79,27.79,1500
CNP,2017-07-18,12:16:00,27.78,27.79,27.78,27.79,1700
CNP,2017-07-18,12:17:00,27.79,27.79,27.78,27.79,2803
CNP,2017-07-18,12:18:00,27.78,27.79,27.78,27.78,6453
CNP,2017-07-18,12:19:00,27.79,27.79,27.79,27.79,1000
CNP,2017-07-18,12:20:00,27.78,27.79,27.77,27.77,3301
CNP,2017-07-18,12:21:00,27.77,27.78,27.77,27.77,1300
CNP,2017-07-18,12:22:00,27.78,27.78,27.77,27.78,1900
CNP,2017-07-18,12:23:00,27.77,27.78,27.77,27.77,700
CNP,2017-07-18,12:24:00,27.77,27.78,27.77,27.77,2000
CNP,2017-07-18,12:25:00,27.78,27.79,27.78,27.79,5485
CNP,2017-07-18,12:26:00,27.79,27.79,27.79,27.79,500
CNP,2017-07-18,12:27:00,27.78,27.79,27.78,27.79,2479
CNP,2017-07-18,12:28:00,27.78,27.78,27.78,27.78,200
CNP,2017-07-18,12:29:00,27.79,27.79,27.79,27.79,700
CNP,2017-07-18,12:30:00,27.78,27.78,27.78,27.78,6199
CNP,2017-07-18,12:31:00,27.77,27.78,27.77,27.78,1700
CNP,2017-07-18,12:32:00,27.78,27.78,27.77,27.77,3547
CNP,2017-07-18,12:33:00,27.78,27.78,27.77,27.77,400
CNP,2017-07-18,12:34:00,27.77,27.78,27.77,27.77,1400
CNP,2017-07-18,12:35:00,27.77,27.78,27.77,27.78,900
CNP,2017-07-18,12:36:00,27.77,27.79,27.77,27.79,8018
CNP,2017-07-18,12:37:00,27.79,27.79,27.79,27.79,1200
CNP,2017-07-18,12:38:00,27.79,27.79,27.79,27.79,1100
CNP,2017-07-18,12:39:00,27.79,27.79,27.77,27.77,5383
CNP,2017-07-18,12:40:00,27.78,27.78,27.77,27.78,700
CNP,2017-07-18,12:41:00,27.78,27.78,27.77,27.77,600
CNP,2017-07-18,12:42:00,27.78,27.79,27.77,27.79,4082
CNP,2017-07-18,12:43:00,27.79,27.80,27.79,27.79,4100
CNP,2017-07-18,12:44:00,27.80,27.80,27.78,27.78,3200
CNP,2017-07-18,12:45:00,27.78,27.78,27.77,27.77,2400
CNP,2017-07-18,12:46:00,27.77,27.77,27.77,27.77,200
CNP,2017-07-18,12:47:00,27.77,27.78,27.77,27.78,800
CNP,2017-07-18,12:48:00,27.78,27.78,27.77,27.77,900
CNP,2017-07-18,12:49:00,27.77,27.77,27.76,27.76,2684
CNP,2017-07-18,12:50:00,27.76,27.77,27.75,27.77,6795
CNP,2017-07-18,12:51:00,27.76,27.77,27.75,27.75,4707
CNP,2017-07-18,12:52:00,27.75,27.75,27.75,27.75,1400
CNP,2017-07-18,12:53:00,27.75,27.75,27.75,27.75,400
CNP,2017-07-18,12:54:00,27.75,27.77,27.75,27.77,8702
CNP,2017-07-18,12:55:00,27.77,27.77,27.77,27.77,5045
CNP,2017-07-18,12:56:00,27.77,27.78,27.77,27.77,1030
CNP,2017-07-18,12:57:00,27.77,27.78,27.77,27.78,2100
CNP,2017-07-18,12:58:00,27.78,27.78,27.77,27.77,1700
CNP,2017-07-18,12:59:00,27.78,27.80,27.78,27.79,10482
CNP,2017-07-18,13:00:00,27.79,27.79,27.79,27.79,1928
CNP,2017-07-18,13:01:00,27.78,27.79,27.78,27.79,2000
CNP,2017-07-18,13:02:00,27.78,27.80,27.78,27.80,4429
CNP,2017-07-18,13:03:00,27.80,27.80,27.78,27.78,12131
CNP,2017-07-18,13:04:00,27.79,27.79,27.78,27.78,1300
CNP,2017-07-18,13:05:00,27.79,27.80,27.79,27.79,7234
CNP,2017-07-18,13:07:00,27.78,27.79,27.77,27.77,8386
CNP,2017-07-18,13:08:00,27.77,27.77,27.77,27.77,300
CNP,2017-07-18,13:09:00,27.77,27.77,27.77,27.77,500
CNP,2017-07-18,13:10:00,27.77,27.77,27.77,27.77,100
CNP,2017-07-18,13:11:00,27.77,27.77,27.77,27.77,3000
CNP,2017-07-18,13:12:00,27.77,27.77,27.76,27.76,600
CNP,2017-07-18,13:13:00,27.76,27.78,27.76,27.77,9997
CNP,2017-07-18,13:14:00,27.77,27.78,27.77,27.78,2500
CNP,2017-07-18,13:15:00,27.78,27.78,27.77,27.77,538
CNP,2017-07-18,13:16:00,27.78,27.78,27.77,27.78,800
CNP,2017-07-18,13:17:00,27.78,27.78,27.77,27.77,400
CNP,2017-07-18,13:18:00,27.78,27.78,27.77,27.77,3266
CNP,2017-07-18,13:19:00,27.77,27.77,27.77,27.77,400
CNP,2017-07-18,13:20:00,27.77,27.78,27.77,27.77,800
CNP,2017-07-18,13:21:00,27.77,27.77,27.75,27.75,6180
CNP,2017-07-18,13:22:00,27.75,27.75,27.75,27.75,5221
CNP,2017-07-18,13:23:00,27.75,27.76,27.75,27.75,4620
CNP,2017-07-18,13:24:00,27.75,27.75,27.75,27.75,2400
CNP,2017-07-18,13:25:00,27.75,27.75,27.73,27.74,10401
CNP,2017-07-18,13:26:00,27.75,27.75,27.74,27.75,400
CNP,2017-07-18,13:27:00,27.74,27.75,27.74,27.75,3013
CNP,2017-07-18,13:28:00,27.75,27.75,27.74,27.74,1405
CNP,2017-07-18,13:29:00,27.74,27.75,27.74,27.74,1200
CNP,2017-07-18,13:30:00,27.74,27.75,27.74,27.75,1700
CNP,2017-07-18,13:31:00,27.74,27.75,27.74,27.74,800
CNP,2017-07-18,13:32:00,27.74,27.74,27.73,27.73,5828
CNP,2017-07-18,13:33:00,27.73,27.74,27.73,27.74,5425
CNP,2017-07-18,13:34:00,27.74,27.75,27.73,27.75,8447
CNP,2017-07-18,13:35:00,27.75,27.75,27.75,27.75,900
CNP,2017-07-18,13:36:00,27.75,27.75,27.74,27.75,2300
CNP,2017-07-18,13:37:00,27.74,27.75,27.74,27.75,7405
CNP,2017-07-18,13:38:00,27.74,27.74,27.74,27.74,1400
CNP,2017-07-18,13:39:00,27.74,27.74,27.73,27.73,3293
CNP,2017-07-18,13:40:00,27.73,27.73,27.73,27.73,4498
CNP,2017-07-18,13:41:00,27.73,27.73,27.73,27.73,600
CNP,2017-07-18,13:42:00,27.73,27.74,27.73,27.73,400
CNP,2017-07-18,13:43:00,27.74,27.74,27.73,27.73,1751
CNP,2017-07-18,13:44:00,27.73,27.73,27.70,27.71,3656
CNP,2017-07-18,13:45:00,27.71,27.71,27.70,27.71,6938
CNP,2017-07-18,13:46:00,27.71,27.71,27.71,27.71,500
CNP,2017-07-18,13:47:00,27.71,27.71,27.70,27.70,2517
CNP,2017-07-18,13:48:00,27.70,27.70,27.70,27.70,400
CNP,2017-07-18,13:49:00,27.70,27.70,27.70,27.70,400
CNP,2017-07-18,13:50:00,27.70,27.70,27.70,27.70,800
CNP,2017-07-18,13:51:00,27.70,27.70,27.70,27.70,400
CNP,2017-07-18,13:52:00,27.70,27.71,27.70,27.70,2487
CNP,2017-07-18,13:53:00,27.70,27.71,27.70,27.70,2935
CNP,2017-07-18,13:54:00,27.70,27.70,27.70,27.70,700
CNP,2017-07-18,13:55:00,27.70,27.71,27.70,27.70,2000
CNP,2017-07-18,13:56:00,27.70,27.70,27.70,27.70,962
CNP,2017-07-18,13:57:00,27.70,27.70,27.69,27.69,4601
CNP,2017-07-18,13:58:00,27.70,27.70,27.69,27.70,11752
CNP,2017-07-18,14:02:00,27.70,27.70,27.69,27.69,4500
CNP,2017-07-18,14:03:00,27.69,27.71,27.69,27.70,5769
CNP,2017-07-18,14:04:00,27.71,27.71,27.71,27.71,1200
CNP,2017-07-18,14:05:00,27.70,27.70,27.70,27.70,1850
CNP,2017-07-18,14:06:00,27.70,27.71,27.70,27.70,600
CNP,2017-07-18,14:07:00,27.70,27.70,27.70,27.70,400
CNP,2017-07-18,14:08:00,27.70,27.70,27.70,27.70,1300
CNP,2017-07-18,14:09:00,27.70,27.70,27.69,27.69,9560
CNP,2017-07-18,14:10:00,27.70,27.70,27.69,27.70,8643
CNP,2017-07-18,14:11:00,27.70,27.70,27.70,27.70,200
CNP,2017-07-18,14:12:00,27.70,27.70,27.70,27.70,7716
CNP,2017-07-18,14:13:00,27.70,27.70,27.69,27.70,1000
CNP,2017-07-18,14:14:00,27.69,27.70,27.69,27.69,1083
CNP,2017-07-18,14:15:00,27.69,27.70,27.69,27.69,500
CNP,2017-07-18,14:16:00,27.69,27.70,27.69,27.70,600
CNP,2017-07-18,14:17:00,27.70,27.71,27.69,27.70,6907
CNP,2017-07-18,14:18:00,27.70,27.70,27.69,27.70,4201
CNP,2017-07-18,14:19:00,27.69,27.70,27.69,27.70,3534
CNP,2017-07-18,14:20:00,27.70,27.70,27.69,27.70,700
CNP,2017-07-18,14:21:00,27.69,27.70,27.69,27.69,1600
CNP,2017-07-18,14:22:00,27.69,27.70,27.69,27.70,8200
CNP,2017-07-18,14:23:00,27.70,27.70,27.70,27.70,800
CNP,2017-07-18,14:24:00,27.70,27.70,27.68,27.68,9599
CNP,2017-07-18,14:25:00,27.69,27.70,27.68,27.70,5748
CNP,2017-07-18,14:26:00,27.69,27.69,27.68,27.68,3479
CNP,2017-07-18,14:27:00,27.67,27.67,27.66,27.66,6000
CNP,2017-07-18,14:28:00,27.67,27.68,27.66,27.68,6612
CNP,2017-07-18,14:29:00,27.68,27.68,27.67,27.68,600
CNP,2017-07-18,14:30:00,27.68,27.68,27.67,27.68,2035
CNP,2017-07-18,14:31:00,27.68,27.68,27.68,27.68,5882
CNP,2017-07-18,14:33:00,27.73,27.76,27.73,27.75,13300
CNP,2017-07-18,14:34:00,27.75,27.77,27.75,27.77,25069
CNP,2017-07-18,14:35:00,27.77,27.78,27.77,27.78,2100
CNP,2017-07-18,14:36:00,27.77,27.78,27.77,27.77,6793
CNP,2017-07-18,14:37:00,27.77,27.77,27.77,27.77,1900
CNP,2017-07-18,14:38:00,27.77,27.77,27.75,27.75,8193
CNP,2017-07-18,14:39:00,27.75,27.76,27.75,27.75,1200
CNP,2017-07-18,14:40:00,27.75,27.76,27.75,27.75,2682
CNP,2017-07-18,14:41:00,27.75,27.75,27.74,27.74,2239
CNP,2017-07-18,14:42:00,27.74,27.75,27.74,27.74,996
CNP,2017-07-18,14:43:00,27.74,27.74,27.74,27.74,2300
CNP,2017-07-18,14:44:00,27.74,27.75,27.74,27.75,8891
CNP,2017-07-18,14:45:00,27.75,27.75,27.75,27.75,1162
CNP,2017-07-18,14:46:00,27.75,27.76,27.75,27.75,3961
CNP,2017-07-18,14:47:00,27.75,27.76,27.75,27.75,3000
CNP,2017-07-18,14:48:00,27.75,27.75,27.75,27.75,1000
CNP,2017-07-18,14:49:00,27.75,27.75,27.75,27.75,1866
CNP,2017-07-18,14:50:00,27.75,27.76,27.75,27.75,1299
CNP,2017-07-18,14:51:00,27.75,27.75,27.75,27.75,1419
CNP,2017-07-18,14:52:00,27.76,27.76,27.75,27.75,3143
CNP,2017-07-18,14:53:00,27.75,27.75,27.75,27.75,5423
CNP,2017-07-18,14:54:00,27.75,27.75,27.74,27.74,7966
CNP,2017-07-18,14:55:00,27.74,27.75,27.73,27.75,12474
CNP,2017-07-18,14:56:00,27.75,27.75,27.75,27.75,200
CNP,2017-07-18,14:57:00,27.74,27.74,27.73,27.73,4135
CNP,2017-07-18,14:58:00,27.73,27.75,27.73,27.75,8903
CNP,2017-07-18,14:59:00,27.75,27.75,27.74,27.74,4040
CNP,2017-07-18,15:00:00,27.75,27.75,27.74,27.74,500
CNP,2017-07-18,15:01:00,27.74,27.75,27.74,27.75,1900
CNP,2017-07-18,15:02:00,27.75,27.75,27.74,27.74,900
CNP,2017-07-18,15:03:00,27.74,27.75,27.74,27.75,1334
CNP,2017-07-18,15:04:00,27.74,27.75,27.74,27.74,1200
CNP,2017-07-18,15:05:00,27.74,27.75,27.74,27.74,3750
CNP,2017-07-18,15:06:00,27.74,27.75,27.74,27.74,1700
CNP,2017-07-18,15:07:00,27.74,27.75,27.73,27.73,12393
CNP,2017-07-18,15:08:00,27.73,27.75,27.73,27.75,11962
CNP,2017-07-18,15:09:00,27.74,27.75,27.73,27.73,7276
CNP,2017-07-18,15:10:00,27.73,27.74,27.73,27.73,1704
CNP,2017-07-18,15:11:00,27.73,27.73,27.73,27.73,3297
CNP,2017-07-18,15:12:00,27.73,27.74,27.73,27.73,3400
CNP,2017-07-18,15:13:00,27.73,27.75,27.73,27.73,23330
CNP,2017-07-18,15:14:00,27.73,27.74,27.73,27.74,4003
CNP,2017-07-18,15:15:00,27.74,27.75,27.73,27.75,5612
CNP,2017-07-18,15:16:00,27.75,27.75,27.75,27.75,600
CNP,2017-07-18,15:17:00,27.75,27.77,27.74,27.77,16117
CNP,2017-07-18,15:18:00,27.76,27.77,27.76,27.76,5014
CNP,2017-07-18,15:19:00,27.76,27.77,27.76,27.76,1200
CNP,2017-07-18,15:20:00,27.76,27.77,27.75,27.76,12236
CNP,2017-07-18,15:21:00,27.76,27.76,27.76,27.76,600
CNP,2017-07-18,15:22:00,27.76,27.77,27.76,27.76,2300
CNP,2017-07-18,15:23:00,27.76,27.78,27.76,27.78,19270
CNP,2017-07-18,15:24:00,27.77,27.77,27.77,27.77,6303
CNP,2017-07-18,15:25:00,27.77,27.78,27.77,27.78,5418
CNP,2017-07-18,15:26:00,27.78,27.78,27.77,27.77,1297
CNP,2017-07-18,15:27:00,27.77,27.78,27.77,27.77,11553
CNP,2017-07-18,15:28:00,27.77,27.78,27.76,27.77,14717
CNP,2017-07-18,15:29:00,27.78,27.78,27.77,27.77,780
CNP,2017-07-18,15:30:00,27.78,27.80,27.77,27.80,27881
CNP,2017-07-18,15:31:00,27.79,27.80,27.77,27.78,16363
CNP,2017-07-18,15:32:00,27.78,27.78,27.77,27.77,19164
CNP,2017-07-18,15:33:00,27.77,27.77,27.77,27.77,100
CNP,2017-07-18,15:34:00,27.77,27.77,27.77,27.77,4041
CNP,2017-07-18,15:35:00,27.77,27.77,27.75,27.75,13500
CNP,2017-07-18,15:36:00,27.76,27.77,27.75,27.77,12083
CNP,2017-07-18,15:37:00,27.77,27.77,27.77,27.77,5640
CNP,2017-07-18,15:38:00,27.76,27.77,27.76,27.77,3500
CNP,2017-07-18,15:39:00,27.77,27.77,27.76,27.76,2600
CNP,2017-07-18,15:40:00,27.76,27.77,27.76,27.76,4681
CNP,2017-07-18,15:41:00,27.76,27.77,27.76,27.76,4096
CNP,2017-07-18,15:42:00,27.76,27.77,27.76,27.77,10227
CNP,2017-07-18,15:43:00,27.77,27.77,27.75,27.75,9684
CNP,2017-07-18,15:44:00,27.75,27.78,27.75,27.78,25888
CNP,2017-07-18,15:45:00,27.78,27.79,27.78,27.79,15344
CNP,2017-07-18,15:46:00,27.79,27.79,27.77,27.77,14173
CNP,2017-07-18,15:47:00,27.77,27.78,27.77,27.77,3900
CNP,2017-07-18,15:48:00,27.77,27.77,27.77,27.77,4533
CNP,2017-07-18,15:49:00,27.77,27.77,27.76,27.77,16560
CNP,2017-07-18,15:50:00,27.77,27.77,27.77,27.77,4430
CNP,2017-07-18,15:51:00,27.77,27.77,27.77,27.77,10225
CNP,2017-07-18,15:52:00,27.77,27.77,27.77,27.77,15786
CNP,2017-07-18,15:53:00,27.77,27.77,27.76,27.77,14448
CNP,2017-07-18,15:54:00,27.77,27.77,27.76,27.77,11562
CNP,2017-07-18,15:55:00,27.77,27.80,27.76,27.79,64489
CNP,2017-07-18,15:56:00,27.80,27.80,27.77,27.77,173442
CNP,2017-07-18,15:57:00,27.77,27.78,27.77,27.77,6380
CNP,2017-07-18,15:58:00,27.77,27.78,27.76,27.78,67012
CNP,2017-07-18,15:59:00,27.77,27.78,27.77,27.77,54259
CNP,2017-07-18,16:00:00,27.77,27.78,27.77,27.78,32470
CNP,2017-07-19,09:30:00,27.83,27.83,27.83,27.83,25877
CNP,2017-07-19,09:31:00,27.80,27.80,27.69,27.72,14726
CNP,2017-07-19,09:32:00,27.74,27.74,27.67,27.72,27164
CNP,2017-07-19,09:33:00,27.73,27.76,27.73,27.76,2181
CNP,2017-07-19,09:34:00,27.76,27.78,27.75,27.78,1000
CNP,2017-07-19,09:35:00,27.79,27.81,27.79,27.80,1906
CNP,2017-07-19,09:36:00,27.81,27.82,27.75,27.76,9200
CNP,2017-07-19,09:37:00,27.76,27.81,27.76,27.81,9181
CNP,2017-07-19,09:38:00,27.80,27.80,27.77,27.79,8400
CNP,2017-07-19,09:39:00,27.79,27.79,27.76,27.77,4700
CNP,2017-07-19,09:40:00,27.76,27.77,27.76,27.77,300
CNP,2017-07-19,09:41:00,27.76,27.77,27.75,27.75,2701
CNP,2017-07-19,09:42:00,27.75,27.75,27.73,27.75,6803
CNP,2017-07-19,09:43:00,27.76,27.76,27.75,27.76,1100
CNP,2017-07-19,09:44:00,27.76,27.77,27.76,27.77,200
CNP,2017-07-19,09:45:00,27.77,27.77,27.77,27.77,700
CNP,2017-07-19,09:46:00,27.77,27.77,27.77,27.77,745
CNP,2017-07-19,09:47:00,27.77,27.79,27.77,27.78,6917
CNP,2017-07-19,09:48:00,27.79,27.80,27.79,27.79,2598
CNP,2017-07-19,09:49:00,27.79,27.80,27.78,27.78,5635
CNP,2017-07-19,09:50:00,27.78,27.78,27.78,27.78,500
CNP,2017-07-19,09:51:00,27.78,27.80,27.78,27.80,190000
CNP,2017-07-19,09:52:00,27.79,27.80,27.79,27.79,17700
CNP,2017-07-19,09:53:00,27.79,27.80,27.79,27.80,57252
CNP,2017-07-19,09:54:00,27.80,27.82,27.80,27.82,6600
CNP,2017-07-19,09:55:00,27.81,27.81,27.79,27.80,14120
CNP,2017-07-19,09:56:00,27.80,27.81,27.78,27.78,16530
CNP,2017-07-19,09:57:00,27.79,27.79,27.77,27.78,28500
CNP,2017-07-19,09:58:00,27.79,27.80,27.78,27.80,8007
CNP,2017-07-19,09:59:00,27.80,27.81,27.79,27.81,4100
CNP,2017-07-19,10:00:00,27.81,27.81,27.79,27.79,11200
CNP,2017-07-19,10:01:00,27.79,27.80,27.79,27.80,27606
CNP,2017-07-19,10:02:00,27.80,27.81,27.80,27.80,9151
CNP,2017-07-19,10:03:00,27.79,27.79,27.79,27.79,14706
CNP,2017-07-19,10:04:00,27.78,27.79,27.78,27.79,10600
CNP,2017-07-19,10:05:00,27.79,27.82,27.79,27.82,5541
CNP,2017-07-19,10:06:00,27.82,27.83,27.82,27.82,11351
CNP,2017-07-19,10:07:00,27.82,27.82,27.78,27.78,6900
CNP,2017-07-19,10:08:00,27.78,27.79,27.77,27.77,17800
CNP,2017-07-19,10:09:00,27.77,27.78,27.77,27.78,4000
CNP,2017-07-19,10:10:00,27.77,27.77,27.75,27.76,4163
CNP,2017-07-19,10:11:00,27.75,27.75,27.75,27.75,15324
CNP,2017-07-19,10:12:00,27.76,27.76,27.75,27.75,2900
CNP,2017-07-19,10:13:00,27.75,27.76,27.75,27.75,900
CNP,2017-07-19,10:14:00,27.75,27.76,27.73,27.75,34967
CNP,2017-07-19,10:15:00,27.75,27.75,27.75,27.75,1400
CNP,2017-07-19,10:16:00,27.75,27.75,27.74,27.75,4200
CNP,2017-07-19,10:17:00,27.74,27.75,27.74,27.75,862
CNP,2017-07-19,10:18:00,27.75,27.75,27.73,27.73,8597
CNP,2017-07-19,10:19:00,27.73,27.73,27.73,27.73,1100
CNP,2017-07-19,10:20:00,27.73,27.73,27.70,27.71,18965
CNP,2017-07-19,10:21:00,27.71,27.73,27.71,27.73,3300
CNP,2017-07-19,10:22:00,27.73,27.73,27.71,27.71,3200
CNP,2017-07-19,10:23:00,27.71,27.72,27.71,27.71,500
CNP,2017-07-19,10:24:00,27.72,27.72,27.71,27.71,2516
CNP,2017-07-19,10:25:00,27.71,27.71,27.71,27.71,700
CNP,2017-07-19,10:26:00,27.71,27.72,27.71,27.71,2100
CNP,2017-07-19,10:27:00,27.71,27.71,27.69,27.69,14681
CNP,2017-07-19,10:28:00,27.69,27.70,27.68,27.68,14861
CNP,2017-07-19,10:29:00,27.67,27.68,27.67,27.68,1000
CNP,2017-07-19,10:30:00,27.67,27.69,27.67,27.68,6619
CNP,2017-07-19,10:31:00,27.69,27.70,27.68,27.68,4933
CNP,2017-07-19,10:32:00,27.68,27.69,27.68,27.68,4824
CNP,2017-07-19,10:33:00,27.68,27.70,27.68,27.69,3781
CNP,2017-07-19,10:34:00,27.69,27.70,27.68,27.68,4378
CNP,2017-07-19,10:35:00,27.68,27.68,27.67,27.68,7450
CNP,2017-07-19,10:36:00,27.68,27.70,27.68,27.68,13524
CNP,2017-07-19,10:37:00,27.68,27.68,27.67,27.67,2443
CNP,2017-07-19,10:38:00,27.68,27.68,27.65,27.67,10772
CNP,2017-07-19,10:39:00,27.67,27.67,27.64,27.64,1934
CNP,2017-07-19,10:40:00,27.64,27.64,27.62,27.62,1973
CNP,2017-07-19,10:41:00,27.62,27.62,27.59,27.60,6060
CNP,2017-07-19,10:42:00,27.60,27.62,27.60,27.62,5686
CNP,2017-07-19,10:43:00,27.62,27.62,27.61,27.61,3763
CNP,2017-07-19,10:44:00,27.62,27.62,27.62,27.62,2856
CNP,2017-07-19,10:45:00,27.63,27.63,27.62,27.62,200
CNP,2017-07-19,10:46:00,27.62,27.62,27.61,27.61,10834
CNP,2017-07-19,10:47:00,27.61,27.62,27.61,27.61,2200
CNP,2017-07-19,10:48:00,27.61,27.61,27.58,27.58,6411
CNP,2017-07-19,10:49:00,27.58,27.59,27.56,27.57,11993
CNP,2017-07-19,10:50:00,27.57,27.57,27.56,27.56,1200
CNP,2017-07-19,10:51:00,27.56,27.59,27.56,27.58,7714
CNP,2017-07-19,10:52:00,27.59,27.61,27.59,27.61,2300
CNP,2017-07-19,10:53:00,27.61,27.62,27.61,27.62,9690
CNP,2017-07-19,10:54:00,27.61,27.61,27.61,27.61,6089
CNP,2017-07-19,10:55:00,27.61,27.62,27.61,27.61,2542
CNP,2017-07-19,10:56:00,27.62,27.62,27.61,27.62,7800
CNP,2017-07-19,10:57:00,27.62,27.62,27.62,27.62,800
CNP,2017-07-19,10:58:00,27.62,27.62,27.61,27.61,3131
CNP,2017-07-19,10:59:00,27.61,27.61,27.61,27.61,1800
CNP,2017-07-19,11:00:00,27.61,27.61,27.60,27.60,1500
CNP,2017-07-19,11:01:00,27.60,27.61,27.60,27.61,5234
CNP,2017-07-19,11:02:00,27.61,27.61,27.60,27.60,1000
CNP,2017-07-19,11:03:00,27.60,27.61,27.59,27.59,7250
CNP,2017-07-19,11:04:00,27.59,27.59,27.59,27.59,52900
CNP,2017-07-19,11:05:00,27.59,27.59,27.59,27.59,2200
CNP,2017-07-19,11:06:00,27.59,27.61,27.59,27.61,7781
CNP,2017-07-19,11:07:00,27.61,27.63,27.61,27.62,6976
CNP,2017-07-19,11:08:00,27.62,27.64,27.62,27.64,7308
CNP,2017-07-19,11:09:00,27.64,27.64,27.63,27.63,3343
CNP,2017-07-19,11:10:00,27.63,27.64,27.62,27.63,6660
CNP,2017-07-19,11:11:00,27.62,27.62,27.61,27.61,1883
CNP,2017-07-19,11:12:00,27.61,27.62,27.61,27.61,1600
CNP,2017-07-19,11:13:00,27.61,27.61,27.61,27.61,500
CNP,2017-07-19,11:14:00,27.61,27.61,27.61,27.61,2588
CNP,2017-07-19,11:15:00,27.60,27.60,27.60,27.60,500
CNP,2017-07-19,11:16:00,27.60,27.62,27.60,27.60,10841
CNP,2017-07-19,11:17:00,27.60,27.61,27.60,27.61,4959
CNP,2017-07-19,11:18:00,27.61,27.61,27.61,27.61,100
CNP,2017-07-19,11:19:00,27.61,27.61,27.59,27.59,5614
CNP,2017-07-19,11:20:00,27.59,27.59,27.59,27.59,3490
CNP,2017-07-19,11:21:00,27.59,27.60,27.59,27.60,6100
CNP,2017-07-19,11:22:00,27.61,27.61,27.59,27.60,3665
CNP,2017-07-19,11:23:00,27.59,27.60,27.59,27.60,700
CNP,2017-07-19,11:24:00,27.59,27.59,27.57,27.57,63947
CNP,2017-07-19,11:25:00,27.58,27.59,27.57,27.59,17416
CNP,2017-07-19,11:26:00,27.59,27.59,27.58,27.59,4100
CNP,2017-07-19,11:27:00,27.59,27.59,27.59,27.59,2905
CNP,2017-07-19,11:28:00,27.59,27.61,27.59,27.61,4373
CNP,2017-07-19,11:29:00,27.60,27.63,27.60,27.62,5115
CNP,2017-07-19,11:30:00,27.63,27.66,27.62,27.66,4510
CNP,2017-07-19,11:31:00,27.66,27.66,27.64,27.64,7607
CNP,2017-07-19,11:32:00,27.64,27.66,27.64,27.66,2400
CNP,2017-07-19,11:33:00,27.65,27.66,27.64,27.65,7603
CNP,2017-07-19,11:34:00,27.65,27.65,27.63,27.63,5804
CNP,2017-07-19,11:35:00,27.64,27.64,27.64,27.64,200
CNP,2017-07-19,11:36:00,27.64,27.64,27.64,27.64,1167
CNP,2017-07-19,11:37:00,27.64,27.64,27.64,27.64,3200
CNP,2017-07-19,11:38:00,27.63,27.64,27.63,27.64,842
CNP,2017-07-19,11:39:00,27.64,27.64,27.63,27.63,600
CNP,2017-07-19,11:40:00,27.63,27.63,27.62,27.62,4350
CNP,2017-07-19,11:41:00,27.62,27.63,27.62,27.62,2089
CNP,2017-07-19,11:42:00,27.62,27.62,27.62,27.62,900
CNP,2017-07-19,11:43:00,27.62,27.63,27.62,27.62,1400
CNP,2017-07-19,11:44:00,27.62,27.62,27.62,27.62,100
CNP,2017-07-19,11:45:00,27.63,27.63,27.61,27.61,7203
CNP,2017-07-19,11:46:00,27.61,27.62,27.61,27.62,5819
CNP,2017-07-19,11:47:00,27.62,27.63,27.62,27.63,1200
CNP,2017-07-19,11:48:00,27.63,27.63,27.62,27.62,550
CNP,2017-07-19,11:49:00,27.62,27.62,27.62,27.62,200
CNP,2017-07-19,11:50:00,27.62,27.62,27.61,27.61,4797
CNP,2017-07-19,11:51:00,27.60,27.61,27.60,27.60,3014
CNP,2017-07-19,11:52:00,27.60,27.61,27.60,27.61,500
CNP,2017-07-19,11:53:00,27.60,27.60,27.60,27.60,100
CNP,2017-07-19,11:54:00,27.60,27.61,27.60,27.60,300
CNP,2017-07-19,11:55:00,27.61,27.61,27.60,27.60,1200
CNP,2017-07-19,11:56:00,27.60,27.60,27.60,27.60,400
CNP,2017-07-19,11:57:00,27.60,27.60,27.59,27.60,11421
CNP,2017-07-19,11:58:00,27.60,27.60,27.59,27.59,2902
CNP,2017-07-19,11:59:00,27.59,27.60,27.59,27.59,14777
CNP,2017-07-19,12:00:00,27.60,27.61,27.60,27.61,11472
CNP,2017-07-19,12:01:00,27.61,27.61,27.61,27.61,2152
CNP,2017-07-19,12:02:00,27.62,27.64,27.62,27.63,5200
CNP,2017-07-19,12:03:00,27.64,27.64,27.64,27.64,100
CNP,2017-07-19,12:04:00,27.64,27.64,27.63,27.63,200
CNP,2017-07-19,12:05:00,27.63,27.64,27.63,27.64,800
CNP,2017-07-19,12:06:00,27.64,27.64,27.62,27.62,8252
CNP,2017-07-19,12:07:00,27.61,27.61,27.61,27.61,500
CNP,2017-07-19,12:08:00,27.61,27.61,27.61,27.61,10800
CNP,2017-07-19,12:09:00,27.61,27.61,27.61,27.61,7520
CNP,2017-07-19,12:10:00,27.61,27.62,27.61,27.62,19488
CNP,2017-07-19,12:11:00,27.62,27.63,27.62,27.63,1500
CNP,2017-07-19,12:12:00,27.62,27.62,27.62,27.62,200
CNP,2017-07-19,12:13:00,27.62,27.62,27.61,27.62,4691
CNP,2017-07-19,12:14:00,27.61,27.64,27.61,27.64,3359
CNP,2017-07-19,12:15:00,27.64,27.64,27.64,27.64,200
CNP,2017-07-19,12:16:00,27.64,27.66,27.64,27.66,4560
CNP,2017-07-19,12:17:00,27.66,27.66,27.66,27.66,549
CNP,2017-07-19,12:18:00,27.65,27.66,27.64,27.64,7246
CNP,2017-07-19,12:19:00,27.64,27.64,27.64,27.64,126
CNP,2017-07-19,12:21:00,27.64,27.64,27.64,27.64,100
CNP,2017-07-19,12:22:00,27.64,27.64,27.64,27.64,600
CNP,2017-07-19,12:23:00,27.64,27.64,27.63,27.64,2200
CNP,2017-07-19,12:24:00,27.64,27.65,27.64,27.65,6097
CNP,2017-07-19,12:25:00,27.64,27.64,27.64,27.64,100
CNP,2017-07-19,12:27:00,27.64,27.64,27.63,27.64,3000
CNP,2017-07-19,12:28:00,27.64,27.64,27.63,27.63,2500
CNP,2017-07-19,12:29:00,27.64,27.64,27.63,27.64,6295
CNP,2017-07-19,12:30:00,27.64,27.64,27.64,27.64,2110
CNP,2017-07-19,12:31:00,27.64,27.64,27.64,27.64,1052
CNP,2017-07-19,12:32:00,27.64,27.64,27.64,27.64,1100
CNP,2017-07-19,12:33:00,27.64,27.64,27.64,27.64,600
CNP,2017-07-19,12:34:00,27.64,27.64,27.62,27.63,15485
CNP,2017-07-19,12:35:00,27.63,27.63,27.62,27.63,1200
CNP,2017-07-19,12:36:00,27.62,27.65,27.62,27.65,7037
CNP,2017-07-19,12:37:00,27.66,27.66,27.65,27.65,400
CNP,2017-07-19,12:38:00,27.66,27.66,27.65,27.65,400
CNP,2017-07-19,12:39:00,27.65,27.66,27.65,27.65,4162
CNP,2017-07-19,12:40:00,27.64,27.65,27.64,27.65,2270
CNP,2017-07-19,12:41:00,27.66,27.66,27.66,27.66,100
CNP,2017-07-19,12:42:00,27.66,27.66,27.65,27.65,2000
CNP,2017-07-19,12:43:00,27.65,27.66,27.65,27.66,500
CNP,2017-07-19,12:44:00,27.65,27.65,27.64,27.64,3526
CNP,2017-07-19,12:45:00,27.64,27.64,27.64,27.64,400
CNP,2017-07-19,12:46:00,27.64,27.64,27.64,27.64,2035
CNP,2017-07-19,12:47:00,27.64,27.64,27.63,27.64,1189
CNP,2017-07-19,12:48:00,27.63,27.63,27.62,27.62,1000
CNP,2017-07-19,12:49:00,27.63,27.64,27.63,27.64,3059
CNP,2017-07-19,12:50:00,27.64,27.64,27.63,27.63,1100
CNP,2017-07-19,12:51:00,27.63,27.64,27.63,27.64,1172
CNP,2017-07-19,12:52:00,27.63,27.63,27.63,27.63,5000
CNP,2017-07-19,12:53:00,27.63,27.63,27.62,27.62,850
CNP,2017-07-19,12:54:00,27.62,27.62,27.62,27.62,200
CNP,2017-07-19,12:55:00,27.62,27.63,27.62,27.63,1600
CNP,2017-07-19,12:56:00,27.62,27.65,27.62,27.65,6724
CNP,2017-07-19,12:57:00,27.64,27.64,27.64,27.64,200
CNP,2017-07-19,12:58:00,27.65,27.65,27.64,27.65,500
CNP,2017-07-19,12:59:00,27.65,27.65,27.64,27.65,1730
CNP,2017-07-19,13:00:00,27.66,27.66,27.64,27.64,4700
CNP,2017-07-19,13:01:00,27.64,27.64,27.64,27.64,200
CNP,2017-07-19,13:02:00,27.64,27.65,27.64,27.65,500
CNP,2017-07-19,13:03:00,27.64,27.64,27.64,27.64,400
CNP,2017-07-19,13:04:00,27.64,27.64,27.64,27.64,100
CNP,2017-07-19,13:05:00,27.64,27.65,27.64,27.64,700
CNP,2017-07-19,13:06:00,27.64,27.64,27.64,27.64,200
CNP,2017-07-19,13:07:00,27.64,27.65,27.64,27.64,600
CNP,2017-07-19,13:08:00,27.65,27.66,27.64,27.65,6256
CNP,2017-07-19,13:09:00,27.65,27.65,27.65,27.65,2445
CNP,2017-07-19,13:10:00,27.64,27.64,27.64,27.64,200
CNP,2017-07-19,13:11:00,27.64,27.64,27.64,27.64,500
CNP,2017-07-19,13:12:00,27.65,27.65,27.64,27.64,1386
CNP,2017-07-19,13:13:00,27.64,27.64,27.64,27.64,300
CNP,2017-07-19,13:14:00,27.64,27.64,27.64,27.64,18239
CNP,2017-07-19,13:15:00,27.64,27.64,27.64,27.64,1400
CNP,2017-07-19,13:16:00,27.64,27.68,27.64,27.68,11687
CNP,2017-07-19,13:18:00,27.68,27.68,27.67,27.68,1055
CNP,2017-07-19,13:19:00,27.67,27.67,27.66,27.67,5645
CNP,2017-07-19,13:20:00,27.67,27.67,27.66,27.66,1300
CNP,2017-07-19,13:21:00,27.66,27.67,27.66,27.66,2404
CNP,2017-07-19,13:22:00,27.66,27.67,27.66,27.67,438
CNP,2017-07-19,13:23:00,27.66,27.66,27.66,27.66,1500
CNP,2017-07-19,13:24:00,27.66,27.68,27.66,27.68,3519
CNP,2017-07-19,13:25:00,27.68,27.68,27.66,27.67,3250
CNP,2017-07-19,13:26:00,27.66,27.67,27.66,27.67,4389
CNP,2017-07-19,13:27:00,27.66,27.67,27.66,27.67,200
CNP,2017-07-19,13:28:00,27.66,27.67,27.66,27.67,675
CNP,2017-07-19,13:29:00,27.66,27.66,27.66,27.66,3600
CNP,2017-07-19,13:30:00,27.67,27.67,27.66,27.66,500
CNP,2017-07-19,13:31:00,27.67,27.67,27.66,27.66,500
CNP,2017-07-19,13:32:00,27.67,27.68,27.67,27.68,3122
CNP,2017-07-19,13:33:00,27.68,27.68,27.67,27.68,500
CNP,2017-07-19,13:34:00,27.68,27.68,27.67,27.67,7801
CNP,2017-07-19,13:35:00,27.66,27.66,27.66,27.66,700
CNP,2017-07-19,13:36:00,27.66,27.66,27.66,27.66,300
CNP,2017-07-19,13:37:00,27.66,27.66,27.66,27.66,1600
CNP,2017-07-19,13:38:00,27.66,27.66,27.66,27.66,300
CNP,2017-07-19,13:39:00,27.66,27.67,27.66,27.67,3620
CNP,2017-07-19,13:40:00,27.66,27.66,27.66,27.66,3525
CNP,2017-07-19,13:41:00,27.66,27.66,27.66,27.66,800
CNP,2017-07-19,13:42:00,27.66,27.66,27.65,27.65,6179
CNP,2017-07-19,13:43:00,27.65,27.66,27.65,27.66,26200
CNP,2017-07-19,13:44:00,27.66,27.66,27.65,27.66,30674
CNP,2017-07-19,13:45:00,27.66,27.66,27.65,27.66,6400
CNP,2017-07-19,13:46:00,27.66,27.66,27.65,27.66,2300
CNP,2017-07-19,13:47:00,27.66,27.68,27.66,27.68,7863
CNP,2017-07-19,13:48:00,27.68,27.68,27.68,27.68,2000
CNP,2017-07-19,13:49:00,27.67,27.68,27.67,27.68,500
CNP,2017-07-19,13:50:00,27.68,27.69,27.68,27.68,3136
CNP,2017-07-19,13:51:00,27.68,27.69,27.68,27.69,6426
CNP,2017-07-19,13:52:00,27.69,27.69,27.68,27.68,2300
CNP,2017-07-19,13:53:00,27.68,27.68,27.68,27.68,4583
CNP,2017-07-19,13:54:00,27.68,27.68,27.67,27.67,1475
CNP,2017-07-19,13:55:00,27.67,27.68,27.67,27.68,400
CNP,2017-07-19,13:56:00,27.67,27.67,27.66,27.66,5000
CNP,2017-07-19,13:57:00,27.66,27.67,27.66,27.67,3233
CNP,2017-07-19,13:58:00,27.67,27.67,27.66,27.67,1100
CNP,2017-07-19,13:59:00,27.66,27.67,27.66,27.66,400
CNP,2017-07-19,14:00:00,27.66,27.66,27.66,27.66,800
CNP,2017-07-19,14:01:00,27.66,27.67,27.66,27.66,4600
CNP,2017-07-19,14:02:00,27.66,27.67,27.66,27.66,1239
CNP,2017-07-19,14:03:00,27.67,27.68,27.66,27.68,10599
CNP,2017-07-19,14:04:00,27.69,27.69,27.68,27.68,400
CNP,2017-07-19,14:05:00,27.69,27.69,27.67,27.67,5807
CNP,2017-07-19,14:06:00,27.68,27.68,27.67,27.67,500
CNP,2017-07-19,14:07:00,27.68,27.68,27.67,27.67,1300
CNP,2017-07-19,14:08:00,27.67,27.67,27.66,27.66,9173
CNP,2017-07-19,14:09:00,27.66,27.66,27.65,27.66,1944
CNP,2017-07-19,14:10:00,27.66,27.66,27.65,27.65,1200
CNP,2017-07-19,14:11:00,27.65,27.66,27.65,27.66,3379
CNP,2017-07-19,14:12:00,27.65,27.65,27.64,27.64,5696
CNP,2017-07-19,14:13:00,27.65,27.65,27.64,27.64,2300
CNP,2017-07-19,14:14:00,27.64,27.65,27.64,27.64,1200
CNP,2017-07-19,14:15:00,27.64,27.65,27.63,27.65,13436
CNP,2017-07-19,14:16:00,27.65,27.67,27.65,27.66,2878
CNP,2017-07-19,14:17:00,27.66,27.66,27.65,27.65,3500
CNP,2017-07-19,14:18:00,27.65,27.66,27.65,27.66,2202
CNP,2017-07-19,14:19:00,27.66,27.66,27.64,27.65,7704
CNP,2017-07-19,14:20:00,27.65,27.65,27.64,27.65,2743
CNP,2017-07-19,14:21:00,27.65,27.65,27.64,27.65,1166
CNP,2017-07-19,14:22:00,27.64,27.65,27.64,27.65,3260
CNP,2017-07-19,14:23:00,27.65,27.65,27.64,27.65,2119
CNP,2017-07-19,14:24:00,27.64,27.65,27.64,27.65,1166
CNP,2017-07-19,14:25:00,27.65,27.65,27.63,27.63,10622
CNP,2017-07-19,14:26:00,27.62,27.63,27.62,27.63,1700
CNP,2017-07-19,14:27:00,27.62,27.63,27.62,27.63,3400
CNP,2017-07-19,14:28:00,27.63,27.65,27.63,27.65,5785
CNP,2017-07-19,14:29:00,27.65,27.65,27.64,27.65,1000
CNP,2017-07-19,14:30:00,27.65,27.66,27.65,27.66,2772
CNP,2017-07-19,14:31:00,27.66,27.66,27.65,27.65,600
CNP,2017-07-19,14:32:00,27.65,27.65,27.64,27.64,3400
CNP,2017-07-19,14:33:00,27.64,27.65,27.64,27.65,1696
CNP,2017-07-19,14:34:00,27.64,27.65,27.64,27.65,700
CNP,2017-07-19,14:35:00,27.64,27.65,27.64,27.64,1800
CNP,2017-07-19,14:36:00,27.64,27.64,27.63,27.64,6198
CNP,2017-07-19,14:37:00,27.64,27.64,27.63,27.64,5200
CNP,2017-07-19,14:38:00,27.64,27.64,27.63,27.64,1600
CNP,2017-07-19,14:39:00,27.64,27.64,27.62,27.62,14008
CNP,2017-07-19,14:40:00,27.62,27.64,27.62,27.63,9960
CNP,2017-07-19,14:41:00,27.64,27.64,27.64,27.64,900
CNP,2017-07-19,14:42:00,27.64,27.64,27.63,27.64,1400
CNP,2017-07-19,14:43:00,27.64,27.64,27.63,27.64,2100
CNP,2017-07-19,14:44:00,27.64,27.64,27.63,27.63,3200
CNP,2017-07-19,14:45:00,27.63,27.64,27.63,27.63,2400
CNP,2017-07-19,14:46:00,27.63,27.63,27.62,27.62,13061
CNP,2017-07-19,14:47:00,27.62,27.63,27.62,27.62,900
CNP,2017-07-19,14:48:00,27.62,27.63,27.62,27.62,2094
CNP,2017-07-19,14:49:00,27.62,27.63,27.62,27.62,800
CNP,2017-07-19,14:50:00,27.62,27.63,27.62,27.62,9300
CNP,2017-07-19,14:51:00,27.63,27.63,27.60,27.61,13668
CNP,2017-07-19,14:52:00,27.61,27.61,27.60,27.61,4875
CNP,2017-07-19,14:53:00,27.61,27.61,27.60,27.61,2200
CNP,2017-07-19,14:54:00,27.60,27.61,27.60,27.60,3024
CNP,2017-07-19,14:55:00,27.61,27.61,27.60,27.61,1916
CNP,2017-07-19,14:56:00,27.60,27.61,27.60,27.61,2716
CNP,2017-07-19,14:57:00,27.61,27.61,27.59,27.59,51112
CNP,2017-07-19,14:58:00,27.60,27.60,27.59,27.59,1400
CNP,2017-07-19,14:59:00,27.59,27.60,27.59,27.59,3000
CNP,2017-07-19,15:00:00,27.59,27.60,27.59,27.60,3298
CNP,2017-07-19,15:01:00,27.59,27.62,27.59,27.62,30305
CNP,2017-07-19,15:02:00,27.62,27.63,27.62,27.62,4126
CNP,2017-07-19,15:03:00,27.62,27.63,27.62,27.62,7640
CNP,2017-07-19,15:04:00,27.62,27.63,27.62,27.62,2760
CNP,2017-07-19,15:05:00,27.62,27.62,27.62,27.62,2300
CNP,2017-07-19,15:06:00,27.62,27.63,27.62,27.62,5156
CNP,2017-07-19,15:07:00,27.62,27.63,27.62,27.62,5071
CNP,2017-07-19,15:08:00,27.62,27.62,27.62,27.62,4300
CNP,2017-07-19,15:09:00,27.62,27.63,27.62,27.62,2428
CNP,2017-07-19,15:10:00,27.62,27.62,27.61,27.61,13898
CNP,2017-07-19,15:11:00,27.62,27.62,27.61,27.61,2383
CNP,2017-07-19,15:12:00,27.61,27.61,27.61,27.61,2800
CNP,2017-07-19,15:13:00,27.61,27.62,27.61,27.61,23460
CNP,2017-07-19,15:14:00,27.61,27.61,27.61,27.61,783
CNP,2017-07-19,15:15:00,27.61,27.61,27.61,27.61,3600
CNP,2017-07-19,15:16:00,27.61,27.61,27.61,27.61,12984
CNP,2017-07-19,15:17:00,27.62,27.62,27.61,27.62,17790
CNP,2017-07-19,15:18:00,27.61,27.62,27.61,27.62,400
CNP,2017-07-19,15:19:00,27.61,27.61,27.60,27.61,21959
CNP,2017-07-19,15:20:00,27.62,27.63,27.61,27.62,12146
CNP,2017-07-19,15:21:00,27.62,27.62,27.61,27.61,3038
CNP,2017-07-19,15:22:00,27.62,27.62,27.61,27.61,4500
CNP,2017-07-19,15:23:00,27.61,27.61,27.60,27.60,14322
CNP,2017-07-19,15:24:00,27.60,27.61,27.60,27.60,4700
CNP,2017-07-19,15:25:00,27.60,27.61,27.60,27.61,9523
CNP,2017-07-19,15:26:00,27.61,27.61,27.60,27.60,2344
CNP,2017-07-19,15:27:00,27.61,27.62,27.60,27.62,16117
CNP,2017-07-19,15:28:00,27.62,27.62,27.61,27.62,3192
CNP,2017-07-19,15:29:00,27.61,27.62,27.61,27.61,4098
CNP,2017-07-19,15:30:00,27.61,27.62,27.60,27.60,8109
CNP,2017-07-19,15:31:00,27.61,27.61,27.60,27.60,3105
CNP,2017-07-19,15:32:00,27.60,27.61,27.60,27.60,6393
CNP,2017-07-19,15:33:00,27.60,27.61,27.60,27.61,18478
CNP,2017-07-19,15:34:00,27.60,27.62,27.60,27.62,17144
CNP,2017-07-19,15:35:00,27.61,27.63,27.61,27.62,9104
CNP,2017-07-19,15:36:00,27.62,27.64,27.62,27.64,28017
CNP,2017-07-19,15:37:00,27.64,27.64,27.63,27.64,14000
CNP,2017-07-19,15:38:00,27.64,27.64,27.61,27.63,53470
CNP,2017-07-19,15:39:00,27.62,27.63,27.62,27.62,4660
CNP,2017-07-19,15:40:00,27.62,27.62,27.60,27.61,22225
CNP,2017-07-19,15:41:00,27.61,27.61,27.60,27.61,9977
CNP,2017-07-19,15:42:00,27.60,27.61,27.60,27.61,11287
CNP,2017-07-19,15:43:00,27.61,27.61,27.60,27.60,4397
CNP,2017-07-19,15:44:00,27.61,27.61,27.59,27.59,29569
CNP,2017-07-19,15:45:00,27.59,27.61,27.59,27.60,27003
CNP,2017-07-19,15:46:00,27.61,27.61,27.60,27.61,30834
CNP,2017-07-19,15:47:00,27.61,27.61,27.61,27.61,9334
CNP,2017-07-19,15:48:00,27.61,27.61,27.57,27.58,67316
CNP,2017-07-19,15:49:00,27.57,27.60,27.57,27.59,28213
CNP,2017-07-19,15:50:00,27.59,27.60,27.59,27.59,9355
CNP,2017-07-19,15:51:00,27.59,27.61,27.59,27.61,35356
CNP,2017-07-19,15:52:00,27.61,27.61,27.60,27.61,13981
CNP,2017-07-19,15:53:00,27.61,27.61,27.60,27.60,16984
CNP,2017-07-19,15:54:00,27.60,27.61,27.60,27.60,13998
CNP,2017-07-19,15:55:00,27.60,27.61,27.59,27.59,18064
CNP,2017-07-19,15:56:00,27.59,27.60,27.59,27.60,11322
CNP,2017-07-19,15:57:00,27.59,27.60,27.59,27.59,24702
CNP,2017-07-19,15:58:00,27.59,27.60,27.58,27.59,43021
CNP,2017-07-19,15:59:00,27.59,27.61,27.58,27.61,38641
CNP,2017-07-19,16:00:00,27.61,27.61,27.60,27.61,110571
CNP,2017-07-20,09:30:00,27.78,27.78,27.73,27.73,34452
CNP,2017-07-20,09:31:00,27.79,27.80,27.72,27.72,1900
CNP,2017-07-20,09:32:00,27.69,27.71,27.69,27.70,2100
CNP,2017-07-20,09:33:00,27.70,27.70,27.63,27.66,8035
CNP,2017-07-20,09:34:00,27.65,27.69,27.65,27.69,4542
CNP,2017-07-20,09:35:00,27.68,27.69,27.65,27.65,3200
CNP,2017-07-20,09:36:00,27.65,27.66,27.64,27.64,6844
CNP,2017-07-20,09:37:00,27.66,27.66,27.61,27.61,8487
CNP,2017-07-20,09:38:00,27.61,27.61,27.59,27.61,10249
CNP,2017-07-20,09:39:00,27.61,27.63,27.61,27.63,1900
CNP,2017-07-20,09:40:00,27.64,27.71,27.64,27.70,16152
CNP,2017-07-20,09:41:00,27.71,27.73,27.70,27.71,49083
CNP,2017-07-20,09:42:00,27.71,27.71,27.68,27.68,7625
CNP,2017-07-20,09:43:00,27.68,27.68,27.67,27.68,3975
CNP,2017-07-20,09:44:00,27.68,27.68,27.68,27.68,500
CNP,2017-07-20,09:45:00,27.68,27.70,27.68,27.70,10526
CNP,2017-07-20,09:46:00,27.70,27.71,27.70,27.71,4200
CNP,2017-07-20,09:47:00,27.71,27.71,27.69,27.70,7154
CNP,2017-07-20,09:48:00,27.70,27.71,27.66,27.67,17700
CNP,2017-07-20,09:49:00,27.67,27.67,27.64,27.64,4360
CNP,2017-07-20,09:50:00,27.64,27.64,27.64,27.64,100
CNP,2017-07-20,09:51:00,27.64,27.64,27.63,27.64,9821
CNP,2017-07-20,09:52:00,27.65,27.66,27.63,27.64,23407
CNP,2017-07-20,09:53:00,27.64,27.67,27.64,27.66,36000
CNP,2017-07-20,09:54:00,27.66,27.68,27.66,27.68,1052
CNP,2017-07-20,09:55:00,27.68,27.69,27.68,27.69,700
CNP,2017-07-20,09:56:00,27.70,27.71,27.70,27.70,5800
CNP,2017-07-20,09:57:00,27.70,27.72,27.70,27.72,1700
CNP,2017-07-20,09:58:00,27.73,27.73,27.72,27.72,4741
CNP,2017-07-20,09:59:00,27.72,27.72,27.71,27.71,1100
CNP,2017-07-20,10:00:00,27.71,27.71,27.70,27.71,2500
CNP,2017-07-20,10:01:00,27.72,27.74,27.71,27.73,7020
CNP,2017-07-20,10:02:00,27.72,27.74,27.72,27.74,8900
CNP,2017-07-20,10:03:00,27.74,27.75,27.73,27.73,2504
CNP,2017-07-20,10:04:00,27.73,27.75,27.73,27.74,2100
CNP,2017-07-20,10:05:00,27.74,27.75,27.74,27.75,500
CNP,2017-07-20,10:06:00,27.75,27.77,27.75,27.76,2265
CNP,2017-07-20,10:07:00,27.76,27.77,27.76,27.76,3400
CNP,2017-07-20,10:08:00,27.76,27.77,27.76,27.77,8300
CNP,2017-07-20,10:09:00,27.77,27.79,27.77,27.79,6300
CNP,2017-07-20,10:10:00,27.79,27.80,27.79,27.80,20767
CNP,2017-07-20,10:11:00,27.80,27.80,27.80,27.80,7080
CNP,2017-07-20,10:12:00,27.80,27.84,27.80,27.84,24837
CNP,2017-07-20,10:13:00,27.84,27.87,27.82,27.86,40154
CNP,2017-07-20,10:14:00,27.86,27.86,27.80,27.82,39801
CNP,2017-07-20,10:15:00,27.83,27.84,27.82,27.83,4600
CNP,2017-07-20,10:16:00,27.83,27.83,27.79,27.80,6054
CNP,2017-07-20,10:17:00,27.79,27.80,27.77,27.77,5711
CNP,2017-07-20,10:18:00,27.77,27.77,27.77,27.77,1000
CNP,2017-07-20,10:19:00,27.77,27.77,27.76,27.76,1925
CNP,2017-07-20,10:20:00,27.76,27.77,27.76,27.76,4680
CNP,2017-07-20,10:21:00,27.76,27.77,27.75,27.77,5377
CNP,2017-07-20,10:22:00,27.77,27.78,27.77,27.78,2525
CNP,2017-07-20,10:23:00,27.77,27.84,27.77,27.84,12461
CNP,2017-07-20,10:24:00,27.84,27.84,27.82,27.82,11800
CNP,2017-07-20,10:25:00,27.82,27.86,27.82,27.85,20379
CNP,2017-07-20,10:26:00,27.84,27.86,27.84,27.84,30851
CNP,2017-07-20,10:27:00,27.84,27.86,27.84,27.84,17970
CNP,2017-07-20,10:28:00,27.85,27.85,27.84,27.85,1400
CNP,2017-07-20,10:29:00,27.85,27.86,27.85,27.86,1611
CNP,2017-07-20,10:30:00,27.85,27.86,27.85,27.85,11101
CNP,2017-07-20,10:31:00,27.85,27.85,27.84,27.85,19937
CNP,2017-07-20,10:32:00,27.85,27.86,27.84,27.84,34109
CNP,2017-07-20,10:33:00,27.85,27.85,27.83,27.84,32476
CNP,2017-07-20,10:34:00,27.85,27.86,27.84,27.85,6120
CNP,2017-07-20,10:35:00,27.86,27.87,27.84,27.87,23865
CNP,2017-07-20,10:36:00,27.87,27.88,27.87,27.88,3661
CNP,2017-07-20,10:37:00,27.88,27.91,27.88,27.89,8720
CNP,2017-07-20,10:38:00,27.89,27.92,27.89,27.91,3173
CNP,2017-07-20,10:39:00,27.91,27.92,27.90,27.91,10454
CNP,2017-07-20,10:40:00,27.91,27.92,27.91,27.92,300
CNP,2017-07-20,10:41:00,27.92,27.92,27.91,27.91,4004
CNP,2017-07-20,10:42:00,27.91,27.92,27.91,27.91,4200
CNP,2017-07-20,10:43:00,27.91,27.91,27.89,27.91,36371
CNP,2017-07-20,10:44:00,27.91,27.93,27.91,27.93,2300
CNP,2017-07-20,10:45:00,27.92,27.93,27.92,27.92,7300
CNP,2017-07-20,10:46:00,27.92,27.94,27.92,27.94,7294
CNP,2017-07-20,10:47:00,27.93,27.95,27.93,27.95,2404
CNP,2017-07-20,10:48:00,27.95,27.96,27.95,27.95,4521
CNP,2017-07-20,10:49:00,27.95,27.95,27.94,27.94,2700
CNP,2017-07-20,10:50:00,27.95,27.95,27.94,27.95,600
CNP,2017-07-20,10:51:00,27.95,27.95,27.93,27.93,4645
CNP,2017-07-20,10:52:00,27.92,27.92,27.91,27.92,2700
CNP,2017-07-20,10:53:00,27.93,27.93,27.91,27.91,3300
CNP,2017-07-20,10:54:00,27.91,27.92,27.91,27.92,5448
CNP,2017-07-20,10:55:00,27.93,27.93,27.93,27.93,700
CNP,2017-07-20,10:56:00,27.93,27.93,27.91,27.92,4100
CNP,2017-07-20,10:57:00,27.91,27.92,27.91,27.91,4130
CNP,2017-07-20,10:58:00,27.91,27.92,27.91,27.91,10484
CNP,2017-07-20,10:59:00,27.92,27.92,27.91,27.92,5100
CNP,2017-07-20,11:00:00,27.91,27.92,27.91,27.92,8812
CNP,2017-07-20,11:01:00,27.92,27.92,27.91,27.91,6348
CNP,2017-07-20,11:02:00,27.91,27.92,27.91,27.92,1200
CNP,2017-07-20,11:03:00,27.92,27.92,27.91,27.91,700
CNP,2017-07-20,11:04:00,27.91,27.92,27.91,27.92,7071
CNP,2017-07-20,11:05:00,27.91,27.92,27.91,27.91,2500
CNP,2017-07-20,11:06:00,27.91,27.92,27.91,27.92,29271
CNP,2017-07-20,11:07:00,27.92,27.92,27.89,27.90,18903
CNP,2017-07-20,11:08:00,27.90,27.90,27.88,27.88,12636
CNP,2017-07-20,11:09:00,27.87,27.88,27.87,27.88,2100
CNP,2017-07-20,11:10:00,27.87,27.87,27.86,27.86,4078
CNP,2017-07-20,11:11:00,27.87,27.87,27.86,27.86,3000
CNP,2017-07-20,11:12:00,27.86,27.87,27.86,27.87,4600
CNP,2017-07-20,11:13:00,27.86,27.87,27.86,27.86,2100
CNP,2017-07-20,11:14:00,27.86,27.86,27.85,27.86,11941
CNP,2017-07-20,11:15:00,27.87,27.87,27.86,27.86,4600
CNP,2017-07-20,11:16:00,27.86,27.87,27.86,27.87,3100
CNP,2017-07-20,11:17:00,27.86,27.88,27.86,27.88,13842
CNP,2017-07-20,11:18:00,27.87,27.88,27.87,27.88,9020
CNP,2017-07-20,11:19:00,27.88,27.89,27.88,27.89,13284
CNP,2017-07-20,11:20:00,27.89,27.89,27.88,27.89,2800
CNP,2017-07-20,11:21:00,27.89,27.92,27.89,27.92,32661
CNP,2017-07-20,11:22:00,27.92,27.92,27.91,27.92,4539
CNP,2017-07-20,11:23:00,27.92,27.92,27.91,27.92,2218
CNP,2017-07-20,11:24:00,27.92,27.93,27.91,27.93,6176
CNP,2017-07-20,11:25:00,27.93,27.93,27.92,27.93,8622
CNP,2017-07-20,11:26:00,27.93,27.93,27.93,27.93,100
CNP,2017-07-20,11:27:00,27.92,27.93,27.91,27.92,5542
CNP,2017-07-20,11:28:00,27.92,27.93,27.92,27.93,2200
CNP,2017-07-20,11:29:00,27.93,27.93,27.93,27.93,100
CNP,2017-07-20,11:30:00,27.93,27.93,27.93,27.93,1861
CNP,2017-07-20,11:31:00,27.92,27.92,27.90,27.92,10101
CNP,2017-07-20,11:33:00,27.92,27.93,27.92,27.93,1488
CNP,2017-07-20,11:34:00,27.93,27.93,27.92,27.92,871
CNP,2017-07-20,11:35:00,27.93,27.93,27.92,27.93,590
CNP,2017-07-20,11:36:00,27.93,27.93,27.93,27.93,791
CNP,2017-07-20,11:37:00,27.93,27.93,27.91,27.91,6300
CNP,2017-07-20,11:38:00,27.91,27.92,27.91,27.91,3411
CNP,2017-07-20,11:40:00,27.91,27.92,27.90,27.92,37954
CNP,2017-07-20,11:41:00,27.91,27.92,27.91,27.92,6380
CNP,2017-07-20,11:42:00,27.93,27.93,27.92,27.93,1300
CNP,2017-07-20,11:43:00,27.93,27.94,27.93,27.93,4156
CNP,2017-07-20,11:44:00,27.93,27.95,27.93,27.95,4455
CNP,2017-07-20,11:45:00,27.94,27.94,27.93,27.93,900
CNP,2017-07-20,11:46:00,27.93,27.93,27.93,27.93,2000
CNP,2017-07-20,11:47:00,27.93,27.94,27.93,27.93,1915
CNP,2017-07-20,11:48:00,27.94,27.95,27.94,27.94,900
CNP,2017-07-20,11:49:00,27.94,27.95,27.94,27.95,200
CNP,2017-07-20,11:50:00,27.94,27.95,27.94,27.95,1791
CNP,2017-07-20,11:51:00,27.94,27.95,27.93,27.94,3335
CNP,2017-07-20,11:52:00,27.95,27.95,27.95,27.95,1200
CNP,2017-07-20,11:53:00,27.95,27.95,27.95,27.95,300
CNP,2017-07-20,11:54:00,27.95,27.95,27.95,27.95,100
CNP,2017-07-20,11:56:00,27.95,27.96,27.95,27.95,2201
CNP,2017-07-20,11:57:00,27.95,27.96,27.95,27.96,5463
CNP,2017-07-20,11:58:00,27.95,27.95,27.95,27.95,200
CNP,2017-07-20,11:59:00,27.96,27.96,27.95,27.95,200
CNP,2017-07-20,12:00:00,27.95,27.96,27.95,27.96,700
CNP,2017-07-20,12:01:00,27.95,27.96,27.95,27.95,1100
CNP,2017-07-20,12:02:00,27.95,27.95,27.93,27.95,28125
CNP,2017-07-20,12:03:00,27.95,27.95,27.95,27.95,1100
CNP,2017-07-20,12:04:00,27.95,27.98,27.95,27.97,4148
CNP,2017-07-20,12:05:00,27.98,27.98,27.96,27.97,4281
CNP,2017-07-20,12:06:00,27.97,27.98,27.97,27.98,1100
CNP,2017-07-20,12:07:00,27.98,27.98,27.98,27.98,600
CNP,2017-07-20,12:08:00,27.98,27.99,27.98,27.98,3993
CNP,2017-07-20,12:09:00,27.98,27.98,27.98,27.98,2300
CNP,2017-07-20,12:10:00,27.97,27.98,27.96,27.97,2505
CNP,2017-07-20,12:11:00,27.96,27.97,27.96,27.96,5092
CNP,2017-07-20,12:13:00,27.96,27.96,27.96,27.96,100
CNP,2017-07-20,12:14:00,27.96,27.97,27.96,27.97,726
CNP,2017-07-20,12:15:00,27.97,27.97,27.96,27.96,600
CNP,2017-07-20,12:16:00,27.96,27.96,27.96,27.96,462
CNP,2017-07-20,12:17:00,27.96,27.97,27.96,27.97,11352
CNP,2017-07-20,12:18:00,27.97,27.99,27.97,27.99,5929
CNP,2017-07-20,12:19:00,27.98,27.99,27.98,27.98,800
CNP,2017-07-20,12:20:00,27.98,27.99,27.98,27.98,900
CNP,2017-07-20,12:21:00,27.98,27.99,27.98,27.98,900
CNP,2017-07-20,12:22:00,27.98,27.98,27.97,27.97,3886
CNP,2017-07-20,12:23:00,27.97,27.98,27.97,27.98,600
CNP,2017-07-20,12:24:00,27.98,27.98,27.98,27.98,2122
CNP,2017-07-20,12:25:00,27.98,27.99,27.98,27.99,2580
CNP,2017-07-20,12:26:00,27.99,27.99,27.98,27.99,7852
CNP,2017-07-20,12:27:00,27.99,28.00,27.99,28.00,1772
CNP,2017-07-20,12:28:00,28.00,28.00,27.99,27.99,6215
CNP,2017-07-20,12:29:00,27.99,27.99,27.98,27.98,300
CNP,2017-07-20,12:30:00,27.98,28.00,27.98,28.00,1584
CNP,2017-07-20,12:31:00,27.99,28.00,27.99,27.99,2708
CNP,2017-07-20,12:33:00,28.00,28.00,27.99,28.00,500
CNP,2017-07-20,12:34:00,28.00,28.00,27.99,28.00,5800
CNP,2017-07-20,12:35:00,28.00,28.00,27.99,28.00,600
CNP,2017-07-20,12:36:00,28.00,28.01,27.99,28.01,130507
CNP,2017-07-20,12:37:00,28.00,28.02,28.00,28.02,5014
CNP,2017-07-20,12:38:00,28.02,28.03,28.02,28.02,4200
CNP,2017-07-20,12:39:00,28.03,28.03,28.02,28.03,4609
CNP,2017-07-20,12:40:00,28.03,28.04,28.03,28.04,2430
CNP,2017-07-20,12:41:00,28.04,28.04,28.04,28.04,500
CNP,2017-07-20,12:42:00,28.03,28.04,28.03,28.04,1600
CNP,2017-07-20,12:43:00,28.04,28.04,28.04,28.04,200
CNP,2017-07-20,12:44:00,28.03,28.03,28.03,28.03,300
CNP,2017-07-20,12:45:00,28.03,28.05,28.03,28.05,4559
CNP,2017-07-20,12:46:00,28.05,28.05,28.05,28.05,1500
CNP,2017-07-20,12:47:00,28.05,28.05,28.04,28.04,2939
CNP,2017-07-20,12:48:00,28.03,28.07,28.03,28.07,4673
CNP,2017-07-20,12:49:00,28.06,28.07,28.05,28.07,2200
CNP,2017-07-20,12:50:00,28.07,28.07,28.07,28.07,300
CNP,2017-07-20,12:51:00,28.07,28.08,28.07,28.07,1579
CNP,2017-07-20,12:52:00,28.08,28.08,28.08,28.08,200
CNP,2017-07-20,12:53:00,28.08,28.08,28.08,28.08,100
CNP,2017-07-20,12:54:00,28.08,28.08,28.07,28.07,1600
CNP,2017-07-20,12:55:00,28.07,28.08,28.07,28.08,1750
CNP,2017-07-20,12:56:00,28.08,28.08,28.07,28.07,700
CNP,2017-07-20,12:57:00,28.08,28.08,28.07,28.07,4200
CNP,2017-07-20,12:58:00,28.06,28.06,28.06,28.06,300
CNP,2017-07-20,12:59:00,28.06,28.07,28.06,28.07,6290
CNP,2017-07-20,13:00:00,28.07,28.07,28.07,28.07,170
CNP,2017-07-20,13:01:00,28.06,28.06,28.06,28.06,100
CNP,2017-07-20,13:02:00,28.07,28.09,28.07,28.09,4665
CNP,2017-07-20,13:03:00,28.09,28.09,28.08,28.08,6154
CNP,2017-07-20,13:05:00,28.08,28.08,28.08,28.08,800
CNP,2017-07-20,13:06:00,28.08,28.09,28.08,28.08,400
CNP,2017-07-20,13:07:00,28.08,28.12,28.08,28.10,6206
CNP,2017-07-20,13:08:00,28.10,28.11,28.10,28.11,300
CNP,2017-07-20,13:09:00,28.11,28.11,28.11,28.11,750
CNP,2017-07-20,13:10:00,28.11,28.12,28.11,28.12,2599
CNP,2017-07-20,13:11:00,28.13,28.14,28.12,28.12,6261
CNP,2017-07-20,13:12:00,28.11,28.12,28.11,28.11,1800
CNP,2017-07-20,13:13:00,28.11,28.11,28.11,28.11,400
CNP,2017-07-20,13:14:00,28.11,28.12,28.10,28.12,7366
CNP,2017-07-20,13:15:00,28.12,28.12,28.12,28.12,300
CNP,2017-07-20,13:16:00,28.11,28.11,28.11,28.11,100
CNP,2017-07-20,13:17:00,28.11,28.11,28.11,28.11,100
CNP,2017-07-20,13:18:00,28.11,28.11,28.11,28.11,800
CNP,2017-07-20,13:19:00,28.11,28.11,28.11,28.11,1100
CNP,2017-07-20,13:20:00,28.11,28.11,28.11,28.11,500
CNP,2017-07-20,13:21:00,28.11,28.12,28.11,28.11,500
CNP,2017-07-20,13:22:00,28.11,28.13,28.11,28.12,4060
CNP,2017-07-20,13:23:00,28.13,28.13,28.12,28.12,2100
CNP,2017-07-20,13:24:00,28.12,28.12,28.11,28.11,4300
CNP,2017-07-20,13:25:00,28.11,28.11,28.11,28.11,280
CNP,2017-07-20,13:26:00,28.11,28.12,28.11,28.11,1100
CNP,2017-07-20,13:27:00,28.11,28.11,28.11,28.11,500
CNP,2017-07-20,13:28:00,28.11,28.11,28.11,28.11,300
CNP,2017-07-20,13:29:00,28.11,28.12,28.11,28.11,400
CNP,2017-07-20,13:30:00,28.11,28.11,28.11,28.11,300
CNP,2017-07-20,13:31:00,28.11,28.11,28.09,28.09,7025
CNP,2017-07-20,13:32:00,28.09,28.09,28.09,28.09,400
CNP,2017-07-20,13:33:00,28.09,28.11,28.09,28.11,7244
CNP,2017-07-20,13:34:00,28.10,28.11,28.10,28.11,600
CNP,2017-07-20,13:35:00,28.10,28.11,28.10,28.10,2881
CNP,2017-07-20,13:36:00,28.10,28.10,28.09,28.09,3700
CNP,2017-07-20,13:37:00,28.09,28.09,28.09,28.09,1300
CNP,2017-07-20,13:38:00,28.09,28.09,28.07,28.07,13892
CNP,2017-07-20,13:39:00,28.07,28.07,28.06,28.06,8950
CNP,2017-07-20,13:40:00,28.06,28.06,28.04,28.05,8452
CNP,2017-07-20,13:41:00,28.05,28.05,28.03,28.03,3799
CNP,2017-07-20,13:42:00,28.03,28.04,28.02,28.02,5600
CNP,2017-07-20,13:43:00,28.02,28.02,28.02,28.02,1500
CNP,2017-07-20,13:44:00,28.02,28.02,28.01,28.01,2500
CNP,2017-07-20,13:45:00,28.01,28.02,28.01,28.02,8555
CNP,2017-07-20,13:46:00,28.02,28.03,28.02,28.02,2666
CNP,2017-07-20,13:47:00,28.02,28.02,28.02,28.02,1900
CNP,2017-07-20,13:48:00,28.02,28.03,28.01,28.01,6446
CNP,2017-07-20,13:49:00,28.01,28.02,28.00,28.00,3000
CNP,2017-07-20,13:50:00,28.00,28.00,27.97,27.97,6005
CNP,2017-07-20,13:51:00,27.98,27.98,27.96,27.96,14253
CNP,2017-07-20,13:52:00,27.96,27.96,27.96,27.96,800
CNP,2017-07-20,13:53:00,27.96,27.98,27.96,27.96,15230
CNP,2017-07-20,13:54:00,27.96,27.96,27.96,27.96,1000
CNP,2017-07-20,13:55:00,27.96,27.96,27.96,27.96,1100
CNP,2017-07-20,13:56:00,27.96,27.96,27.95,27.96,3896
CNP,2017-07-20,13:57:00,27.95,27.96,27.95,27.95,500
CNP,2017-07-20,13:58:00,27.95,27.95,27.95,27.95,2400
CNP,2017-07-20,13:59:00,27.95,27.95,27.95,27.95,2907
CNP,2017-07-20,14:00:00,27.95,27.96,27.95,27.95,16183
CNP,2017-07-20,14:01:00,27.96,27.96,27.95,27.95,900
CNP,2017-07-20,14:02:00,27.95,27.95,27.93,27.93,4531
CNP,2017-07-20,14:03:00,27.93,27.93,27.93,27.93,3400
CNP,2017-07-20,14:04:00,27.92,27.93,27.92,27.93,700
CNP,2017-07-20,14:05:00,27.92,27.94,27.92,27.94,9445
CNP,2017-07-20,14:06:00,27.93,27.94,27.93,27.93,400
CNP,2017-07-20,14:07:00,27.93,27.93,27.91,27.93,11415
CNP,2017-07-20,14:08:00,27.93,27.94,27.93,27.93,8136
CNP,2017-07-20,14:09:00,27.93,27.93,27.93,27.93,10046
CNP,2017-07-20,14:10:00,27.93,27.93,27.93,27.93,500
CNP,2017-07-20,14:11:00,27.92,27.93,27.92,27.93,700
CNP,2017-07-20,14:12:00,27.92,27.93,27.92,27.93,1100
CNP,2017-07-20,14:13:00,27.93,27.93,27.92,27.93,4369
CNP,2017-07-20,14:14:00,27.93,27.93,27.92,27.92,2116
CNP,2017-07-20,14:15:00,27.93,27.93,27.92,27.92,2100
CNP,2017-07-20,14:16:00,27.93,27.93,27.92,27.93,4595
CNP,2017-07-20,14:17:00,27.93,27.93,27.92,27.92,800
CNP,2017-07-20,14:18:00,27.93,27.93,27.92,27.93,2000
CNP,2017-07-20,14:19:00,27.93,27.93,27.92,27.92,2700
CNP,2017-07-20,14:20:00,27.92,27.93,27.91,27.91,8883
CNP,2017-07-20,14:21:00,27.91,27.93,27.91,27.92,17799
CNP,2017-07-20,14:22:00,27.91,27.92,27.91,27.91,5000
CNP,2017-07-20,14:23:00,27.91,27.92,27.91,27.91,3419
CNP,2017-07-20,14:24:00,27.91,27.92,27.91,27.92,6880
CNP,2017-07-20,14:25:00,27.91,27.92,27.91,27.92,4000
CNP,2017-07-20,14:26:00,27.91,27.93,27.91,27.93,8501
CNP,2017-07-20,14:27:00,27.92,27.93,27.92,27.93,535
CNP,2017-07-20,14:28:00,27.93,27.94,27.93,27.93,8240
CNP,2017-07-20,14:29:00,27.94,27.94,27.93,27.93,3900
CNP,2017-07-20,14:30:00,27.93,27.95,27.93,27.95,5708
CNP,2017-07-20,14:31:00,27.95,27.95,27.93,27.93,3759
CNP,2017-07-20,14:32:00,27.93,27.94,27.93,27.93,3795
CNP,2017-07-20,14:33:00,27.93,27.94,27.93,27.93,1977
CNP,2017-07-20,14:34:00,27.94,27.95,27.93,27.94,4860
CNP,2017-07-20,14:35:00,27.95,27.95,27.94,27.94,4980
CNP,2017-07-20,14:36:00,27.95,27.95,27.94,27.95,3100
CNP,2017-07-20,14:37:00,27.95,27.95,27.93,27.93,6526
CNP,2017-07-20,14:38:00,27.93,27.94,27.93,27.94,2300
CNP,2017-07-20,14:39:00,27.93,27.94,27.93,27.93,830
CNP,2017-07-20,14:40:00,27.93,27.95,27.92,27.94,35865
CNP,2017-07-20,14:41:00,27.94,27.96,27.93,27.96,8611
CNP,2017-07-20,14:42:00,27.97,27.97,27.97,27.97,100
CNP,2017-07-20,14:43:00,27.97,27.97,27.96,27.96,709
CNP,2017-07-20,14:44:00,27.96,27.96,27.96,27.96,3096
CNP,2017-07-20,14:45:00,27.96,27.96,27.96,27.96,1400
CNP,2017-07-20,14:46:00,27.96,27.97,27.96,27.97,400
CNP,2017-07-20,14:47:00,27.96,27.96,27.96,27.96,600
CNP,2017-07-20,14:48:00,27.97,27.98,27.96,27.98,8808
CNP,2017-07-20,14:49:00,27.98,27.98,27.97,27.98,5900
CNP,2017-07-20,14:50:00,27.97,27.97,27.96,27.97,3717
CNP,2017-07-20,14:51:00,27.96,27.96,27.96,27.96,1000
CNP,2017-07-20,14:52:00,27.96,27.97,27.96,27.96,919
CNP,2017-07-20,14:53:00,27.97,27.97,27.96,27.96,6085
CNP,2017-07-20,14:54:00,27.97,27.97,27.96,27.97,2948
CNP,2017-07-20,14:55:00,27.96,27.96,27.96,27.96,1200
CNP,2017-07-20,14:56:00,27.96,27.97,27.96,27.97,700
CNP,2017-07-20,14:57:00,27.96,27.96,27.96,27.96,1000
CNP,2017-07-20,14:58:00,27.96,27.97,27.96,27.96,1700
CNP,2017-07-20,14:59:00,27.96,27.98,27.96,27.97,14789
CNP,2017-07-20,15:00:00,27.97,27.98,27.95,27.96,31611
CNP,2017-07-20,15:01:00,27.97,27.97,27.97,27.97,200
CNP,2017-07-20,15:02:00,27.96,27.97,27.96,27.96,400
CNP,2017-07-20,15:03:00,27.96,27.96,27.96,27.96,1000
CNP,2017-07-20,15:04:00,27.96,27.97,27.96,27.96,5503
CNP,2017-07-20,15:05:00,27.96,27.97,27.95,27.95,9739
CNP,2017-07-20,15:06:00,27.95,27.95,27.95,27.95,1883
CNP,2017-07-20,15:07:00,27.95,27.96,27.95,27.95,3300
CNP,2017-07-20,15:08:00,27.95,27.96,27.95,27.96,20943
CNP,2017-07-20,15:09:00,27.96,27.96,27.95,27.95,5753
CNP,2017-07-20,15:10:00,27.95,27.96,27.95,27.95,785
CNP,2017-07-20,15:11:00,27.95,27.95,27.95,27.95,6000
CNP,2017-07-20,15:12:00,27.96,27.96,27.95,27.96,11804
CNP,2017-07-20,15:13:00,27.96,27.98,27.96,27.98,9403
CNP,2017-07-20,15:14:00,27.98,27.98,27.96,27.96,13563
CNP,2017-07-20,15:15:00,27.96,27.96,27.95,27.95,2581
CNP,2017-07-20,15:16:00,27.95,27.95,27.94,27.95,4788
CNP,2017-07-20,15:17:00,27.95,27.95,27.95,27.95,3100
CNP,2017-07-20,15:18:00,27.95,27.95,27.94,27.95,4034
CNP,2017-07-20,15:19:00,27.95,27.96,27.95,27.96,12204
CNP,2017-07-20,15:20:00,27.96,27.97,27.96,27.96,2622
CNP,2017-07-20,15:21:00,27.96,27.96,27.95,27.95,8754
CNP,2017-07-20,15:22:00,27.95,27.95,27.94,27.95,10240
CNP,2017-07-20,15:23:00,27.94,27.95,27.94,27.95,2600
CNP,2017-07-20,15:24:00,27.95,27.97,27.95,27.97,14418
CNP,2017-07-20,15:25:00,27.97,27.98,27.96,27.98,9638
CNP,2017-07-20,15:26:00,27.98,27.99,27.98,27.99,4000
CNP,2017-07-20,15:27:00,27.99,28.00,27.98,28.00,4300
CNP,2017-07-20,15:28:00,28.00,28.01,28.00,28.01,5600
CNP,2017-07-20,15:29:00,28.00,28.00,28.00,28.00,1000
CNP,2017-07-20,15:30:00,28.00,28.01,28.00,28.01,21844
CNP,2017-07-20,15:31:00,28.01,28.02,28.00,28.00,5030
CNP,2017-07-20,15:32:00,28.00,28.01,28.00,28.00,4200
CNP,2017-07-20,15:33:00,28.00,28.03,28.00,28.02,30403
CNP,2017-07-20,15:34:00,28.02,28.03,28.02,28.03,16997
CNP,2017-07-20,15:35:00,28.04,28.04,28.03,28.04,6980
CNP,2017-07-20,15:36:00,28.04,28.05,28.04,28.05,47161
CNP,2017-07-20,15:37:00,28.05,28.06,28.04,28.05,45067
CNP,2017-07-20,15:38:00,28.06,28.06,28.05,28.05,1800
CNP,2017-07-20,15:39:00,28.05,28.06,28.03,28.04,25894
CNP,2017-07-20,15:40:00,28.04,28.04,28.02,28.03,23656
CNP,2017-07-20,15:41:00,28.02,28.03,28.02,28.02,4200
CNP,2017-07-20,15:42:00,28.02,28.03,28.02,28.02,1109
CNP,2017-07-20,15:43:00,28.02,28.03,28.00,28.00,29969
CNP,2017-07-20,15:44:00,28.00,28.01,28.00,28.00,6726
CNP,2017-07-20,15:45:00,28.00,28.02,28.00,28.02,34848
CNP,2017-07-20,15:46:00,28.02,28.02,28.01,28.01,6536
CNP,2017-07-20,15:47:00,28.02,28.06,28.00,28.06,56910
CNP,2017-07-20,15:48:00,28.05,28.07,28.05,28.07,9535
CNP,2017-07-20,15:49:00,28.07,28.07,28.05,28.06,13296
CNP,2017-07-20,15:50:00,28.05,28.06,28.05,28.05,25904
CNP,2017-07-20,15:51:00,28.05,28.06,28.05,28.05,15617
CNP,2017-07-20,15:52:00,28.05,28.06,28.05,28.05,15015
CNP,2017-07-20,15:53:00,28.05,28.06,28.05,28.05,7634
CNP,2017-07-20,15:54:00,28.06,28.06,28.05,28.05,41286
CNP,2017-07-20,15:55:00,28.05,28.05,28.04,28.04,9381
CNP,2017-07-20,15:56:00,28.04,28.05,28.04,28.05,81693
CNP,2017-07-20,15:57:00,28.04,28.07,28.04,28.07,56301
CNP,2017-07-20,15:58:00,28.07,28.07,28.05,28.06,48404
CNP,2017-07-20,15:59:00,28.05,28.05,28.03,28.05,79652
CNP,2017-07-20,16:00:00,28.05,28.06,28.02,28.06,142782
CNP,2017-07-21,09:30:00,28.03,28.03,28.03,28.03,107425
CNP,2017-07-21,09:31:00,28.05,28.10,28.03,28.03,12180
CNP,2017-07-21,09:32:00,28.08,28.08,28.06,28.07,1700
CNP,2017-07-21,09:33:00,28.06,28.07,28.04,28.07,2300
CNP,2017-07-21,09:34:00,28.07,28.10,28.06,28.10,6228
CNP,2017-07-21,09:35:00,28.10,28.11,28.09,28.09,1624
CNP,2017-07-21,09:36:00,28.09,28.09,28.05,28.06,4708
CNP,2017-07-21,09:37:00,28.03,28.03,27.99,27.99,1000
CNP,2017-07-21,09:38:00,27.98,28.01,27.98,27.98,6400
CNP,2017-07-21,09:39:00,27.98,28.03,27.98,28.03,4928
CNP,2017-07-21,09:40:00,28.03,28.03,28.02,28.02,1300
CNP,2017-07-21,09:41:00,28.02,28.02,28.01,28.01,2911
CNP,2017-07-21,09:42:00,28.00,28.00,27.99,28.00,1600
CNP,2017-07-21,09:43:00,27.99,28.01,27.99,28.01,2300
CNP,2017-07-21,09:44:00,28.01,28.01,28.00,28.00,2200
CNP,2017-07-21,09:45:00,28.00,28.02,28.00,28.01,2305
CNP,2017-07-21,09:46:00,28.00,28.02,28.00,28.01,7300
CNP,2017-07-21,09:47:00,28.00,28.02,28.00,28.01,2600
CNP,2017-07-21,09:48:00,28.01,28.01,27.99,27.99,1100
CNP,2017-07-21,09:49:00,27.98,27.98,27.97,27.97,2550
CNP,2017-07-21,09:50:00,27.98,27.98,27.96,27.96,1400
CNP,2017-07-21,09:51:00,27.96,27.98,27.96,27.97,1800
CNP,2017-07-21,09:52:00,27.97,28.00,27.97,28.00,5613
CNP,2017-07-21,09:53:00,28.00,28.01,27.98,27.98,9828
CNP,2017-07-21,09:54:00,27.98,27.99,27.97,27.97,3840
CNP,2017-07-21,09:55:00,27.97,27.98,27.97,27.98,2970
CNP,2017-07-21,09:56:00,27.99,28.00,27.99,28.00,4200
CNP,2017-07-21,09:57:00,28.01,28.01,27.99,27.99,2600
CNP,2017-07-21,09:58:00,27.99,27.99,27.98,27.99,2300
CNP,2017-07-21,09:59:00,27.99,27.99,27.98,27.98,1600
CNP,2017-07-21,10:00:00,27.98,27.98,27.96,27.96,1302
CNP,2017-07-21,10:01:00,27.96,27.97,27.95,27.97,3800
CNP,2017-07-21,10:02:00,27.97,28.00,27.97,27.99,3197
CNP,2017-07-21,10:03:00,27.98,27.98,27.97,27.98,3763
CNP,2017-07-21,10:04:00,27.98,28.00,27.98,28.00,3953
CNP,2017-07-21,10:05:00,27.99,28.00,27.99,27.99,4693
CNP,2017-07-21,10:06:00,27.98,27.99,27.98,27.99,3100
CNP,2017-07-21,10:07:00,27.98,28.01,27.98,28.01,4500
CNP,2017-07-21,10:08:00,28.02,28.02,28.00,28.01,1600
CNP,2017-07-21,10:09:00,28.01,28.03,28.01,28.02,4000
CNP,2017-07-21,10:10:00,28.02,28.02,28.01,28.01,2500
CNP,2017-07-21,10:11:00,28.01,28.02,28.01,28.02,3401
CNP,2017-07-21,10:12:00,28.03,28.03,28.02,28.02,1978
CNP,2017-07-21,10:13:00,28.03,28.05,28.03,28.05,2512
CNP,2017-07-21,10:14:00,28.04,28.04,28.04,28.04,791
CNP,2017-07-21,10:15:00,28.05,28.05,28.04,28.04,3685
CNP,2017-07-21,10:16:00,28.04,28.04,28.04,28.04,180
CNP,2017-07-21,10:17:00,28.05,28.06,28.05,28.05,3129
CNP,2017-07-21,10:18:00,28.05,28.06,28.05,28.05,800
CNP,2017-07-21,10:19:00,28.06,28.07,28.06,28.07,1600
CNP,2017-07-21,10:20:00,28.07,28.07,28.06,28.06,2582
CNP,2017-07-21,10:21:00,28.06,28.07,28.05,28.06,8572
CNP,2017-07-21,10:22:00,28.06,28.06,28.06,28.06,1534
CNP,2017-07-21,10:23:00,28.05,28.06,28.05,28.06,3850
CNP,2017-07-21,10:24:00,28.07,28.08,28.06,28.06,3981
CNP,2017-07-21,10:25:00,28.06,28.07,28.06,28.07,1600
CNP,2017-07-21,10:26:00,28.07,28.07,28.07,28.07,2011
CNP,2017-07-21,10:27:00,28.06,28.06,28.05,28.05,1400
CNP,2017-07-21,10:28:00,28.05,28.05,28.05,28.05,600
CNP,2017-07-21,10:29:00,28.06,28.07,28.05,28.06,3010
CNP,2017-07-21,10:30:00,28.06,28.06,28.06,28.06,300
CNP,2017-07-21,10:31:00,28.06,28.06,28.06,28.06,300
CNP,2017-07-21,10:33:00,28.06,28.06,28.06,28.06,300
CNP,2017-07-21,10:34:00,28.06,28.06,28.06,28.06,100
CNP,2017-07-21,10:35:00,28.06,28.07,28.05,28.06,4514
CNP,2017-07-21,10:36:00,28.06,28.06,28.05,28.05,2400
CNP,2017-07-21,10:37:00,28.06,28.06,28.05,28.05,200
CNP,2017-07-21,10:38:00,28.05,28.05,28.04,28.05,2800
CNP,2017-07-21,10:39:00,28.05,28.05,28.05,28.05,1110
CNP,2017-07-21,10:40:00,28.04,28.04,28.04,28.04,200
CNP,2017-07-21,10:41:00,28.04,28.05,28.03,28.03,1813
CNP,2017-07-21,10:42:00,28.03,28.04,28.03,28.04,3278
CNP,2017-07-21,10:43:00,28.04,28.04,28.04,28.04,800
CNP,2017-07-21,10:44:00,28.04,28.04,28.04,28.04,607
CNP,2017-07-21,10:45:00,28.04,28.05,28.04,28.05,3300
CNP,2017-07-21,10:46:00,28.04,28.05,28.04,28.05,400
CNP,2017-07-21,10:47:00,28.05,28.05,28.05,28.05,1392
CNP,2017-07-21,10:48:00,28.05,28.05,28.04,28.04,1800
CNP,2017-07-21,10:49:00,28.04,28.04,28.02,28.02,3931
CNP,2017-07-21,10:50:00,28.03,28.04,28.02,28.04,3901
CNP,2017-07-21,10:51:00,28.03,28.03,28.02,28.02,3425
CNP,2017-07-21,10:52:00,28.02,28.02,28.02,28.02,1400
CNP,2017-07-21,10:53:00,28.02,28.03,28.02,28.03,2500
CNP,2017-07-21,10:54:00,28.03,28.03,28.03,28.03,400
CNP,2017-07-21,10:55:00,28.03,28.03,28.02,28.02,916
CNP,2017-07-21,10:57:00,28.01,28.01,28.01,28.01,100
CNP,2017-07-21,10:58:00,28.01,28.01,28.01,28.01,100
CNP,2017-07-21,10:59:00,28.02,28.02,28.01,28.02,4873
CNP,2017-07-21,11:00:00,28.02,28.02,28.02,28.02,2550
CNP,2017-07-21,11:02:00,28.02,28.02,28.02,28.02,100
CNP,2017-07-21,11:03:00,28.01,28.02,28.01,28.02,3351
CNP,2017-07-21,11:04:00,28.02,28.02,28.01,28.01,600
CNP,2017-07-21,11:05:00,28.01,28.02,28.00,28.02,3103
CNP,2017-07-21,11:06:00,28.01,28.01,28.01,28.01,700
CNP,2017-07-21,11:07:00,28.01,28.02,28.00,28.00,2820
CNP,2017-07-21,11:08:00,28.00,28.00,28.00,28.00,500
CNP,2017-07-21,11:09:00,28.00,28.01,28.00,28.00,1000
CNP,2017-07-21,11:10:00,28.00,28.00,27.99,28.00,2807
CNP,2017-07-21,11:11:00,28.00,28.00,27.99,28.00,1389
CNP,2017-07-21,11:12:00,27.99,28.01,27.99,28.00,5124
CNP,2017-07-21,11:13:00,28.00,28.00,28.00,28.00,1600
CNP,2017-07-21,11:14:00,28.01,28.01,28.00,28.01,1100
CNP,2017-07-21,11:15:00,28.00,28.01,28.00,28.01,2596
CNP,2017-07-21,11:16:00,28.02,28.02,28.01,28.01,500
CNP,2017-07-21,11:17:00,28.02,28.02,28.00,28.00,2253
CNP,2017-07-21,11:18:00,28.00,28.01,28.00,28.01,600
CNP,2017-07-21,11:19:00,28.01,28.02,28.00,28.01,2900
CNP,2017-07-21,11:21:00,28.01,28.01,28.01,28.01,270
CNP,2017-07-21,11:22:00,28.01,28.02,28.01,28.01,1100
CNP,2017-07-21,11:23:00,28.01,28.02,28.01,28.01,600
CNP,2017-07-21,11:24:00,28.01,28.02,28.01,28.02,400
CNP,2017-07-21,11:25:00,28.01,28.02,28.00,28.00,1300
CNP,2017-07-21,11:26:00,28.00,28.00,27.99,27.99,3400
CNP,2017-07-21,11:27:00,27.99,28.00,27.98,27.98,3383
CNP,2017-07-21,11:28:00,27.98,28.00,27.98,27.99,3165
CNP,2017-07-21,11:29:00,27.99,28.00,27.99,27.99,1100
CNP,2017-07-21,11:30:00,28.00,28.00,27.99,27.99,700
CNP,2017-07-21,11:31:00,27.99,28.00,27.99,28.00,1700
CNP,2017-07-21,11:32:00,28.00,28.00,27.99,28.00,500
CNP,2017-07-21,11:33:00,27.99,28.03,27.99,28.02,48888
CNP,2017-07-21,11:34:00,28.02,28.02,28.02,28.02,3011
CNP,2017-07-21,11:35:00,28.02,28.02,28.02,28.02,100
CNP,2017-07-21,11:36:00,28.02,28.03,28.02,28.02,7175
CNP,2017-07-21,11:37:00,28.02,28.02,28.02,28.02,200
CNP,2017-07-21,11:38:00,28.02,28.02,28.00,28.00,7560
CNP,2017-07-21,11:39:00,28.00,28.00,28.00,28.00,18221
CNP,2017-07-21,11:40:00,28.00,28.00,28.00,28.00,2263
CNP,2017-07-21,11:41:00,27.99,27.99,27.98,27.99,6857
CNP,2017-07-21,11:42:00,27.99,28.00,27.99,27.99,1400
CNP,2017-07-21,11:44:00,27.99,27.99,27.98,27.98,3139
CNP,2017-07-21,11:45:00,27.98,27.98,27.98,27.98,3000
CNP,2017-07-21,11:46:00,27.98,27.99,27.98,27.99,2300
CNP,2017-07-21,11:47:00,27.98,27.99,27.98,27.98,1000
CNP,2017-07-21,11:48:00,27.98,27.98,27.98,27.98,500
CNP,2017-07-21,11:49:00,27.98,27.98,27.98,27.98,800
CNP,2017-07-21,11:50:00,27.98,27.98,27.98,27.98,1500
CNP,2017-07-21,11:51:00,27.98,27.99,27.98,27.98,2300
CNP,2017-07-21,11:52:00,27.98,27.98,27.98,27.98,1300
CNP,2017-07-21,11:53:00,27.98,27.99,27.98,27.98,1991
CNP,2017-07-21,11:54:00,27.98,28.02,27.98,28.02,17320
CNP,2017-07-21,11:55:00,28.02,28.02,28.02,28.02,1000
CNP,2017-07-21,11:56:00,28.01,28.02,28.01,28.02,5474
CNP,2017-07-21,11:57:00,28.02,28.02,28.00,28.00,7709
CNP,2017-07-21,11:58:00,28.00,28.00,28.00,28.00,2503
CNP,2017-07-21,11:59:00,28.00,28.01,28.00,28.01,6100
CNP,2017-07-21,12:00:00,28.00,28.01,28.00,28.00,2168
CNP,2017-07-21,12:01:00,28.00,28.00,28.00,28.00,700
CNP,2017-07-21,12:02:00,28.00,28.01,28.00,28.00,2778
CNP,2017-07-21,12:03:00,28.00,28.00,28.00,28.00,1000
CNP,2017-07-21,12:04:00,28.01,28.01,28.00,28.00,5600
CNP,2017-07-21,12:05:00,28.00,28.02,28.00,28.01,13486
CNP,2017-07-21,12:06:00,28.01,28.01,28.00,28.01,1702
CNP,2017-07-21,12:07:00,28.00,28.00,28.00,28.00,300
CNP,2017-07-21,12:08:00,28.01,28.01,28.01,28.01,100
CNP,2017-07-21,12:09:00,28.00,28.01,28.00,28.01,521
CNP,2017-07-21,12:10:00,28.00,28.01,28.00,28.00,900
CNP,2017-07-21,12:12:00,28.00,28.02,28.00,28.02,11487
CNP,2017-07-21,12:13:00,28.01,28.02,28.01,28.01,400
CNP,2017-07-21,12:14:00,28.02,28.02,28.02,28.02,200
CNP,2017-07-21,12:15:00,28.01,28.01,28.01,28.01,200
CNP,2017-07-21,12:18:00,28.01,28.02,28.01,28.02,1118
CNP,2017-07-21,12:19:00,28.01,28.02,28.01,28.02,1590
CNP,2017-07-21,12:20:00,28.01,28.02,28.01,28.02,200
CNP,2017-07-21,12:21:00,28.02,28.02,28.01,28.02,925
CNP,2017-07-21,12:22:00,28.02,28.02,28.02,28.02,1000
CNP,2017-07-21,12:23:00,28.02,28.03,28.02,28.03,7630
CNP,2017-07-21,12:24:00,28.02,28.03,28.02,28.02,400
CNP,2017-07-21,12:25:00,28.02,28.03,28.02,28.03,651
CNP,2017-07-21,12:26:00,28.03,28.04,28.02,28.04,6486
CNP,2017-07-21,12:27:00,28.04,28.04,28.03,28.04,700
CNP,2017-07-21,12:28:00,28.04,28.04,28.04,28.04,100
CNP,2017-07-21,12:29:00,28.04,28.04,28.02,28.03,8540
CNP,2017-07-21,12:30:00,28.02,28.04,28.02,28.04,6700
CNP,2017-07-21,12:31:00,28.04,28.04,28.03,28.04,4200
CNP,2017-07-21,12:32:00,28.04,28.04,28.04,28.04,1100
CNP,2017-07-21,12:33:00,28.03,28.05,28.02,28.04,15545
CNP,2017-07-21,12:34:00,28.04,28.05,28.03,28.03,5676
CNP,2017-07-21,12:35:00,28.04,28.04,28.04,28.04,400
CNP,2017-07-21,12:36:00,28.04,28.05,28.04,28.05,6962
CNP,2017-07-21,12:37:00,28.05,28.06,28.05,28.06,2600
CNP,2017-07-21,12:38:00,28.05,28.06,28.05,28.05,1400
CNP,2017-07-21,12:39:00,28.05,28.05,28.05,28.05,1100
CNP,2017-07-21,12:40:00,28.05,28.05,28.05,28.05,3200
CNP,2017-07-21,12:41:00,28.05,28.06,28.05,28.06,700
CNP,2017-07-21,12:42:00,28.06,28.06,28.05,28.06,700
CNP,2017-07-21,12:43:00,28.06,28.07,28.05,28.07,11700
CNP,2017-07-21,12:44:00,28.07,28.07,28.06,28.07,1300
CNP,2017-07-21,12:45:00,28.06,28.07,28.06,28.07,3500
CNP,2017-07-21,12:46:00,28.07,28.07,28.07,28.07,200
CNP,2017-07-21,12:47:00,28.07,28.07,28.06,28.06,960
CNP,2017-07-21,12:48:00,28.07,28.07,28.06,28.06,700
CNP,2017-07-21,12:49:00,28.07,28.08,28.07,28.07,6789
CNP,2017-07-21,12:50:00,28.07,28.08,28.07,28.08,1612
CNP,2017-07-21,12:51:00,28.07,28.08,28.07,28.08,600
CNP,2017-07-21,12:52:00,28.08,28.08,28.07,28.07,2183
CNP,2017-07-21,12:53:00,28.07,28.08,28.07,28.07,1065
CNP,2017-07-21,12:55:00,28.08,28.08,28.08,28.08,100
CNP,2017-07-21,12:56:00,28.07,28.08,28.07,28.07,500
CNP,2017-07-21,12:57:00,28.07,28.08,28.07,28.08,2600
CNP,2017-07-21,12:58:00,28.07,28.07,28.06,28.06,4586
CNP,2017-07-21,12:59:00,28.07,28.07,28.07,28.07,5033
CNP,2017-07-21,13:00:00,28.07,28.08,28.07,28.07,1900
CNP,2017-07-21,13:01:00,28.07,28.09,28.07,28.09,1300
CNP,2017-07-21,13:03:00,28.09,28.10,28.09,28.09,3500
CNP,2017-07-21,13:04:00,28.09,28.10,28.09,28.10,4400
CNP,2017-07-21,13:05:00,28.10,28.11,28.09,28.09,6300
CNP,2017-07-21,13:06:00,28.10,28.11,28.09,28.10,3400
CNP,2017-07-21,13:07:00,28.09,28.11,28.09,28.10,1502
CNP,2017-07-21,13:08:00,28.10,28.11,28.09,28.11,1400
CNP,2017-07-21,13:10:00,28.11,28.11,28.10,28.11,910
CNP,2017-07-21,13:11:00,28.10,28.11,28.10,28.10,1300
CNP,2017-07-21,13:13:00,28.10,28.10,28.09,28.09,200
CNP,2017-07-21,13:14:00,28.09,28.10,28.09,28.09,2300
CNP,2017-07-21,13:15:00,28.09,28.09,28.08,28.08,3523
CNP,2017-07-21,13:16:00,28.08,28.08,28.07,28.07,2220
CNP,2017-07-21,13:17:00,28.07,28.07,28.07,28.07,600
CNP,2017-07-21,13:18:00,28.07,28.07,28.07,28.07,100
CNP,2017-07-21,13:19:00,28.07,28.08,28.07,28.08,2173
CNP,2017-07-21,13:20:00,28.07,28.07,28.07,28.07,300
CNP,2017-07-21,13:21:00,28.07,28.08,28.07,28.07,800
CNP,2017-07-21,13:22:00,28.07,28.08,28.07,28.08,800
CNP,2017-07-21,13:23:00,28.07,28.08,28.07,28.08,200
CNP,2017-07-21,13:24:00,28.07,28.07,28.07,28.07,200
CNP,2017-07-21,13:25:00,28.07,28.08,28.07,28.08,400
CNP,2017-07-21,13:27:00,28.08,28.08,28.07,28.07,500
CNP,2017-07-21,13:28:00,28.07,28.08,28.07,28.08,900
CNP,2017-07-21,13:29:00,28.07,28.07,28.07,28.07,900
CNP,2017-07-21,13:30:00,28.07,28.07,28.07,28.07,500
CNP,2017-07-21,13:31:00,28.07,28.08,28.06,28.07,5248
CNP,2017-07-21,13:32:00,28.07,28.07,28.06,28.06,500
CNP,2017-07-21,13:33:00,28.07,28.07,28.06,28.06,1000
CNP,2017-07-21,13:34:00,28.06,28.07,28.06,28.07,300
CNP,2017-07-21,13:35:00,28.06,28.06,28.06,28.06,200
CNP,2017-07-21,13:36:00,28.06,28.07,28.06,28.06,3735
CNP,2017-07-21,13:37:00,28.06,28.07,28.06,28.06,700
CNP,2017-07-21,13:38:00,28.06,28.07,28.06,28.06,600
CNP,2017-07-21,13:39:00,28.06,28.07,28.06,28.07,10549
CNP,2017-07-21,13:40:00,28.07,28.07,28.07,28.07,400
CNP,2017-07-21,13:41:00,28.07,28.07,28.07,28.07,200
CNP,2017-07-21,13:42:00,28.07,28.08,28.07,28.08,6912
CNP,2017-07-21,13:43:00,28.07,28.07,28.07,28.07,2030
CNP,2017-07-21,13:44:00,28.07,28.07,28.07,28.07,5268
CNP,2017-07-21,13:45:00,28.07,28.07,28.07,28.07,700
CNP,2017-07-21,13:46:00,28.07,28.07,28.07,28.07,300
CNP,2017-07-21,13:47:00,28.07,28.07,28.04,28.04,7610
CNP,2017-07-21,13:48:00,28.05,28.05,28.05,28.05,500
CNP,2017-07-21,13:49:00,28.05,28.05,28.04,28.04,579
CNP,2017-07-21,13:50:00,28.04,28.05,28.04,28.04,2400
CNP,2017-07-21,13:51:00,28.04,28.04,28.04,28.04,700
CNP,2017-07-21,13:52:00,28.04,28.05,28.04,28.05,1718
CNP,2017-07-21,13:53:00,28.05,28.05,28.04,28.04,900
CNP,2017-07-21,13:54:00,28.04,28.05,28.04,28.05,1100
CNP,2017-07-21,13:55:00,28.04,28.04,28.04,28.04,500
CNP,2017-07-21,13:56:00,28.04,28.05,28.04,28.05,598
CNP,2017-07-21,13:57:00,28.04,28.04,28.04,28.04,1178
CNP,2017-07-21,13:58:00,28.04,28.05,28.04,28.04,400
CNP,2017-07-21,13:59:00,28.04,28.05,28.04,28.05,800
CNP,2017-07-21,14:00:00,28.05,28.05,28.04,28.05,3902
CNP,2017-07-21,14:01:00,28.05,28.05,28.04,28.05,578
CNP,2017-07-21,14:02:00,28.05,28.05,28.04,28.05,300
CNP,2017-07-21,14:03:00,28.04,28.05,28.04,28.04,700
CNP,2017-07-21,14:04:00,28.04,28.04,28.03,28.03,2989
CNP,2017-07-21,14:05:00,28.03,28.05,28.02,28.05,14691
CNP,2017-07-21,14:06:00,28.05,28.05,28.05,28.05,1000
CNP,2017-07-21,14:07:00,28.05,28.06,28.05,28.06,5275
CNP,2017-07-21,14:08:00,28.07,28.07,28.06,28.06,600
CNP,2017-07-21,14:09:00,28.07,28.07,28.05,28.05,8901
CNP,2017-07-21,14:10:00,28.05,28.06,28.05,28.05,2200
CNP,2017-07-21,14:11:00,28.05,28.05,28.05,28.05,700
CNP,2017-07-21,14:12:00,28.05,28.05,28.05,28.05,1400
CNP,2017-07-21,14:13:00,28.05,28.05,28.05,28.05,2600
CNP,2017-07-21,14:14:00,28.05,28.05,28.04,28.05,2963
CNP,2017-07-21,14:15:00,28.05,28.06,28.04,28.06,14500
CNP,2017-07-21,14:16:00,28.06,28.07,28.05,28.06,8000
CNP,2017-07-21,14:17:00,28.06,28.08,28.05,28.07,10269
CNP,2017-07-21,14:18:00,28.07,28.07,28.07,28.07,200
CNP,2017-07-21,14:19:00,28.07,28.08,28.07,28.07,3800
CNP,2017-07-21,14:20:00,28.07,28.07,28.06,28.07,2200
CNP,2017-07-21,14:21:00,28.07,28.07,28.07,28.07,100
CNP,2017-07-21,14:22:00,28.07,28.07,28.06,28.06,300
CNP,2017-07-21,14:23:00,28.06,28.07,28.05,28.06,11123
CNP,2017-07-21,14:24:00,28.06,28.06,28.05,28.06,8550
CNP,2017-07-21,14:25:00,28.07,28.10,28.07,28.09,16533
CNP,2017-07-21,14:26:00,28.09,28.09,28.07,28.08,3470
CNP,2017-07-21,14:27:00,28.09,28.10,28.09,28.09,5149
CNP,2017-07-21,14:28:00,28.09,28.10,28.09,28.10,3080
CNP,2017-07-21,14:29:00,28.10,28.10,28.09,28.09,19062
CNP,2017-07-21,14:30:00,28.09,28.09,28.08,28.09,7984
CNP,2017-07-21,14:31:00,28.09,28.09,28.09,28.09,2168
CNP,2017-07-21,14:32:00,28.09,28.10,28.09,28.09,4402
CNP,2017-07-21,14:33:00,28.10,28.11,28.09,28.10,5106
CNP,2017-07-21,14:34:00,28.10,28.10,28.09,28.10,2000
CNP,2017-07-21,14:35:00,28.09,28.10,28.09,28.09,1490
CNP,2017-07-21,14:36:00,28.09,28.10,28.09,28.09,2141
CNP,2017-07-21,14:37:00,28.09,28.09,28.09,28.09,1000
CNP,2017-07-21,14:38:00,28.09,28.09,28.09,28.09,1096
CNP,2017-07-21,14:39:00,28.09,28.10,28.09,28.09,9472
CNP,2017-07-21,14:40:00,28.09,28.09,28.09,28.09,1600
CNP,2017-07-21,14:41:00,28.09,28.10,28.09,28.10,4100
CNP,2017-07-21,14:42:00,28.09,28.10,28.09,28.10,4000
CNP,2017-07-21,14:43:00,28.09,28.11,28.09,28.11,4000
CNP,2017-07-21,14:44:00,28.11,28.11,28.10,28.11,801
CNP,2017-07-21,14:45:00,28.11,28.11,28.10,28.11,1856
CNP,2017-07-21,14:46:00,28.10,28.11,28.10,28.10,400
CNP,2017-07-21,14:47:00,28.10,28.11,28.10,28.10,400
CNP,2017-07-21,14:48:00,28.11,28.11,28.11,28.11,100
CNP,2017-07-21,14:49:00,28.10,28.11,28.10,28.11,5895
CNP,2017-07-21,14:50:00,28.11,28.11,28.10,28.10,2800
CNP,2017-07-21,14:51:00,28.10,28.11,28.09,28.10,2600
CNP,2017-07-21,14:52:00,28.09,28.10,28.09,28.09,800
CNP,2017-07-21,14:53:00,28.09,28.09,28.09,28.09,500
CNP,2017-07-21,14:54:00,28.09,28.09,28.09,28.09,400
CNP,2017-07-21,14:55:00,28.09,28.09,28.09,28.09,2600
CNP,2017-07-21,14:56:00,28.09,28.09,28.07,28.07,9984
CNP,2017-07-21,14:57:00,28.07,28.07,28.07,28.07,4363
CNP,2017-07-21,14:58:00,28.07,28.07,28.07,28.07,4445
CNP,2017-07-21,14:59:00,28.07,28.07,28.06,28.06,1300
CNP,2017-07-21,15:00:00,28.06,28.07,28.06,28.06,500
CNP,2017-07-21,15:01:00,28.07,28.07,28.06,28.06,300
CNP,2017-07-21,15:02:00,28.07,28.07,28.05,28.05,3796
CNP,2017-07-21,15:03:00,28.05,28.05,28.05,28.05,700
CNP,2017-07-21,15:04:00,28.05,28.07,28.05,28.07,12868
CNP,2017-07-21,15:05:00,28.07,28.07,28.07,28.07,700
CNP,2017-07-21,15:06:00,28.06,28.07,28.06,28.06,600
CNP,2017-07-21,15:07:00,28.06,28.06,28.05,28.05,6340
CNP,2017-07-21,15:08:00,28.06,28.06,28.06,28.06,100
CNP,2017-07-21,15:09:00,28.05,28.05,28.05,28.05,4781
CNP,2017-07-21,15:10:00,28.04,28.05,28.04,28.05,3032
CNP,2017-07-21,15:11:00,28.05,28.05,28.04,28.04,1073
CNP,2017-07-21,15:12:00,28.05,28.06,28.05,28.06,13858
CNP,2017-07-21,15:13:00,28.05,28.05,28.05,28.05,12776
CNP,2017-07-21,15:14:00,28.05,28.05,28.05,28.05,800
CNP,2017-07-21,15:15:00,28.05,28.05,28.05,28.05,100
CNP,2017-07-21,15:16:00,28.05,28.05,28.04,28.04,1228
CNP,2017-07-21,15:17:00,28.04,28.04,28.04,28.04,500
CNP,2017-07-21,15:18:00,28.05,28.05,28.04,28.05,1600
CNP,2017-07-21,15:19:00,28.04,28.05,28.02,28.03,8477
CNP,2017-07-21,15:20:00,28.02,28.04,28.02,28.04,12062
CNP,2017-07-21,15:21:00,28.04,28.04,28.03,28.03,300
CNP,2017-07-21,15:22:00,28.03,28.03,28.03,28.03,400
CNP,2017-07-21,15:23:00,28.03,28.03,28.02,28.02,10176
CNP,2017-07-21,15:24:00,28.02,28.04,28.02,28.04,20318
CNP,2017-07-21,15:25:00,28.04,28.04,28.04,28.04,1316
CNP,2017-07-21,15:26:00,28.05,28.05,28.04,28.05,1400
CNP,2017-07-21,15:27:00,28.05,28.05,28.04,28.04,700
CNP,2017-07-21,15:28:00,28.04,28.05,28.04,28.05,2900
CNP,2017-07-21,15:29:00,28.04,28.05,28.04,28.04,10200
CNP,2017-07-21,15:30:00,28.04,28.04,28.03,28.04,3400
CNP,2017-07-21,15:31:00,28.04,28.07,28.04,28.07,22683
CNP,2017-07-21,15:32:00,28.06,28.07,28.06,28.07,5936
CNP,2017-07-21,15:33:00,28.07,28.07,28.06,28.07,2300
CNP,2017-07-21,15:34:00,28.07,28.07,28.05,28.06,11495
CNP,2017-07-21,15:35:00,28.05,28.06,28.05,28.05,2050
CNP,2017-07-21,15:36:00,28.06,28.06,28.05,28.05,2900
CNP,2017-07-21,15:37:00,28.05,28.08,28.05,28.08,22392
CNP,2017-07-21,15:38:00,28.08,28.09,28.07,28.09,8375
CNP,2017-07-21,15:39:00,28.09,28.09,28.07,28.07,15752
CNP,2017-07-21,15:40:00,28.07,28.07,28.07,28.07,8607
CNP,2017-07-21,15:41:00,28.07,28.07,28.07,28.07,1600
CNP,2017-07-21,15:42:00,28.07,28.11,28.06,28.10,22902
CNP,2017-07-21,15:43:00,28.10,28.11,28.10,28.11,4640
CNP,2017-07-21,15:44:00,28.11,28.11,28.10,28.11,4617
CNP,2017-07-21,15:45:00,28.11,28.11,28.10,28.10,28759
CNP,2017-07-21,15:46:00,28.09,28.10,28.09,28.09,6510
CNP,2017-07-21,15:47:00,28.09,28.10,28.09,28.09,24015
CNP,2017-07-21,15:48:00,28.10,28.10,28.09,28.09,7100
CNP,2017-07-21,15:49:00,28.10,28.11,28.09,28.11,17521
CNP,2017-07-21,15:50:00,28.11,28.14,28.11,28.12,29413
CNP,2017-07-21,15:51:00,28.12,28.12,28.11,28.11,7922
CNP,2017-07-21,15:52:00,28.11,28.12,28.11,28.11,5200
CNP,2017-07-21,15:53:00,28.11,28.12,28.11,28.11,10183
CNP,2017-07-21,15:54:00,28.12,28.12,28.11,28.11,14245
CNP,2017-07-21,15:55:00,28.11,28.12,28.11,28.11,21221
CNP,2017-07-21,15:56:00,28.11,28.14,28.11,28.14,41859
CNP,2017-07-21,15:57:00,28.14,28.14,28.13,28.14,14041
CNP,2017-07-21,15:58:00,28.14,28.15,28.14,28.14,34527
CNP,2017-07-21,15:59:00,28.15,28.16,28.14,28.16,36808
CNP,2017-07-21,16:00:00,28.16,28.17,28.15,28.17,84952
