DGX,2017-07-18,09:30:00,109.67,109.80,109.67,109.80,6658
DGX,2017-07-18,09:32:00,109.84,109.84,109.77,109.77,400
DGX,2017-07-18,09:33:00,109.79,109.82,109.76,109.77,7800
DGX,2017-07-18,09:34:00,109.76,109.76,109.58,109.58,2847
DGX,2017-07-18,09:35:00,109.49,109.49,109.14,109.17,3395
DGX,2017-07-18,09:36:00,109.19,109.29,109.19,109.29,768
DGX,2017-07-18,09:37:00,109.25,109.25,109.23,109.23,200
DGX,2017-07-18,09:38:00,109.21,109.32,109.21,109.32,387
DGX,2017-07-18,09:39:00,109.37,109.37,109.37,109.37,100
DGX,2017-07-18,09:40:00,109.37,109.37,109.36,109.37,413
DGX,2017-07-18,09:41:00,109.35,109.35,109.30,109.30,200
DGX,2017-07-18,09:42:00,109.28,109.32,109.28,109.32,300
DGX,2017-07-18,09:44:00,109.42,109.45,109.39,109.45,400
DGX,2017-07-18,09:45:00,109.38,109.38,109.38,109.38,100
DGX,2017-07-18,09:46:00,109.43,109.47,109.43,109.47,300
DGX,2017-07-18,09:47:00,109.42,109.47,109.42,109.47,800
DGX,2017-07-18,09:48:00,109.52,109.60,109.52,109.60,400
DGX,2017-07-18,09:49:00,109.56,109.57,109.52,109.57,1600
DGX,2017-07-18,09:51:00,109.54,109.55,109.46,109.46,1342
DGX,2017-07-18,09:52:00,109.40,109.40,109.40,109.40,100
DGX,2017-07-18,09:53:00,109.43,109.43,109.43,109.43,100
DGX,2017-07-18,09:54:00,109.40,109.46,109.40,109.41,400
DGX,2017-07-18,09:56:00,109.37,109.40,109.36,109.39,800
DGX,2017-07-18,09:57:00,109.34,109.46,109.34,109.46,1400
DGX,2017-07-18,09:58:00,109.41,109.41,109.31,109.31,1000
DGX,2017-07-18,09:59:00,109.35,109.40,109.33,109.36,1000
DGX,2017-07-18,10:01:00,109.38,109.38,109.23,109.23,1400
DGX,2017-07-18,10:02:00,109.27,109.31,109.18,109.18,2505
DGX,2017-07-18,10:03:00,109.20,109.24,109.20,109.24,1600
DGX,2017-07-18,10:04:00,109.19,109.19,109.19,109.19,100
DGX,2017-07-18,10:05:00,109.15,109.15,108.97,108.99,3800
DGX,2017-07-18,10:06:00,109.04,109.04,108.89,108.98,4900
DGX,2017-07-18,10:07:00,108.99,109.04,108.99,109.04,724
DGX,2017-07-18,10:08:00,108.98,108.98,108.98,108.98,100
DGX,2017-07-18,10:09:00,108.97,108.97,108.97,108.97,100
DGX,2017-07-18,10:11:00,108.98,109.09,108.98,109.08,1428
DGX,2017-07-18,10:12:00,109.08,109.13,109.05,109.13,2100
DGX,2017-07-18,10:14:00,109.11,109.15,109.11,109.15,2455
DGX,2017-07-18,10:15:00,109.14,109.21,109.14,109.21,1359
DGX,2017-07-18,10:16:00,109.13,109.16,109.12,109.14,800
DGX,2017-07-18,10:17:00,109.16,109.19,109.13,109.19,1400
DGX,2017-07-18,10:18:00,109.17,109.17,109.13,109.14,1600
DGX,2017-07-18,10:19:00,109.14,109.14,109.06,109.08,1100
DGX,2017-07-18,10:20:00,109.06,109.06,109.03,109.04,1672
DGX,2017-07-18,10:21:00,109.05,109.08,108.98,108.99,3096
DGX,2017-07-18,10:22:00,109.00,109.03,108.97,109.03,1300
DGX,2017-07-18,10:23:00,109.00,109.00,108.95,108.95,400
DGX,2017-07-18,10:24:00,109.01,109.01,108.96,109.00,800
DGX,2017-07-18,10:25:00,109.02,109.02,109.00,109.00,300
DGX,2017-07-18,10:26:00,109.02,109.15,109.02,109.11,5869
DGX,2017-07-18,10:27:00,109.15,109.15,109.09,109.11,1700
DGX,2017-07-18,10:28:00,109.11,109.12,109.08,109.11,890
DGX,2017-07-18,10:29:00,109.12,109.12,109.05,109.07,1500
DGX,2017-07-18,10:30:00,109.07,109.10,109.07,109.10,500
DGX,2017-07-18,10:31:00,109.09,109.11,109.09,109.11,200
DGX,2017-07-18,10:32:00,109.07,109.14,109.07,109.11,3190
DGX,2017-07-18,10:33:00,109.14,109.14,109.09,109.11,300
DGX,2017-07-18,10:34:00,109.13,109.22,109.13,109.20,1282
DGX,2017-07-18,10:35:00,109.17,109.22,109.15,109.17,4913
DGX,2017-07-18,10:36:00,109.17,109.20,109.17,109.20,700
DGX,2017-07-18,10:38:00,109.23,109.23,109.22,109.22,200
DGX,2017-07-18,10:39:00,109.20,109.20,109.15,109.15,3389
DGX,2017-07-18,10:40:00,109.16,109.18,109.16,109.16,2700
DGX,2017-07-18,10:41:00,109.16,109.17,109.13,109.15,1300
DGX,2017-07-18,10:42:00,109.14,109.14,109.07,109.07,1700
DGX,2017-07-18,10:43:00,109.06,109.09,109.01,109.09,1900
DGX,2017-07-18,10:44:00,109.10,109.10,109.10,109.10,100
DGX,2017-07-18,10:45:00,109.06,109.06,109.03,109.06,700
DGX,2017-07-18,10:46:00,109.06,109.09,109.04,109.09,600
DGX,2017-07-18,10:47:00,109.10,109.17,109.10,109.17,700
DGX,2017-07-18,10:48:00,109.20,109.22,109.19,109.22,600
DGX,2017-07-18,10:49:00,109.22,109.24,109.22,109.24,400
DGX,2017-07-18,10:50:00,109.23,109.23,109.21,109.21,1000
DGX,2017-07-18,10:51:00,109.22,109.29,109.22,109.27,1400
DGX,2017-07-18,10:52:00,109.27,109.28,109.23,109.27,2066
DGX,2017-07-18,10:53:00,109.33,109.33,109.29,109.29,400
DGX,2017-07-18,10:54:00,109.28,109.30,109.26,109.27,1322
DGX,2017-07-18,10:55:00,109.25,109.29,109.25,109.25,500
DGX,2017-07-18,10:56:00,109.28,109.28,109.26,109.26,500
DGX,2017-07-18,10:57:00,109.28,109.28,109.26,109.26,400
DGX,2017-07-18,10:58:00,109.27,109.28,109.19,109.19,2600
DGX,2017-07-18,10:59:00,109.20,109.22,109.18,109.22,700
DGX,2017-07-18,11:00:00,109.26,109.26,109.26,109.26,350
DGX,2017-07-18,11:01:00,109.25,109.25,109.25,109.25,100
DGX,2017-07-18,11:02:00,109.21,109.25,109.21,109.25,1200
DGX,2017-07-18,11:03:00,109.26,109.28,109.26,109.28,600
DGX,2017-07-18,11:04:00,109.28,109.32,109.28,109.30,1403
DGX,2017-07-18,11:05:00,109.32,109.33,109.32,109.33,200
DGX,2017-07-18,11:06:00,109.34,109.34,109.31,109.32,2000
DGX,2017-07-18,11:07:00,109.35,109.41,109.35,109.41,1165
DGX,2017-07-18,11:08:00,109.42,109.45,109.39,109.45,900
DGX,2017-07-18,11:09:00,109.42,109.42,109.38,109.39,3388
DGX,2017-07-18,11:10:00,109.37,109.37,109.37,109.37,500
DGX,2017-07-18,11:11:00,109.38,109.40,109.38,109.40,500
DGX,2017-07-18,11:12:00,109.37,109.37,109.35,109.35,800
DGX,2017-07-18,11:15:00,109.25,109.30,109.25,109.30,845
DGX,2017-07-18,11:16:00,109.31,109.31,109.29,109.29,400
DGX,2017-07-18,11:17:00,109.31,109.32,109.31,109.32,400
DGX,2017-07-18,11:19:00,109.32,109.36,109.32,109.36,900
DGX,2017-07-18,11:20:00,109.35,109.37,109.34,109.35,12900
DGX,2017-07-18,11:21:00,109.37,109.42,109.36,109.36,4602
DGX,2017-07-18,11:22:00,109.36,109.42,109.36,109.42,1200
DGX,2017-07-18,11:23:00,109.42,109.42,109.36,109.36,2310
DGX,2017-07-18,11:24:00,109.36,109.36,109.33,109.34,2800
DGX,2017-07-18,11:25:00,109.34,109.36,109.33,109.33,2200
DGX,2017-07-18,11:26:00,109.29,109.31,109.25,109.25,1100
DGX,2017-07-18,11:27:00,109.25,109.25,109.18,109.20,1700
DGX,2017-07-18,11:28:00,109.20,109.22,109.17,109.17,810
DGX,2017-07-18,11:29:00,109.17,109.17,109.14,109.14,741
DGX,2017-07-18,11:30:00,109.13,109.13,109.11,109.13,1400
DGX,2017-07-18,11:31:00,109.10,109.11,109.10,109.10,500
DGX,2017-07-18,11:32:00,109.12,109.12,109.09,109.09,700
DGX,2017-07-18,11:33:00,109.10,109.13,109.08,109.13,1289
DGX,2017-07-18,11:34:00,109.12,109.12,109.10,109.10,500
DGX,2017-07-18,11:35:00,109.10,109.14,109.10,109.13,700
DGX,2017-07-18,11:36:00,109.10,109.10,109.09,109.09,400
DGX,2017-07-18,11:37:00,109.09,109.15,109.09,109.13,1400
DGX,2017-07-18,11:38:00,109.13,109.16,109.13,109.15,400
DGX,2017-07-18,11:39:00,109.13,109.15,109.13,109.15,1000
DGX,2017-07-18,11:40:00,109.13,109.13,109.11,109.11,400
DGX,2017-07-18,11:41:00,109.11,109.13,109.11,109.13,300
DGX,2017-07-18,11:42:00,109.12,109.12,109.10,109.10,500
DGX,2017-07-18,11:43:00,109.09,109.11,109.09,109.09,500
DGX,2017-07-18,11:44:00,109.12,109.12,109.11,109.11,400
DGX,2017-07-18,11:45:00,109.10,109.10,109.09,109.09,200
DGX,2017-07-18,11:46:00,109.11,109.13,109.11,109.12,1930
DGX,2017-07-18,11:47:00,109.13,109.21,109.13,109.21,1617
DGX,2017-07-18,11:48:00,109.23,109.24,109.23,109.24,200
DGX,2017-07-18,11:49:00,109.22,109.22,109.22,109.22,100
DGX,2017-07-18,11:50:00,109.22,109.26,109.21,109.26,3298
DGX,2017-07-18,11:51:00,109.28,109.31,109.28,109.29,1811
DGX,2017-07-18,11:52:00,109.30,109.30,109.29,109.30,600
DGX,2017-07-18,11:53:00,109.29,109.33,109.29,109.33,700
DGX,2017-07-18,11:54:00,109.33,109.33,109.33,109.33,100
DGX,2017-07-18,11:55:00,109.35,109.35,109.35,109.35,200
DGX,2017-07-18,11:56:00,109.34,109.34,109.29,109.33,1630
DGX,2017-07-18,11:57:00,109.33,109.38,109.33,109.38,1200
DGX,2017-07-18,11:58:00,109.38,109.38,109.36,109.36,675
DGX,2017-07-18,11:59:00,109.38,109.38,109.36,109.36,500
DGX,2017-07-18,12:00:00,109.38,109.38,109.38,109.38,300
DGX,2017-07-18,12:01:00,109.39,109.39,109.38,109.38,200
DGX,2017-07-18,12:02:00,109.39,109.39,109.39,109.39,200
DGX,2017-07-18,12:03:00,109.38,109.38,109.38,109.38,300
DGX,2017-07-18,12:04:00,109.38,109.38,109.38,109.38,100
DGX,2017-07-18,12:05:00,109.38,109.43,109.38,109.43,1000
DGX,2017-07-18,12:06:00,109.44,109.44,109.43,109.44,400
DGX,2017-07-18,12:07:00,109.45,109.45,109.44,109.44,200
DGX,2017-07-18,12:08:00,109.44,109.44,109.44,109.44,100
DGX,2017-07-18,12:10:00,109.44,109.51,109.44,109.49,2200
DGX,2017-07-18,12:11:00,109.49,109.49,109.48,109.48,500
DGX,2017-07-18,12:12:00,109.47,109.48,109.47,109.48,300
DGX,2017-07-18,12:13:00,109.47,109.49,109.47,109.48,2250
DGX,2017-07-18,12:14:00,109.46,109.47,109.45,109.45,2277
DGX,2017-07-18,12:15:00,109.45,109.45,109.40,109.41,1300
DGX,2017-07-18,12:16:00,109.42,109.42,109.42,109.42,400
DGX,2017-07-18,12:17:00,109.45,109.50,109.45,109.50,500
DGX,2017-07-18,12:18:00,109.50,109.50,109.50,109.50,100
DGX,2017-07-18,12:19:00,109.50,109.51,109.50,109.51,200
DGX,2017-07-18,12:21:00,109.53,109.53,109.53,109.53,100
DGX,2017-07-18,12:22:00,109.52,109.52,109.52,109.52,100
DGX,2017-07-18,12:23:00,109.53,109.53,109.53,109.53,100
DGX,2017-07-18,12:24:00,109.53,109.55,109.52,109.55,800
DGX,2017-07-18,12:25:00,109.57,109.57,109.55,109.55,1200
DGX,2017-07-18,12:26:00,109.54,109.55,109.53,109.53,900
DGX,2017-07-18,12:27:00,109.53,109.53,109.52,109.53,300
DGX,2017-07-18,12:28:00,109.54,109.54,109.54,109.54,100
DGX,2017-07-18,12:29:00,109.53,109.53,109.53,109.53,100
DGX,2017-07-18,12:30:00,109.51,109.55,109.51,109.55,900
DGX,2017-07-18,12:31:00,109.53,109.57,109.53,109.56,1900
DGX,2017-07-18,12:32:00,109.54,109.54,109.54,109.54,100
DGX,2017-07-18,12:33:00,109.53,109.54,109.53,109.54,600
DGX,2017-07-18,12:34:00,109.53,109.53,109.52,109.52,500
DGX,2017-07-18,12:35:00,109.51,109.52,109.49,109.50,600
DGX,2017-07-18,12:36:00,109.48,109.48,109.45,109.46,700
DGX,2017-07-18,12:37:00,109.46,109.46,109.46,109.46,100
DGX,2017-07-18,12:38:00,109.47,109.51,109.47,109.51,1494
DGX,2017-07-18,12:41:00,109.52,109.52,109.52,109.52,100
DGX,2017-07-18,12:42:00,109.51,109.51,109.51,109.51,100
DGX,2017-07-18,12:43:00,109.52,109.52,109.52,109.52,650
DGX,2017-07-18,12:44:00,109.52,109.53,109.51,109.51,1700
DGX,2017-07-18,12:45:00,109.50,109.51,109.48,109.48,2382
DGX,2017-07-18,12:46:00,109.47,109.47,109.47,109.47,200
DGX,2017-07-18,12:48:00,109.44,109.44,109.44,109.44,600
DGX,2017-07-18,12:50:00,109.44,109.44,109.44,109.44,300
DGX,2017-07-18,12:51:00,109.43,109.44,109.42,109.44,2250
DGX,2017-07-18,12:52:00,109.45,109.48,109.45,109.46,3764
DGX,2017-07-18,12:53:00,109.47,109.47,109.44,109.44,635
DGX,2017-07-18,12:54:00,109.44,109.44,109.42,109.44,13262
DGX,2017-07-18,12:55:00,109.44,109.45,109.42,109.44,7800
DGX,2017-07-18,12:56:00,109.41,109.41,109.36,109.39,1200
DGX,2017-07-18,12:57:00,109.40,109.49,109.33,109.36,5651
DGX,2017-07-18,12:58:00,109.36,109.43,109.35,109.40,9700
DGX,2017-07-18,12:59:00,109.37,109.40,109.36,109.36,1100
DGX,2017-07-18,13:00:00,109.37,109.38,109.33,109.33,1300
DGX,2017-07-18,13:01:00,109.33,109.38,109.33,109.34,2800
DGX,2017-07-18,13:02:00,109.34,109.34,109.31,109.33,600
DGX,2017-07-18,13:03:00,109.31,109.32,109.28,109.32,2726
DGX,2017-07-18,13:04:00,109.33,109.38,109.30,109.31,3600
DGX,2017-07-18,13:05:00,109.30,109.34,109.19,109.19,7578
DGX,2017-07-18,13:06:00,109.23,109.24,109.23,109.24,300
DGX,2017-07-18,13:07:00,109.22,109.22,109.21,109.21,200
DGX,2017-07-18,13:08:00,109.25,109.25,109.23,109.24,600
DGX,2017-07-18,13:09:00,109.25,109.25,109.25,109.25,927
DGX,2017-07-18,13:10:00,109.24,109.25,109.17,109.19,1900
DGX,2017-07-18,13:11:00,109.20,109.20,109.13,109.15,1000
DGX,2017-07-18,13:12:00,109.16,109.21,109.14,109.17,1300
DGX,2017-07-18,13:13:00,109.17,109.17,109.12,109.13,3062
DGX,2017-07-18,13:14:00,109.12,109.14,109.08,109.09,2652
DGX,2017-07-18,13:15:00,109.11,109.11,108.98,108.98,5000
DGX,2017-07-18,13:16:00,108.99,109.27,108.97,109.20,4635
DGX,2017-07-18,13:17:00,109.15,109.16,109.07,109.16,6837
DGX,2017-07-18,13:18:00,109.17,109.29,109.15,109.29,3100
DGX,2017-07-18,13:19:00,109.30,109.33,109.15,109.19,4961
DGX,2017-07-18,13:20:00,109.17,109.25,109.17,109.25,1600
DGX,2017-07-18,13:21:00,109.24,109.44,109.23,109.44,9849
DGX,2017-07-18,13:22:00,109.46,109.46,109.46,109.46,100
DGX,2017-07-18,13:23:00,109.46,109.46,109.44,109.44,1000
DGX,2017-07-18,13:24:00,109.44,109.44,109.36,109.37,700
DGX,2017-07-18,13:25:00,109.38,109.39,109.35,109.35,700
DGX,2017-07-18,13:26:00,109.34,109.40,109.34,109.40,1700
DGX,2017-07-18,13:27:00,109.38,109.41,109.36,109.36,5876
DGX,2017-07-18,13:28:00,109.36,109.36,109.34,109.34,672
DGX,2017-07-18,13:29:00,109.37,109.38,109.29,109.29,1100
DGX,2017-07-18,13:30:00,109.26,109.26,109.23,109.23,300
DGX,2017-07-18,13:31:00,109.21,109.24,109.21,109.24,500
DGX,2017-07-18,13:32:00,109.25,109.26,109.24,109.26,400
DGX,2017-07-18,13:33:00,109.25,109.25,109.22,109.25,1100
DGX,2017-07-18,13:35:00,109.28,109.28,109.28,109.28,200
DGX,2017-07-18,13:36:00,109.29,109.29,109.29,109.29,300
DGX,2017-07-18,13:37:00,109.29,109.32,109.29,109.32,400
DGX,2017-07-18,13:38:00,109.32,109.32,109.30,109.30,500
DGX,2017-07-18,13:42:00,109.29,109.32,109.28,109.32,900
DGX,2017-07-18,13:43:00,109.32,109.32,109.31,109.31,300
DGX,2017-07-18,13:44:00,109.31,109.31,109.25,109.26,1100
DGX,2017-07-18,13:45:00,109.28,109.30,109.28,109.30,700
DGX,2017-07-18,13:47:00,109.27,109.28,109.27,109.28,255
DGX,2017-07-18,13:48:00,109.25,109.25,109.25,109.25,400
DGX,2017-07-18,13:49:00,109.25,109.25,109.24,109.24,300
DGX,2017-07-18,13:50:00,109.22,109.22,109.22,109.22,100
DGX,2017-07-18,13:51:00,109.24,109.26,109.24,109.25,500
DGX,2017-07-18,13:52:00,109.24,109.24,109.24,109.24,206
DGX,2017-07-18,13:53:00,109.22,109.23,109.20,109.23,1300
DGX,2017-07-18,13:55:00,109.20,109.20,109.20,109.20,550
DGX,2017-07-18,13:56:00,109.18,109.23,109.18,109.23,900
DGX,2017-07-18,13:57:00,109.23,109.23,109.23,109.23,200
DGX,2017-07-18,13:58:00,109.23,109.25,109.23,109.25,200
DGX,2017-07-18,13:59:00,109.22,109.23,109.22,109.22,800
DGX,2017-07-18,14:02:00,109.25,109.26,109.25,109.26,896
DGX,2017-07-18,14:03:00,109.28,109.28,109.24,109.24,900
DGX,2017-07-18,14:04:00,109.22,109.22,109.19,109.19,663
DGX,2017-07-18,14:07:00,109.22,109.22,109.22,109.22,400
DGX,2017-07-18,14:08:00,109.22,109.22,109.22,109.22,100
DGX,2017-07-18,14:09:00,109.22,109.25,109.22,109.25,1241
DGX,2017-07-18,14:10:00,109.25,109.25,109.23,109.24,699
DGX,2017-07-18,14:11:00,109.25,109.25,109.23,109.23,1200
DGX,2017-07-18,14:12:00,109.23,109.23,109.20,109.20,700
DGX,2017-07-18,14:14:00,109.22,109.22,109.22,109.22,600
DGX,2017-07-18,14:15:00,109.22,109.22,109.19,109.21,1000
DGX,2017-07-18,14:17:00,109.22,109.22,109.22,109.22,100
DGX,2017-07-18,14:18:00,109.19,109.19,109.16,109.16,400
DGX,2017-07-18,14:19:00,109.17,109.18,109.17,109.18,200
DGX,2017-07-18,14:20:00,109.16,109.16,109.09,109.12,1300
DGX,2017-07-18,14:21:00,109.12,109.16,109.12,109.16,838
DGX,2017-07-18,14:22:00,109.17,109.17,109.17,109.17,200
DGX,2017-07-18,14:23:00,109.19,109.20,109.19,109.20,200
DGX,2017-07-18,14:25:00,109.17,109.17,109.16,109.17,565
DGX,2017-07-18,14:26:00,109.19,109.19,109.17,109.17,400
DGX,2017-07-18,14:27:00,109.18,109.19,109.17,109.19,3200
DGX,2017-07-18,14:29:00,109.19,109.19,109.19,109.19,100
DGX,2017-07-18,14:30:00,109.19,109.19,109.19,109.19,100
DGX,2017-07-18,14:33:00,109.20,109.20,109.20,109.20,100
DGX,2017-07-18,14:34:00,109.19,109.19,109.19,109.19,800
DGX,2017-07-18,14:35:00,109.20,109.26,109.20,109.26,1700
DGX,2017-07-18,14:36:00,109.24,109.24,109.24,109.24,314
DGX,2017-07-18,14:37:00,109.23,109.23,109.23,109.23,200
DGX,2017-07-18,14:38:00,109.26,109.28,109.26,109.28,500
DGX,2017-07-18,14:39:00,109.27,109.27,109.27,109.27,200
DGX,2017-07-18,14:40:00,109.27,109.27,109.27,109.27,200
DGX,2017-07-18,14:41:00,109.28,109.29,109.28,109.28,700
DGX,2017-07-18,14:43:00,109.27,109.29,109.26,109.26,900
DGX,2017-07-18,14:44:00,109.26,109.28,109.25,109.27,800
DGX,2017-07-18,14:45:00,109.28,109.28,109.28,109.28,100
DGX,2017-07-18,14:46:00,109.26,109.28,109.26,109.28,200
DGX,2017-07-18,14:47:00,109.25,109.25,109.25,109.25,300
DGX,2017-07-18,14:48:00,109.26,109.26,109.26,109.26,100
DGX,2017-07-18,14:49:00,109.27,109.27,109.27,109.27,100
DGX,2017-07-18,14:50:00,109.28,109.29,109.27,109.28,1000
DGX,2017-07-18,14:51:00,109.28,109.28,109.27,109.27,1100
DGX,2017-07-18,14:53:00,109.26,109.28,109.26,109.28,700
DGX,2017-07-18,14:54:00,109.28,109.28,109.28,109.28,800
DGX,2017-07-18,14:55:00,109.29,109.29,109.28,109.28,1300
DGX,2017-07-18,14:56:00,109.27,109.27,109.27,109.27,911
DGX,2017-07-18,14:57:00,109.27,109.31,109.27,109.30,2340
DGX,2017-07-18,14:58:00,109.30,109.30,109.30,109.30,100
DGX,2017-07-18,14:59:00,109.31,109.31,109.30,109.30,685
DGX,2017-07-18,15:00:00,109.30,109.31,109.30,109.31,500
DGX,2017-07-18,15:01:00,109.30,109.30,109.30,109.30,777
DGX,2017-07-18,15:02:00,109.29,109.31,109.29,109.31,1715
DGX,2017-07-18,15:03:00,109.31,109.31,109.31,109.31,100
DGX,2017-07-18,15:04:00,109.30,109.31,109.29,109.29,800
DGX,2017-07-18,15:05:00,109.30,109.34,109.28,109.33,4683
DGX,2017-07-18,15:06:00,109.34,109.34,109.33,109.33,900
DGX,2017-07-18,15:07:00,109.34,109.34,109.34,109.34,300
DGX,2017-07-18,15:08:00,109.35,109.37,109.35,109.36,505
DGX,2017-07-18,15:09:00,109.36,109.38,109.36,109.37,1838
DGX,2017-07-18,15:10:00,109.38,109.39,109.38,109.39,3120
DGX,2017-07-18,15:11:00,109.39,109.43,109.39,109.41,3194
DGX,2017-07-18,15:12:00,109.41,109.42,109.41,109.41,1200
DGX,2017-07-18,15:13:00,109.40,109.45,109.40,109.42,4600
DGX,2017-07-18,15:14:00,109.42,109.42,109.42,109.42,1100
DGX,2017-07-18,15:15:00,109.42,109.48,109.42,109.45,3454
DGX,2017-07-18,15:16:00,109.45,109.45,109.44,109.44,500
DGX,2017-07-18,15:17:00,109.44,109.44,109.44,109.44,1000
DGX,2017-07-18,15:18:00,109.44,109.46,109.44,109.46,2200
DGX,2017-07-18,15:19:00,109.47,109.49,109.46,109.46,2050
DGX,2017-07-18,15:20:00,109.46,109.46,109.44,109.44,1200
DGX,2017-07-18,15:21:00,109.44,109.45,109.44,109.45,2100
DGX,2017-07-18,15:22:00,109.45,109.46,109.45,109.45,400
DGX,2017-07-18,15:23:00,109.45,109.45,109.45,109.45,200
DGX,2017-07-18,15:24:00,109.44,109.46,109.44,109.46,2000
DGX,2017-07-18,15:25:00,109.47,109.47,109.45,109.47,1100
DGX,2017-07-18,15:26:00,109.46,109.46,109.45,109.45,4851
DGX,2017-07-18,15:27:00,109.45,109.45,109.45,109.45,500
DGX,2017-07-18,15:28:00,109.46,109.46,109.44,109.45,1344
DGX,2017-07-18,15:29:00,109.44,109.46,109.43,109.45,7370
DGX,2017-07-18,15:30:00,109.45,109.46,109.44,109.44,4600
DGX,2017-07-18,15:31:00,109.45,109.47,109.45,109.46,3303
DGX,2017-07-18,15:32:00,109.46,109.47,109.45,109.47,2300
DGX,2017-07-18,15:33:00,109.47,109.49,109.47,109.49,1205
DGX,2017-07-18,15:34:00,109.50,109.52,109.49,109.52,1103
DGX,2017-07-18,15:35:00,109.53,109.55,109.51,109.54,4797
DGX,2017-07-18,15:36:00,109.54,109.58,109.54,109.55,3974
DGX,2017-07-18,15:37:00,109.55,109.56,109.53,109.55,2250
DGX,2017-07-18,15:38:00,109.56,109.57,109.56,109.56,1343
DGX,2017-07-18,15:39:00,109.56,109.60,109.56,109.60,2144
DGX,2017-07-18,15:40:00,109.59,109.60,109.59,109.59,1928
DGX,2017-07-18,15:41:00,109.60,109.62,109.60,109.62,4236
DGX,2017-07-18,15:42:00,109.61,109.64,109.61,109.61,4284
DGX,2017-07-18,15:43:00,109.61,109.62,109.61,109.62,1400
DGX,2017-07-18,15:44:00,109.62,109.63,109.61,109.62,2100
DGX,2017-07-18,15:45:00,109.62,109.67,109.62,109.62,13265
DGX,2017-07-18,15:46:00,109.63,109.66,109.62,109.64,3540
DGX,2017-07-18,15:47:00,109.64,109.67,109.64,109.66,4170
DGX,2017-07-18,15:48:00,109.66,109.67,109.64,109.65,4738
DGX,2017-07-18,15:49:00,109.64,109.65,109.63,109.64,4398
DGX,2017-07-18,15:50:00,109.64,109.67,109.63,109.67,10532
DGX,2017-07-18,15:51:00,109.67,109.67,109.63,109.63,4553
DGX,2017-07-18,15:52:00,109.64,109.66,109.63,109.66,3807
DGX,2017-07-18,15:53:00,109.65,109.67,109.65,109.66,2300
DGX,2017-07-18,15:54:00,109.67,109.67,109.64,109.64,2500
DGX,2017-07-18,15:55:00,109.64,109.66,109.64,109.65,5098
DGX,2017-07-18,15:56:00,109.65,109.66,109.64,109.64,5237
DGX,2017-07-18,15:57:00,109.64,109.67,109.64,109.66,6359
DGX,2017-07-18,15:58:00,109.66,109.67,109.65,109.66,2865
DGX,2017-07-18,15:59:00,109.65,109.66,109.60,109.62,9494
DGX,2017-07-18,16:00:00,109.62,109.65,109.61,109.61,15543
DGX,2017-07-19,09:30:00,109.75,109.75,109.75,109.75,5005
DGX,2017-07-19,09:31:00,109.90,109.90,109.90,109.90,100
DGX,2017-07-19,09:32:00,109.96,109.98,109.95,109.95,700
DGX,2017-07-19,09:33:00,109.76,109.76,109.70,109.75,900
DGX,2017-07-19,09:34:00,109.81,109.85,109.81,109.85,400
DGX,2017-07-19,09:35:00,109.82,109.82,109.81,109.81,200
DGX,2017-07-19,09:36:00,109.85,109.91,109.79,109.91,810
DGX,2017-07-19,09:37:00,109.99,110.00,109.99,110.00,851
DGX,2017-07-19,09:40:00,110.04,110.04,109.99,109.99,600
DGX,2017-07-19,09:41:00,110.01,110.01,109.92,109.96,300
DGX,2017-07-19,09:42:00,109.92,109.96,109.90,109.92,700
DGX,2017-07-19,09:43:00,109.98,110.11,109.98,110.11,1660
DGX,2017-07-19,09:45:00,110.06,110.14,110.00,110.00,1264
DGX,2017-07-19,09:46:00,109.96,109.96,109.88,109.88,300
DGX,2017-07-19,09:47:00,109.88,110.05,109.88,110.01,1300
DGX,2017-07-19,09:48:00,110.02,110.14,109.98,109.98,620
DGX,2017-07-19,09:49:00,109.94,109.94,109.88,109.88,370
DGX,2017-07-19,09:50:00,109.88,110.01,109.88,109.92,1300
DGX,2017-07-19,09:51:00,109.88,110.00,109.88,109.96,2590
DGX,2017-07-19,09:52:00,109.93,109.97,109.92,109.92,1000
DGX,2017-07-19,09:53:00,109.94,109.94,109.94,109.94,250
DGX,2017-07-19,09:54:00,109.94,109.94,109.88,109.88,2650
DGX,2017-07-19,09:55:00,109.95,109.95,109.92,109.92,1100
DGX,2017-07-19,09:56:00,109.93,109.96,109.81,109.82,2800
DGX,2017-07-19,09:57:00,109.79,109.86,109.51,109.51,7822
DGX,2017-07-19,09:58:00,109.55,109.56,109.34,109.40,3900
DGX,2017-07-19,10:00:00,109.47,109.52,109.47,109.52,600
DGX,2017-07-19,10:01:00,109.54,109.73,109.54,109.69,2400
DGX,2017-07-19,10:02:00,109.64,109.69,109.64,109.69,200
DGX,2017-07-19,10:03:00,109.67,109.85,109.67,109.81,1200
DGX,2017-07-19,10:04:00,109.81,109.81,109.81,109.81,100
DGX,2017-07-19,10:05:00,109.85,109.85,109.78,109.78,1400
DGX,2017-07-19,10:06:00,109.72,109.84,109.72,109.84,902
DGX,2017-07-19,10:08:00,109.82,109.84,109.81,109.81,990
DGX,2017-07-19,10:09:00,109.79,109.83,109.79,109.83,500
DGX,2017-07-19,10:10:00,109.82,109.82,109.78,109.78,464
DGX,2017-07-19,10:11:00,109.82,109.98,109.82,109.92,1801
DGX,2017-07-19,10:12:00,109.86,109.86,109.81,109.82,600
DGX,2017-07-19,10:13:00,109.82,109.87,109.82,109.87,1501
DGX,2017-07-19,10:14:00,109.87,109.87,109.81,109.84,1900
DGX,2017-07-19,10:15:00,109.83,109.88,109.79,109.79,2016
DGX,2017-07-19,10:16:00,109.80,109.80,109.73,109.73,556
DGX,2017-07-19,10:18:00,109.66,109.66,109.62,109.63,1170
DGX,2017-07-19,10:19:00,109.64,109.67,109.54,109.64,3901
DGX,2017-07-19,10:20:00,109.61,109.64,109.54,109.61,2740
DGX,2017-07-19,10:21:00,109.57,109.58,109.56,109.56,406
DGX,2017-07-19,10:22:00,109.58,109.59,109.58,109.59,500
DGX,2017-07-19,10:23:00,109.61,109.61,109.50,109.50,1655
DGX,2017-07-19,10:24:00,109.51,109.57,109.51,109.57,1700
DGX,2017-07-19,10:25:00,109.56,109.58,109.51,109.51,1000
DGX,2017-07-19,10:26:00,109.48,109.57,109.48,109.57,1900
DGX,2017-07-19,10:27:00,109.57,109.63,109.57,109.62,900
DGX,2017-07-19,10:28:00,109.66,109.66,109.61,109.61,1102
DGX,2017-07-19,10:29:00,109.53,109.57,109.53,109.57,1501
DGX,2017-07-19,10:30:00,109.57,109.60,109.53,109.60,2200
DGX,2017-07-19,10:31:00,109.62,109.62,109.58,109.59,800
DGX,2017-07-19,10:32:00,109.58,109.60,109.58,109.59,1003
DGX,2017-07-19,10:33:00,109.56,109.59,109.56,109.59,704
DGX,2017-07-19,10:34:00,109.59,109.67,109.59,109.67,1201
DGX,2017-07-19,10:35:00,109.69,109.73,109.69,109.73,600
DGX,2017-07-19,10:36:00,109.72,109.76,109.69,109.72,1380
DGX,2017-07-19,10:37:00,109.67,109.67,109.61,109.66,900
DGX,2017-07-19,10:38:00,109.64,109.74,109.64,109.74,2164
DGX,2017-07-19,10:39:00,109.71,109.74,109.71,109.74,701
DGX,2017-07-19,10:40:00,109.71,109.74,109.66,109.74,2200
DGX,2017-07-19,10:41:00,109.77,109.86,109.77,109.85,925
DGX,2017-07-19,10:42:00,109.82,109.85,109.82,109.84,874
DGX,2017-07-19,10:43:00,109.83,109.86,109.83,109.86,400
DGX,2017-07-19,10:44:00,109.85,109.85,109.83,109.83,600
DGX,2017-07-19,10:45:00,109.83,109.86,109.81,109.85,4300
DGX,2017-07-19,10:46:00,109.85,109.85,109.83,109.83,600
DGX,2017-07-19,10:47:00,109.82,109.82,109.82,109.82,500
DGX,2017-07-19,10:48:00,109.78,109.80,109.77,109.78,951
DGX,2017-07-19,10:49:00,109.76,109.76,109.76,109.76,400
DGX,2017-07-19,10:50:00,109.72,109.72,109.72,109.72,600
DGX,2017-07-19,10:51:00,109.70,109.70,109.70,109.70,164
DGX,2017-07-19,10:52:00,109.72,109.78,109.69,109.78,1101
DGX,2017-07-19,10:53:00,109.75,109.76,109.75,109.76,600
DGX,2017-07-19,10:54:00,109.80,109.80,109.80,109.80,400
DGX,2017-07-19,10:55:00,109.78,109.87,109.75,109.87,2900
DGX,2017-07-19,10:56:00,109.86,109.91,109.86,109.91,410
DGX,2017-07-19,10:57:00,109.86,109.89,109.86,109.89,802
DGX,2017-07-19,10:58:00,109.87,109.90,109.87,109.90,500
DGX,2017-07-19,10:59:00,109.87,109.87,109.87,109.87,100
DGX,2017-07-19,11:00:00,109.87,109.89,109.87,109.89,600
DGX,2017-07-19,11:01:00,109.82,109.82,109.82,109.82,100
DGX,2017-07-19,11:02:00,109.84,109.86,109.84,109.84,612
DGX,2017-07-19,11:03:00,109.84,109.88,109.84,109.88,850
DGX,2017-07-19,11:04:00,109.88,109.90,109.86,109.88,600
DGX,2017-07-19,11:05:00,109.86,109.86,109.86,109.86,100
DGX,2017-07-19,11:06:00,109.89,109.89,109.88,109.88,400
DGX,2017-07-19,11:07:00,109.87,109.92,109.86,109.92,2590
DGX,2017-07-19,11:08:00,109.92,109.92,109.88,109.91,1200
DGX,2017-07-19,11:09:00,109.90,109.90,109.90,109.90,100
DGX,2017-07-19,11:10:00,109.90,109.90,109.90,109.90,600
DGX,2017-07-19,11:11:00,109.88,109.92,109.88,109.92,3360
DGX,2017-07-19,11:12:00,109.92,109.92,109.92,109.92,100
DGX,2017-07-19,11:13:00,109.92,109.94,109.92,109.92,1500
DGX,2017-07-19,11:15:00,109.94,109.94,109.87,109.87,1379
DGX,2017-07-19,11:16:00,109.86,109.89,109.86,109.86,1200
DGX,2017-07-19,11:17:00,109.86,109.86,109.84,109.84,383
DGX,2017-07-19,11:18:00,109.83,109.87,109.83,109.86,2303
DGX,2017-07-19,11:20:00,109.84,109.89,109.84,109.88,2140
DGX,2017-07-19,11:21:00,109.89,109.91,109.89,109.91,500
DGX,2017-07-19,11:22:00,109.91,109.93,109.91,109.93,600
DGX,2017-07-19,11:23:00,109.94,109.94,109.92,109.94,900
DGX,2017-07-19,11:24:00,109.94,109.94,109.94,109.94,100
DGX,2017-07-19,11:25:00,109.95,109.97,109.94,109.94,300
DGX,2017-07-19,11:26:00,109.94,109.97,109.94,109.97,802
DGX,2017-07-19,11:27:00,109.94,109.98,109.94,109.98,1102
DGX,2017-07-19,11:28:00,109.98,109.99,109.94,109.98,1500
DGX,2017-07-19,11:29:00,109.94,109.94,109.94,109.94,200
DGX,2017-07-19,11:30:00,109.94,110.00,109.93,109.97,2908
DGX,2017-07-19,11:31:00,109.97,109.97,109.97,109.97,200
DGX,2017-07-19,11:32:00,109.97,109.97,109.97,109.97,703
DGX,2017-07-19,11:33:00,109.96,109.98,109.95,109.96,800
DGX,2017-07-19,11:34:00,109.94,110.02,109.94,109.99,3494
DGX,2017-07-19,11:35:00,109.99,110.02,109.95,110.00,2100
DGX,2017-07-19,11:37:00,109.99,110.01,109.99,110.01,200
DGX,2017-07-19,11:38:00,109.97,109.97,109.97,109.97,900
DGX,2017-07-19,11:39:00,109.97,110.03,109.97,110.03,976
DGX,2017-07-19,11:40:00,110.00,110.00,109.97,109.97,400
DGX,2017-07-19,11:41:00,109.97,110.00,109.97,109.99,1855
DGX,2017-07-19,11:42:00,110.01,110.01,109.99,109.99,800
DGX,2017-07-19,11:43:00,110.00,110.04,110.00,110.04,300
DGX,2017-07-19,11:44:00,110.01,110.02,110.01,110.02,200
DGX,2017-07-19,11:45:00,110.00,110.00,109.98,109.98,850
DGX,2017-07-19,11:46:00,110.00,110.02,110.00,110.02,800
DGX,2017-07-19,11:47:00,110.00,110.00,110.00,110.00,200
DGX,2017-07-19,11:48:00,110.01,110.02,109.97,110.02,1502
DGX,2017-07-19,11:49:00,110.00,110.00,110.00,110.00,100
DGX,2017-07-19,11:50:00,110.03,110.03,110.03,110.03,200
DGX,2017-07-19,11:51:00,110.01,110.01,110.01,110.01,600
DGX,2017-07-19,11:52:00,110.01,110.05,110.01,110.05,802
DGX,2017-07-19,11:53:00,110.03,110.06,110.01,110.06,1470
DGX,2017-07-19,11:54:00,110.04,110.07,110.04,110.07,1200
DGX,2017-07-19,11:55:00,110.08,110.09,110.08,110.09,451
DGX,2017-07-19,11:56:00,110.11,110.13,110.11,110.13,1400
DGX,2017-07-19,11:58:00,110.14,110.14,110.14,110.14,601
DGX,2017-07-19,11:59:00,110.11,110.17,110.11,110.17,1677
DGX,2017-07-19,12:00:00,110.14,110.15,110.11,110.15,1681
DGX,2017-07-19,12:01:00,110.16,110.16,110.16,110.16,300
DGX,2017-07-19,12:02:00,110.15,110.15,110.15,110.15,300
DGX,2017-07-19,12:03:00,110.14,110.14,110.12,110.12,1100
DGX,2017-07-19,12:04:00,110.09,110.09,110.05,110.05,400
DGX,2017-07-19,12:05:00,110.03,110.06,110.03,110.06,1347
DGX,2017-07-19,12:06:00,110.03,110.05,110.03,110.05,1401
DGX,2017-07-19,12:07:00,110.06,110.06,110.06,110.06,500
DGX,2017-07-19,12:08:00,110.04,110.04,110.02,110.03,600
DGX,2017-07-19,12:10:00,110.03,110.07,110.03,110.06,900
DGX,2017-07-19,12:11:00,110.07,110.08,110.06,110.07,894
DGX,2017-07-19,12:12:00,110.06,110.10,110.06,110.10,1000
DGX,2017-07-19,12:13:00,110.07,110.09,110.07,110.09,700
DGX,2017-07-19,12:14:00,110.11,110.12,110.07,110.08,2674
DGX,2017-07-19,12:15:00,110.09,110.09,110.01,110.07,6071
DGX,2017-07-19,12:16:00,110.10,110.11,110.06,110.07,1590
DGX,2017-07-19,12:18:00,110.05,110.08,110.05,110.06,1450
DGX,2017-07-19,12:19:00,110.04,110.06,110.04,110.06,400
DGX,2017-07-19,12:20:00,110.11,110.11,110.09,110.11,400
DGX,2017-07-19,12:21:00,110.11,110.11,110.11,110.11,100
DGX,2017-07-19,12:22:00,110.08,110.10,110.08,110.10,960
DGX,2017-07-19,12:23:00,110.10,110.13,110.10,110.13,1100
DGX,2017-07-19,12:24:00,110.11,110.13,110.08,110.13,896
DGX,2017-07-19,12:25:00,110.15,110.15,110.15,110.15,100
DGX,2017-07-19,12:26:00,110.12,110.12,110.12,110.12,201
DGX,2017-07-19,12:27:00,110.06,110.12,110.06,110.12,900
DGX,2017-07-19,12:28:00,110.11,110.15,110.10,110.15,1298
DGX,2017-07-19,12:29:00,110.14,110.14,110.11,110.11,500
DGX,2017-07-19,12:30:00,110.09,110.09,110.09,110.09,100
DGX,2017-07-19,12:31:00,110.07,110.07,110.07,110.07,200
DGX,2017-07-19,12:32:00,110.07,110.07,110.07,110.07,300
DGX,2017-07-19,12:33:00,110.04,110.14,110.04,110.14,1300
DGX,2017-07-19,12:34:00,110.12,110.12,110.10,110.10,529
DGX,2017-07-19,12:35:00,110.12,110.12,110.12,110.12,100
DGX,2017-07-19,12:36:00,110.14,110.14,110.14,110.14,300
DGX,2017-07-19,12:37:00,110.15,110.16,110.14,110.14,500
DGX,2017-07-19,12:38:00,110.14,110.15,110.13,110.13,700
DGX,2017-07-19,12:39:00,110.15,110.17,110.14,110.17,700
DGX,2017-07-19,12:41:00,110.17,110.17,110.15,110.16,400
DGX,2017-07-19,12:42:00,110.14,110.15,110.13,110.14,2400
DGX,2017-07-19,12:43:00,110.14,110.14,110.13,110.14,407
DGX,2017-07-19,12:44:00,110.13,110.13,110.10,110.10,500
DGX,2017-07-19,12:45:00,110.09,110.15,110.09,110.15,1200
DGX,2017-07-19,12:46:00,110.16,110.16,110.16,110.16,100
DGX,2017-07-19,12:47:00,110.13,110.13,110.11,110.11,200
DGX,2017-07-19,12:48:00,110.11,110.11,110.11,110.11,200
DGX,2017-07-19,12:49:00,110.08,110.11,110.08,110.11,600
DGX,2017-07-19,12:50:00,110.11,110.16,110.11,110.16,200
DGX,2017-07-19,12:51:00,110.15,110.15,110.14,110.14,301
DGX,2017-07-19,12:52:00,110.11,110.11,110.11,110.11,100
DGX,2017-07-19,12:53:00,110.11,110.14,110.11,110.12,976
DGX,2017-07-19,12:54:00,110.12,110.15,110.10,110.15,1952
DGX,2017-07-19,12:55:00,110.13,110.14,110.13,110.14,200
DGX,2017-07-19,12:56:00,110.14,110.16,110.14,110.16,400
DGX,2017-07-19,12:57:00,110.13,110.13,110.13,110.13,304
DGX,2017-07-19,12:58:00,110.14,110.17,110.14,110.16,801
DGX,2017-07-19,12:59:00,110.15,110.16,110.14,110.15,1250
DGX,2017-07-19,13:01:00,110.13,110.13,110.13,110.13,100
DGX,2017-07-19,13:02:00,110.13,110.14,110.13,110.14,1001
DGX,2017-07-19,13:03:00,110.17,110.17,110.14,110.14,300
DGX,2017-07-19,13:04:00,110.14,110.14,110.14,110.14,100
DGX,2017-07-19,13:05:00,110.17,110.17,110.14,110.16,493
DGX,2017-07-19,13:06:00,110.14,110.14,110.14,110.14,100
DGX,2017-07-19,13:07:00,110.13,110.14,110.13,110.14,1300
DGX,2017-07-19,13:08:00,110.14,110.14,110.14,110.14,200
DGX,2017-07-19,13:10:00,110.14,110.14,110.12,110.12,700
DGX,2017-07-19,13:11:00,110.13,110.15,110.13,110.15,500
DGX,2017-07-19,13:12:00,110.16,110.24,110.16,110.24,1730
DGX,2017-07-19,13:13:00,110.21,110.21,110.19,110.20,1000
DGX,2017-07-19,13:14:00,110.19,110.23,110.19,110.23,900
DGX,2017-07-19,13:15:00,110.19,110.23,110.19,110.22,600
DGX,2017-07-19,13:16:00,110.21,110.24,110.21,110.22,500
DGX,2017-07-19,13:17:00,110.21,110.23,110.21,110.23,978
DGX,2017-07-19,13:18:00,110.24,110.24,110.24,110.24,150
DGX,2017-07-19,13:19:00,110.22,110.23,110.22,110.23,1344
DGX,2017-07-19,13:20:00,110.22,110.25,110.22,110.25,1300
DGX,2017-07-19,13:21:00,110.25,110.25,110.24,110.24,688
DGX,2017-07-19,13:22:00,110.23,110.23,110.22,110.22,200
DGX,2017-07-19,13:23:00,110.19,110.20,110.19,110.20,200
DGX,2017-07-19,13:24:00,110.17,110.21,110.17,110.20,1733
DGX,2017-07-19,13:25:00,110.16,110.18,110.13,110.16,700
DGX,2017-07-19,13:27:00,110.15,110.15,110.15,110.15,500
DGX,2017-07-19,13:28:00,110.14,110.14,110.14,110.14,100
DGX,2017-07-19,13:29:00,110.14,110.15,110.14,110.15,400
DGX,2017-07-19,13:30:00,110.13,110.16,110.11,110.16,800
DGX,2017-07-19,13:31:00,110.14,110.14,110.14,110.14,399
DGX,2017-07-19,13:32:00,110.14,110.15,110.13,110.15,600
DGX,2017-07-19,13:34:00,110.14,110.16,110.14,110.16,334
DGX,2017-07-19,13:35:00,110.15,110.19,110.15,110.19,1800
DGX,2017-07-19,13:36:00,110.18,110.18,110.18,110.18,100
DGX,2017-07-19,13:37:00,110.19,110.19,110.17,110.17,500
DGX,2017-07-19,13:38:00,110.17,110.19,110.17,110.19,1383
DGX,2017-07-19,13:39:00,110.18,110.18,110.15,110.15,1000
DGX,2017-07-19,13:40:00,110.14,110.14,110.14,110.14,100
DGX,2017-07-19,13:41:00,110.12,110.14,110.10,110.14,838
DGX,2017-07-19,13:42:00,110.12,110.12,110.12,110.12,110
DGX,2017-07-19,13:43:00,110.13,110.15,110.13,110.15,360
DGX,2017-07-19,13:44:00,110.13,110.13,110.13,110.13,100
DGX,2017-07-19,13:45:00,110.13,110.15,110.13,110.14,800
DGX,2017-07-19,13:46:00,110.14,110.15,110.14,110.15,404
DGX,2017-07-19,13:47:00,110.17,110.19,110.17,110.19,600
DGX,2017-07-19,13:48:00,110.19,110.19,110.19,110.19,100
DGX,2017-07-19,13:49:00,110.19,110.19,110.17,110.18,900
DGX,2017-07-19,13:50:00,110.19,110.21,110.19,110.21,1032
DGX,2017-07-19,13:51:00,110.20,110.22,110.20,110.22,400
DGX,2017-07-19,13:52:00,110.20,110.22,110.20,110.22,513
DGX,2017-07-19,13:53:00,110.21,110.21,110.20,110.20,830
DGX,2017-07-19,13:54:00,110.21,110.21,110.21,110.21,300
DGX,2017-07-19,13:55:00,110.21,110.24,110.20,110.24,1213
DGX,2017-07-19,13:56:00,110.24,110.27,110.24,110.25,900
DGX,2017-07-19,13:57:00,110.25,110.25,110.25,110.25,100
DGX,2017-07-19,13:58:00,110.26,110.26,110.25,110.25,500
DGX,2017-07-19,13:59:00,110.26,110.27,110.26,110.27,500
DGX,2017-07-19,14:00:00,110.26,110.27,110.24,110.24,2112
DGX,2017-07-19,14:01:00,110.24,110.28,110.24,110.28,1406
DGX,2017-07-19,14:02:00,110.28,110.28,110.26,110.26,1300
DGX,2017-07-19,14:03:00,110.26,110.26,110.26,110.26,100
DGX,2017-07-19,14:04:00,110.26,110.26,110.15,110.15,4822
DGX,2017-07-19,14:05:00,110.12,110.14,110.11,110.14,1300
DGX,2017-07-19,14:06:00,110.14,110.16,110.13,110.13,1200
DGX,2017-07-19,14:08:00,110.13,110.13,110.13,110.13,360
DGX,2017-07-19,14:09:00,110.09,110.10,110.08,110.09,2200
DGX,2017-07-19,14:10:00,110.08,110.08,110.04,110.06,1509
DGX,2017-07-19,14:11:00,110.05,110.07,110.05,110.06,1500
DGX,2017-07-19,14:12:00,110.07,110.07,110.07,110.07,100
DGX,2017-07-19,14:13:00,110.03,110.07,110.03,110.07,900
DGX,2017-07-19,14:14:00,110.09,110.10,110.08,110.09,1959
DGX,2017-07-19,14:15:00,110.07,110.07,110.06,110.06,425
DGX,2017-07-19,14:16:00,110.06,110.06,110.04,110.04,1143
DGX,2017-07-19,14:17:00,110.04,110.04,110.03,110.03,400
DGX,2017-07-19,14:18:00,110.04,110.06,110.03,110.06,500
DGX,2017-07-19,14:19:00,110.06,110.07,110.06,110.07,602
DGX,2017-07-19,14:20:00,110.05,110.08,110.05,110.06,2492
DGX,2017-07-19,14:21:00,110.06,110.06,110.04,110.04,300
DGX,2017-07-19,14:23:00,110.07,110.07,110.07,110.07,600
DGX,2017-07-19,14:24:00,110.04,110.06,110.04,110.05,1200
DGX,2017-07-19,14:25:00,110.05,110.05,110.03,110.05,1600
DGX,2017-07-19,14:26:00,110.03,110.05,110.03,110.05,1300
DGX,2017-07-19,14:27:00,110.05,110.06,110.04,110.05,1847
DGX,2017-07-19,14:28:00,110.03,110.04,109.99,110.02,1700
DGX,2017-07-19,14:29:00,110.03,110.03,109.99,110.01,1100
DGX,2017-07-19,14:30:00,110.02,110.03,110.00,110.03,600
DGX,2017-07-19,14:31:00,110.01,110.02,110.01,110.01,800
DGX,2017-07-19,14:32:00,110.00,110.01,109.98,110.00,800
DGX,2017-07-19,14:33:00,109.97,109.98,109.97,109.98,300
DGX,2017-07-19,14:34:00,109.97,109.98,109.95,109.98,528
DGX,2017-07-19,14:36:00,109.95,109.95,109.94,109.95,800
DGX,2017-07-19,14:37:00,109.96,109.96,109.94,109.94,500
DGX,2017-07-19,14:38:00,109.94,109.95,109.94,109.94,1016
DGX,2017-07-19,14:39:00,109.94,110.00,109.94,110.00,2580
DGX,2017-07-19,14:40:00,110.00,110.00,109.97,109.97,719
DGX,2017-07-19,14:41:00,109.97,109.97,109.97,109.97,300
DGX,2017-07-19,14:42:00,109.95,109.96,109.94,109.95,1300
DGX,2017-07-19,14:43:00,109.94,109.98,109.93,109.98,1453
DGX,2017-07-19,14:44:00,109.92,109.96,109.92,109.94,1100
DGX,2017-07-19,14:45:00,109.92,109.92,109.90,109.90,200
DGX,2017-07-19,14:46:00,109.89,109.92,109.89,109.92,500
DGX,2017-07-19,14:47:00,109.93,109.93,109.93,109.93,300
DGX,2017-07-19,14:48:00,109.92,109.92,109.92,109.92,100
DGX,2017-07-19,14:49:00,109.92,109.95,109.92,109.95,1900
DGX,2017-07-19,14:51:00,109.89,109.91,109.89,109.91,500
DGX,2017-07-19,14:52:00,109.90,109.92,109.90,109.92,685
DGX,2017-07-19,14:53:00,109.91,109.92,109.91,109.92,800
DGX,2017-07-19,14:54:00,109.92,109.93,109.91,109.91,1100
DGX,2017-07-19,14:56:00,109.90,109.92,109.89,109.92,1301
DGX,2017-07-19,14:57:00,109.92,109.92,109.92,109.92,100
DGX,2017-07-19,14:58:00,109.91,109.92,109.91,109.92,400
DGX,2017-07-19,14:59:00,109.92,109.93,109.91,109.91,500
DGX,2017-07-19,15:00:00,109.92,109.92,109.92,109.92,100
DGX,2017-07-19,15:01:00,109.92,109.96,109.91,109.96,3000
DGX,2017-07-19,15:02:00,109.96,109.96,109.95,109.96,1020
DGX,2017-07-19,15:03:00,109.95,109.98,109.95,109.98,1879
DGX,2017-07-19,15:04:00,109.97,109.97,109.96,109.97,500
DGX,2017-07-19,15:05:00,109.96,109.96,109.95,109.96,1400
DGX,2017-07-19,15:06:00,109.96,109.96,109.90,109.90,1000
DGX,2017-07-19,15:07:00,109.90,109.94,109.90,109.90,1000
DGX,2017-07-19,15:08:00,109.90,109.93,109.90,109.90,600
DGX,2017-07-19,15:09:00,109.90,109.91,109.90,109.91,500
DGX,2017-07-19,15:10:00,109.88,109.90,109.86,109.87,1800
DGX,2017-07-19,15:11:00,109.88,109.89,109.88,109.89,543
DGX,2017-07-19,15:12:00,109.88,109.89,109.84,109.84,1600
DGX,2017-07-19,15:13:00,109.84,109.85,109.83,109.85,800
DGX,2017-07-19,15:14:00,109.84,109.85,109.83,109.83,1800
DGX,2017-07-19,15:16:00,109.82,109.84,109.80,109.84,2349
DGX,2017-07-19,15:17:00,109.86,109.90,109.86,109.86,800
DGX,2017-07-19,15:18:00,109.85,109.85,109.82,109.83,1239
DGX,2017-07-19,15:19:00,109.84,109.84,109.83,109.84,800
DGX,2017-07-19,15:20:00,109.83,109.83,109.79,109.79,1425
DGX,2017-07-19,15:21:00,109.77,109.79,109.77,109.77,600
DGX,2017-07-19,15:22:00,109.75,109.78,109.75,109.76,700
DGX,2017-07-19,15:23:00,109.75,109.78,109.75,109.75,3054
DGX,2017-07-19,15:24:00,109.78,109.78,109.75,109.76,900
DGX,2017-07-19,15:25:00,109.75,109.78,109.75,109.77,1902
DGX,2017-07-19,15:26:00,109.77,109.78,109.76,109.78,1000
DGX,2017-07-19,15:27:00,109.76,109.78,109.76,109.77,1090
DGX,2017-07-19,15:28:00,109.78,109.83,109.76,109.83,3017
DGX,2017-07-19,15:29:00,109.81,109.81,109.81,109.81,200
DGX,2017-07-19,15:30:00,109.82,109.85,109.82,109.85,1843
DGX,2017-07-19,15:31:00,109.83,109.84,109.82,109.84,1900
DGX,2017-07-19,15:32:00,109.83,109.83,109.81,109.82,1700
DGX,2017-07-19,15:33:00,109.81,109.82,109.81,109.82,700
DGX,2017-07-19,15:34:00,109.82,109.84,109.82,109.84,3037
DGX,2017-07-19,15:35:00,109.84,109.85,109.83,109.85,1000
DGX,2017-07-19,15:36:00,109.85,109.85,109.82,109.82,2477
DGX,2017-07-19,15:37:00,109.82,109.85,109.81,109.85,2900
DGX,2017-07-19,15:38:00,109.83,109.84,109.82,109.83,2300
DGX,2017-07-19,15:39:00,109.83,109.84,109.83,109.84,1600
DGX,2017-07-19,15:40:00,109.84,109.85,109.84,109.85,700
DGX,2017-07-19,15:41:00,109.84,109.87,109.84,109.87,2635
DGX,2017-07-19,15:42:00,109.85,109.86,109.83,109.83,2514
DGX,2017-07-19,15:43:00,109.84,109.85,109.82,109.83,7800
DGX,2017-07-19,15:44:00,109.82,109.82,109.79,109.79,2567
DGX,2017-07-19,15:45:00,109.80,109.81,109.78,109.79,7819
DGX,2017-07-19,15:46:00,109.80,109.84,109.79,109.82,6572
DGX,2017-07-19,15:47:00,109.81,109.82,109.81,109.81,1000
DGX,2017-07-19,15:48:00,109.81,109.82,109.81,109.81,2842
DGX,2017-07-19,15:49:00,109.83,109.85,109.83,109.83,5503
DGX,2017-07-19,15:50:00,109.83,109.84,109.82,109.84,3275
DGX,2017-07-19,15:51:00,109.83,109.87,109.83,109.87,2820
DGX,2017-07-19,15:52:00,109.86,109.88,109.86,109.86,2285
DGX,2017-07-19,15:53:00,109.86,109.88,109.86,109.88,3925
DGX,2017-07-19,15:54:00,109.87,109.88,109.83,109.85,5100
DGX,2017-07-19,15:55:00,109.83,109.87,109.83,109.83,5450
DGX,2017-07-19,15:56:00,109.83,109.88,109.83,109.87,6803
DGX,2017-07-19,15:57:00,109.88,109.89,109.86,109.88,6600
DGX,2017-07-19,15:58:00,109.88,109.92,109.88,109.92,10992
DGX,2017-07-19,15:59:00,109.91,109.93,109.91,109.91,13281
DGX,2017-07-19,16:00:00,109.91,109.95,109.90,109.92,23695
DGX,2017-07-20,09:30:00,110.05,110.33,110.05,110.33,6794
DGX,2017-07-20,09:32:00,110.10,110.27,109.94,110.00,2301
DGX,2017-07-20,09:33:00,110.25,110.25,110.00,110.17,600
DGX,2017-07-20,09:34:00,110.16,110.16,110.04,110.04,300
DGX,2017-07-20,09:35:00,110.03,110.10,110.00,110.10,703
DGX,2017-07-20,09:36:00,109.90,110.18,109.90,110.04,2100
DGX,2017-07-20,09:37:00,110.06,110.24,110.06,110.22,2600
DGX,2017-07-20,09:38:00,110.12,110.12,110.08,110.09,700
DGX,2017-07-20,09:39:00,110.06,110.06,109.83,109.85,1300
DGX,2017-07-20,09:40:00,109.95,109.99,109.85,109.99,2400
DGX,2017-07-20,09:41:00,110.01,110.01,110.01,110.01,200
DGX,2017-07-20,09:42:00,110.00,110.10,110.00,110.01,2100
DGX,2017-07-20,09:43:00,110.02,110.05,110.02,110.05,300
DGX,2017-07-20,09:44:00,110.05,110.05,109.99,109.99,680
DGX,2017-07-20,09:45:00,109.98,110.03,109.98,110.03,400
DGX,2017-07-20,09:46:00,110.13,110.13,110.00,110.01,2665
DGX,2017-07-20,09:47:00,109.94,110.00,109.87,109.87,932
DGX,2017-07-20,09:48:00,109.93,109.93,109.90,109.91,1000
DGX,2017-07-20,09:49:00,109.87,109.91,109.75,109.80,6924
DGX,2017-07-20,09:50:00,109.76,109.79,109.61,109.73,4150
DGX,2017-07-20,09:51:00,109.73,109.84,109.73,109.78,774
DGX,2017-07-20,09:53:00,109.77,109.77,109.77,109.77,100
DGX,2017-07-20,09:54:00,109.83,109.90,109.83,109.90,389
DGX,2017-07-20,09:55:00,109.90,109.93,109.83,109.83,800
DGX,2017-07-20,09:56:00,109.86,110.00,109.85,109.89,535
DGX,2017-07-20,09:57:00,109.92,109.96,109.92,109.96,200
DGX,2017-07-20,09:59:00,109.94,109.97,109.81,109.81,2301
DGX,2017-07-20,10:00:00,109.75,109.81,109.75,109.81,400
DGX,2017-07-20,10:01:00,109.77,109.79,109.63,109.63,1700
DGX,2017-07-20,10:02:00,109.65,109.74,109.58,109.67,2100
DGX,2017-07-20,10:03:00,109.66,109.66,109.58,109.58,900
DGX,2017-07-20,10:04:00,109.58,109.63,109.56,109.63,1050
DGX,2017-07-20,10:05:00,109.65,109.65,109.65,109.65,100
DGX,2017-07-20,10:06:00,109.65,109.67,109.60,109.67,1772
DGX,2017-07-20,10:07:00,109.68,109.77,109.67,109.77,1700
DGX,2017-07-20,10:08:00,109.74,109.84,109.73,109.80,900
DGX,2017-07-20,10:09:00,109.79,109.79,109.78,109.79,920
DGX,2017-07-20,10:10:00,109.76,109.76,109.72,109.72,700
DGX,2017-07-20,10:11:00,109.74,109.76,109.72,109.73,2100
DGX,2017-07-20,10:12:00,109.75,109.83,109.75,109.80,1700
DGX,2017-07-20,10:13:00,109.76,109.77,109.73,109.77,400
DGX,2017-07-20,10:14:00,109.74,109.82,109.74,109.82,600
DGX,2017-07-20,10:15:00,109.76,109.80,109.76,109.79,1500
DGX,2017-07-20,10:16:00,109.76,109.76,109.76,109.76,350
DGX,2017-07-20,10:17:00,109.74,109.74,109.70,109.73,2200
DGX,2017-07-20,10:18:00,109.70,109.77,109.70,109.72,3985
DGX,2017-07-20,10:19:00,109.77,109.79,109.76,109.79,300
DGX,2017-07-20,10:20:00,109.75,109.76,109.75,109.76,1100
DGX,2017-07-20,10:21:00,109.76,109.76,109.76,109.76,100
DGX,2017-07-20,10:23:00,109.76,109.77,109.71,109.77,1500
DGX,2017-07-20,10:24:00,109.80,109.80,109.78,109.78,400
DGX,2017-07-20,10:25:00,109.76,109.83,109.76,109.83,200
DGX,2017-07-20,10:26:00,109.76,109.79,109.76,109.77,800
DGX,2017-07-20,10:27:00,109.79,109.79,109.78,109.78,500
DGX,2017-07-20,10:28:00,109.77,109.80,109.77,109.80,950
DGX,2017-07-20,10:29:00,109.80,109.85,109.78,109.78,2300
DGX,2017-07-20,10:30:00,109.84,109.84,109.79,109.81,341
DGX,2017-07-20,10:31:00,109.82,109.82,109.70,109.70,1100
DGX,2017-07-20,10:32:00,109.70,109.78,109.69,109.76,11206
DGX,2017-07-20,10:33:00,109.76,109.76,109.70,109.70,7077
DGX,2017-07-20,10:34:00,109.73,109.77,109.72,109.72,1800
DGX,2017-07-20,10:35:00,109.75,109.78,109.69,109.74,6900
DGX,2017-07-20,10:36:00,109.75,109.77,109.73,109.74,1600
DGX,2017-07-20,10:37:00,109.73,109.76,109.70,109.72,1500
DGX,2017-07-20,10:38:00,109.70,109.75,109.70,109.72,2919
DGX,2017-07-20,10:39:00,109.76,109.77,109.75,109.75,1000
DGX,2017-07-20,10:40:00,109.76,109.78,109.71,109.75,1258
DGX,2017-07-20,10:41:00,109.73,109.75,109.70,109.72,1000
DGX,2017-07-20,10:42:00,109.70,109.71,109.69,109.69,900
DGX,2017-07-20,10:43:00,109.71,109.80,109.71,109.80,1100
DGX,2017-07-20,10:44:00,109.80,109.80,109.77,109.80,838
DGX,2017-07-20,10:45:00,109.77,109.77,109.75,109.76,400
DGX,2017-07-20,10:47:00,109.77,109.82,109.77,109.82,500
DGX,2017-07-20,10:48:00,109.82,109.89,109.82,109.86,700
DGX,2017-07-20,10:49:00,109.88,109.88,109.88,109.88,100
DGX,2017-07-20,10:50:00,109.90,109.99,109.90,109.99,499
DGX,2017-07-20,10:51:00,110.05,110.05,109.97,110.02,1209
DGX,2017-07-20,10:52:00,110.00,110.03,109.99,110.03,1100
DGX,2017-07-20,10:53:00,110.00,110.04,110.00,110.02,600
DGX,2017-07-20,10:54:00,110.05,110.08,110.04,110.08,500
DGX,2017-07-20,10:55:00,110.08,110.08,110.06,110.06,200
DGX,2017-07-20,10:56:00,110.08,110.09,110.07,110.08,800
DGX,2017-07-20,10:58:00,110.10,110.21,110.10,110.21,758
DGX,2017-07-20,10:59:00,110.14,110.15,110.11,110.14,700
DGX,2017-07-20,11:00:00,110.14,110.14,110.11,110.11,200
DGX,2017-07-20,11:01:00,110.08,110.08,110.00,110.02,700
DGX,2017-07-20,11:02:00,109.96,109.97,109.94,109.95,600
DGX,2017-07-20,11:03:00,109.96,109.97,109.96,109.97,600
DGX,2017-07-20,11:04:00,109.97,109.97,109.97,109.97,100
DGX,2017-07-20,11:05:00,109.94,109.94,109.94,109.94,400
DGX,2017-07-20,11:06:00,109.95,109.95,109.95,109.95,100
DGX,2017-07-20,11:07:00,109.96,109.96,109.96,109.96,200
DGX,2017-07-20,11:08:00,109.99,109.99,109.99,109.99,100
DGX,2017-07-20,11:09:00,109.97,109.98,109.95,109.97,1000
DGX,2017-07-20,11:10:00,110.00,110.00,109.96,109.96,1000
DGX,2017-07-20,11:11:00,109.97,110.02,109.97,110.02,400
DGX,2017-07-20,11:12:00,110.03,110.03,109.99,109.99,202
DGX,2017-07-20,11:13:00,110.03,110.03,110.03,110.03,100
DGX,2017-07-20,11:14:00,110.05,110.07,110.05,110.07,400
DGX,2017-07-20,11:16:00,110.12,110.12,110.12,110.12,100
DGX,2017-07-20,11:17:00,110.07,110.07,110.04,110.04,350
DGX,2017-07-20,11:18:00,110.09,110.09,110.07,110.07,444
DGX,2017-07-20,11:19:00,110.07,110.08,110.01,110.01,1156
DGX,2017-07-20,11:20:00,110.01,110.04,110.01,110.04,600
DGX,2017-07-20,11:21:00,110.03,110.03,110.03,110.03,100
DGX,2017-07-20,11:23:00,110.10,110.20,110.10,110.16,2645
DGX,2017-07-20,11:24:00,110.13,110.15,110.13,110.15,300
DGX,2017-07-20,11:25:00,110.13,110.13,110.12,110.13,400
DGX,2017-07-20,11:26:00,110.10,110.10,110.10,110.10,600
DGX,2017-07-20,11:27:00,110.07,110.08,110.07,110.08,400
DGX,2017-07-20,11:28:00,110.08,110.09,110.07,110.07,500
DGX,2017-07-20,11:31:00,110.06,110.06,110.02,110.03,3000
DGX,2017-07-20,11:32:00,110.02,110.02,110.02,110.02,200
DGX,2017-07-20,11:33:00,109.98,110.02,109.98,110.02,500
DGX,2017-07-20,11:34:00,110.02,110.07,110.02,110.07,600
DGX,2017-07-20,11:35:00,110.07,110.10,110.05,110.05,500
DGX,2017-07-20,11:36:00,110.01,110.01,110.01,110.01,200
DGX,2017-07-20,11:37:00,109.97,110.02,109.97,110.00,1642
DGX,2017-07-20,11:38:00,110.00,110.01,109.99,110.01,400
DGX,2017-07-20,11:40:00,110.03,110.03,110.03,110.03,100
DGX,2017-07-20,11:41:00,110.03,110.03,110.02,110.02,300
DGX,2017-07-20,11:42:00,110.04,110.06,110.04,110.06,200
DGX,2017-07-20,11:43:00,110.13,110.13,110.13,110.13,100
DGX,2017-07-20,11:44:00,110.08,110.10,110.08,110.10,704
DGX,2017-07-20,11:47:00,110.11,110.13,110.08,110.08,400
DGX,2017-07-20,11:48:00,110.09,110.09,110.06,110.06,200
DGX,2017-07-20,11:49:00,110.09,110.16,110.09,110.16,1231
DGX,2017-07-20,11:50:00,110.11,110.11,110.09,110.11,300
DGX,2017-07-20,11:51:00,110.06,110.10,110.06,110.10,200
DGX,2017-07-20,11:53:00,110.10,110.12,110.10,110.12,400
DGX,2017-07-20,11:54:00,110.13,110.13,110.11,110.13,769
DGX,2017-07-20,11:55:00,110.16,110.16,110.16,110.16,200
DGX,2017-07-20,11:56:00,110.14,110.14,110.14,110.14,100
DGX,2017-07-20,11:57:00,110.16,110.16,110.16,110.16,100
DGX,2017-07-20,11:58:00,110.14,110.14,110.14,110.14,100
DGX,2017-07-20,11:59:00,110.12,110.15,110.11,110.15,600
DGX,2017-07-20,12:00:00,110.12,110.16,110.12,110.16,1600
DGX,2017-07-20,12:01:00,110.14,110.14,110.10,110.14,958
DGX,2017-07-20,12:02:00,110.13,110.13,110.13,110.13,300
DGX,2017-07-20,12:05:00,110.16,110.16,110.09,110.12,1250
DGX,2017-07-20,12:06:00,110.16,110.18,110.14,110.17,900
DGX,2017-07-20,12:07:00,110.16,110.17,110.16,110.17,300
DGX,2017-07-20,12:08:00,110.21,110.21,110.17,110.19,500
DGX,2017-07-20,12:09:00,110.17,110.17,110.17,110.17,200
DGX,2017-07-20,12:10:00,110.17,110.18,110.16,110.16,1561
DGX,2017-07-20,12:11:00,110.16,110.20,110.16,110.20,700
DGX,2017-07-20,12:12:00,110.19,110.20,110.19,110.19,600
DGX,2017-07-20,12:13:00,110.20,110.24,110.19,110.23,1014
DGX,2017-07-20,12:14:00,110.25,110.25,110.25,110.25,150
DGX,2017-07-20,12:15:00,110.25,110.25,110.25,110.25,200
DGX,2017-07-20,12:16:00,110.28,110.30,110.23,110.24,1600
DGX,2017-07-20,12:20:00,110.23,110.24,110.23,110.24,301
DGX,2017-07-20,12:21:00,110.24,110.24,110.20,110.21,5880
DGX,2017-07-20,12:22:00,110.21,110.24,110.21,110.24,2400
DGX,2017-07-20,12:23:00,110.23,110.23,110.23,110.23,400
DGX,2017-07-20,12:24:00,110.24,110.24,110.24,110.24,200
DGX,2017-07-20,12:25:00,110.25,110.25,110.25,110.25,200
DGX,2017-07-20,12:26:00,110.23,110.24,110.23,110.24,700
DGX,2017-07-20,12:28:00,110.24,110.24,110.24,110.24,100
DGX,2017-07-20,12:30:00,110.26,110.27,110.24,110.27,520
DGX,2017-07-20,12:31:00,110.25,110.27,110.25,110.27,400
DGX,2017-07-20,12:32:00,110.28,110.31,110.28,110.29,500
DGX,2017-07-20,12:33:00,110.28,110.28,110.26,110.28,400
DGX,2017-07-20,12:34:00,110.27,110.29,110.27,110.29,507
DGX,2017-07-20,12:35:00,110.34,110.35,110.34,110.35,600
DGX,2017-07-20,12:36:00,110.32,110.32,110.29,110.30,1200
DGX,2017-07-20,12:37:00,110.30,110.30,110.20,110.21,3300
DGX,2017-07-20,12:38:00,110.21,110.21,110.20,110.20,200
DGX,2017-07-20,12:39:00,110.23,110.24,110.20,110.22,1900
DGX,2017-07-20,12:40:00,110.22,110.22,110.20,110.20,1300
DGX,2017-07-20,12:41:00,110.19,110.20,110.19,110.20,2800
DGX,2017-07-20,12:42:00,110.20,110.22,110.20,110.20,1400
DGX,2017-07-20,12:43:00,110.20,110.21,110.20,110.20,800
DGX,2017-07-20,12:44:00,110.20,110.20,110.20,110.20,922
DGX,2017-07-20,12:45:00,110.21,110.21,110.20,110.20,700
DGX,2017-07-20,12:46:00,110.19,110.20,110.16,110.20,1500
DGX,2017-07-20,12:47:00,110.20,110.20,110.20,110.20,300
DGX,2017-07-20,12:49:00,110.19,110.19,110.18,110.18,600
DGX,2017-07-20,12:50:00,110.14,110.16,110.14,110.15,600
DGX,2017-07-20,12:52:00,110.16,110.19,110.16,110.19,600
DGX,2017-07-20,12:57:00,110.23,110.23,110.21,110.21,400
DGX,2017-07-20,12:58:00,110.22,110.22,110.21,110.22,1000
DGX,2017-07-20,12:59:00,110.21,110.23,110.18,110.22,4880
DGX,2017-07-20,13:00:00,110.21,110.22,110.20,110.20,4100
DGX,2017-07-20,13:01:00,110.21,110.23,110.19,110.19,9700
DGX,2017-07-20,13:02:00,110.21,110.25,110.20,110.20,10400
DGX,2017-07-20,13:03:00,110.21,110.25,110.17,110.17,4450
DGX,2017-07-20,13:04:00,110.17,110.19,110.17,110.19,500
DGX,2017-07-20,13:05:00,110.21,110.22,110.20,110.20,1533
DGX,2017-07-20,13:06:00,110.22,110.22,110.22,110.22,200
DGX,2017-07-20,13:07:00,110.23,110.26,110.21,110.21,1368
DGX,2017-07-20,13:08:00,110.21,110.21,110.21,110.21,200
DGX,2017-07-20,13:09:00,110.21,110.21,110.21,110.21,100
DGX,2017-07-20,13:10:00,110.21,110.22,110.21,110.22,300
DGX,2017-07-20,13:11:00,110.22,110.22,110.22,110.22,300
DGX,2017-07-20,13:12:00,110.22,110.22,110.19,110.19,1700
DGX,2017-07-20,13:13:00,110.19,110.19,110.07,110.09,4292
DGX,2017-07-20,13:14:00,110.09,110.09,110.09,110.09,300
DGX,2017-07-20,13:15:00,110.15,110.15,110.15,110.15,100
DGX,2017-07-20,13:16:00,110.16,110.16,110.16,110.16,200
DGX,2017-07-20,13:17:00,110.13,110.13,110.06,110.06,1100
DGX,2017-07-20,13:18:00,110.07,110.12,110.07,110.12,900
DGX,2017-07-20,13:19:00,110.12,110.12,110.11,110.12,500
DGX,2017-07-20,13:20:00,110.09,110.11,110.09,110.11,300
DGX,2017-07-20,13:21:00,110.11,110.11,110.08,110.08,200
DGX,2017-07-20,13:22:00,110.10,110.10,110.10,110.10,350
DGX,2017-07-20,13:23:00,110.07,110.07,110.06,110.06,485
DGX,2017-07-20,13:24:00,110.08,110.11,110.07,110.07,700
DGX,2017-07-20,13:26:00,110.04,110.04,110.04,110.04,100
DGX,2017-07-20,13:27:00,110.06,110.06,110.06,110.06,100
DGX,2017-07-20,13:28:00,110.05,110.05,110.00,110.00,1400
DGX,2017-07-20,13:29:00,110.01,110.06,110.01,110.02,1100
DGX,2017-07-20,13:30:00,110.03,110.03,109.98,109.99,600
DGX,2017-07-20,13:31:00,109.98,110.00,109.97,110.00,500
DGX,2017-07-20,13:34:00,110.00,110.00,109.95,109.99,1180
DGX,2017-07-20,13:35:00,110.00,110.02,109.99,110.00,1054
DGX,2017-07-20,13:36:00,110.00,110.00,110.00,110.00,100
DGX,2017-07-20,13:37:00,109.96,109.97,109.95,109.96,1048
DGX,2017-07-20,13:38:00,109.94,109.97,109.94,109.96,1300
DGX,2017-07-20,13:39:00,109.94,109.94,109.84,109.84,3200
DGX,2017-07-20,13:40:00,109.86,109.89,109.86,109.89,400
DGX,2017-07-20,13:41:00,109.89,109.89,109.89,109.89,410
DGX,2017-07-20,13:42:00,109.87,109.88,109.87,109.88,500
DGX,2017-07-20,13:43:00,109.88,109.90,109.88,109.89,1000
DGX,2017-07-20,13:45:00,109.88,109.88,109.88,109.88,100
DGX,2017-07-20,13:46:00,109.87,109.90,109.87,109.88,1900
DGX,2017-07-20,13:47:00,109.87,109.87,109.86,109.87,900
DGX,2017-07-20,13:48:00,109.87,109.87,109.85,109.85,2400
DGX,2017-07-20,13:49:00,109.85,109.87,109.83,109.83,2000
DGX,2017-07-20,13:50:00,109.84,109.84,109.80,109.80,400
DGX,2017-07-20,13:51:00,109.77,109.77,109.75,109.75,200
DGX,2017-07-20,13:52:00,109.79,109.80,109.79,109.80,200
DGX,2017-07-20,13:53:00,109.78,109.79,109.77,109.77,788
DGX,2017-07-20,13:54:00,109.75,109.75,109.75,109.75,200
DGX,2017-07-20,13:55:00,109.74,109.78,109.74,109.76,2100
DGX,2017-07-20,13:56:00,109.75,109.75,109.75,109.75,300
DGX,2017-07-20,13:57:00,109.75,109.79,109.75,109.79,1397
DGX,2017-07-20,13:58:00,109.81,109.81,109.80,109.80,656
DGX,2017-07-20,13:59:00,109.80,109.80,109.78,109.79,1327
DGX,2017-07-20,14:00:00,109.78,109.79,109.75,109.75,3840
DGX,2017-07-20,14:01:00,109.74,109.77,109.73,109.75,1815
DGX,2017-07-20,14:02:00,109.73,109.74,109.73,109.74,1219
DGX,2017-07-20,14:03:00,109.75,109.75,109.72,109.73,1400
DGX,2017-07-20,14:05:00,109.69,109.71,109.67,109.71,2567
DGX,2017-07-20,14:06:00,109.71,109.71,109.70,109.70,300
DGX,2017-07-20,14:07:00,109.69,109.70,109.69,109.70,500
DGX,2017-07-20,14:08:00,109.67,109.68,109.63,109.63,1700
DGX,2017-07-20,14:09:00,109.64,109.65,109.62,109.65,1479
DGX,2017-07-20,14:10:00,109.62,109.63,109.62,109.62,1669
DGX,2017-07-20,14:11:00,109.62,109.66,109.61,109.62,2800
DGX,2017-07-20,14:12:00,109.63,109.63,109.61,109.61,200
DGX,2017-07-20,14:13:00,109.61,109.61,109.61,109.61,400
DGX,2017-07-20,14:14:00,109.60,109.60,109.55,109.55,400
DGX,2017-07-20,14:16:00,109.58,109.60,109.57,109.60,1400
DGX,2017-07-20,14:17:00,109.61,109.63,109.61,109.61,2600
DGX,2017-07-20,14:18:00,109.62,109.63,109.60,109.60,1800
DGX,2017-07-20,14:19:00,109.60,109.60,109.57,109.57,700
DGX,2017-07-20,14:20:00,109.56,109.59,109.55,109.59,15500
DGX,2017-07-20,14:21:00,109.60,109.71,109.60,109.71,2143
DGX,2017-07-20,14:22:00,109.72,109.75,109.72,109.74,841
DGX,2017-07-20,14:23:00,109.76,109.84,109.76,109.80,2056
DGX,2017-07-20,14:24:00,109.81,109.81,109.75,109.75,1818
DGX,2017-07-20,14:25:00,109.75,109.75,109.70,109.72,1100
DGX,2017-07-20,14:26:00,109.72,109.75,109.71,109.75,8400
DGX,2017-07-20,14:28:00,109.76,109.76,109.73,109.76,1000
DGX,2017-07-20,14:29:00,109.76,109.78,109.74,109.75,1497
DGX,2017-07-20,14:30:00,109.74,109.74,109.69,109.69,1000
DGX,2017-07-20,14:31:00,109.70,109.70,109.65,109.65,587
DGX,2017-07-20,14:32:00,109.67,109.69,109.64,109.64,2202
DGX,2017-07-20,14:33:00,109.63,109.65,109.62,109.65,500
DGX,2017-07-20,14:34:00,109.67,109.67,109.67,109.67,100
DGX,2017-07-20,14:35:00,109.67,109.70,109.32,109.37,13443
DGX,2017-07-20,14:36:00,109.33,109.50,109.32,109.50,11083
DGX,2017-07-20,14:37:00,109.50,109.55,109.49,109.55,1500
DGX,2017-07-20,14:38:00,109.52,109.58,109.52,109.53,2600
DGX,2017-07-20,14:39:00,109.49,109.51,109.49,109.51,200
DGX,2017-07-20,14:40:00,109.50,109.52,109.50,109.52,1100
DGX,2017-07-20,14:41:00,109.53,109.56,109.53,109.55,842
DGX,2017-07-20,14:42:00,109.54,109.54,109.37,109.41,7281
DGX,2017-07-20,14:43:00,109.40,109.43,109.40,109.43,1200
DGX,2017-07-20,14:44:00,109.44,109.46,109.42,109.42,1320
DGX,2017-07-20,14:45:00,109.43,109.46,109.43,109.46,924
DGX,2017-07-20,14:46:00,109.47,109.50,109.47,109.50,1245
DGX,2017-07-20,14:47:00,109.53,109.55,109.50,109.51,3100
DGX,2017-07-20,14:48:00,109.54,109.54,109.54,109.54,100
DGX,2017-07-20,14:49:00,109.54,109.58,109.54,109.58,1050
DGX,2017-07-20,14:50:00,109.57,109.57,109.53,109.54,2100
DGX,2017-07-20,14:51:00,109.55,109.58,109.55,109.58,1000
DGX,2017-07-20,14:52:00,109.60,109.60,109.59,109.59,600
DGX,2017-07-20,14:53:00,109.61,109.62,109.60,109.62,900
DGX,2017-07-20,14:54:00,109.61,109.61,109.60,109.61,400
DGX,2017-07-20,14:55:00,109.62,109.62,109.58,109.58,1805
DGX,2017-07-20,14:56:00,109.58,109.60,109.58,109.60,500
DGX,2017-07-20,14:57:00,109.60,109.60,109.60,109.60,400
DGX,2017-07-20,14:58:00,109.58,109.59,109.46,109.55,4889
DGX,2017-07-20,14:59:00,109.58,109.63,109.58,109.63,1142
DGX,2017-07-20,15:00:00,109.66,109.66,109.66,109.66,100
DGX,2017-07-20,15:01:00,109.66,109.72,109.66,109.72,2000
DGX,2017-07-20,15:02:00,109.70,109.70,109.68,109.68,1100
DGX,2017-07-20,15:03:00,109.64,109.64,109.62,109.64,500
DGX,2017-07-20,15:05:00,109.63,109.69,109.62,109.64,3041
DGX,2017-07-20,15:06:00,109.61,109.61,109.61,109.61,100
DGX,2017-07-20,15:07:00,109.62,109.66,109.62,109.64,1810
DGX,2017-07-20,15:08:00,109.63,109.64,109.63,109.64,800
DGX,2017-07-20,15:09:00,109.64,109.65,109.61,109.61,1100
DGX,2017-07-20,15:10:00,109.63,109.65,109.63,109.64,800
DGX,2017-07-20,15:11:00,109.65,109.67,109.64,109.64,504
DGX,2017-07-20,15:12:00,109.65,109.65,109.64,109.64,658
DGX,2017-07-20,15:13:00,109.66,109.70,109.64,109.70,1109
DGX,2017-07-20,15:14:00,109.71,109.71,109.68,109.68,805
DGX,2017-07-20,15:15:00,109.67,109.67,109.67,109.67,1754
DGX,2017-07-20,15:16:00,109.66,109.66,109.64,109.66,1629
DGX,2017-07-20,15:17:00,109.65,109.65,109.63,109.63,800
DGX,2017-07-20,15:19:00,109.60,109.60,109.60,109.60,300
DGX,2017-07-20,15:20:00,109.58,109.61,109.58,109.58,3014
DGX,2017-07-20,15:21:00,109.58,109.58,109.56,109.56,1101
DGX,2017-07-20,15:22:00,109.57,109.59,109.56,109.59,1900
DGX,2017-07-20,15:23:00,109.59,109.59,109.58,109.59,900
DGX,2017-07-20,15:24:00,109.61,109.62,109.60,109.61,1200
DGX,2017-07-20,15:25:00,109.60,109.62,109.60,109.62,765
DGX,2017-07-20,15:26:00,109.62,109.66,109.62,109.66,1960
DGX,2017-07-20,15:27:00,109.66,109.69,109.66,109.66,2965
DGX,2017-07-20,15:28:00,109.65,109.65,109.63,109.63,1600
DGX,2017-07-20,15:29:00,109.64,109.64,109.61,109.62,2482
DGX,2017-07-20,15:30:00,109.63,109.63,109.62,109.62,1500
DGX,2017-07-20,15:31:00,109.60,109.62,109.57,109.57,3650
DGX,2017-07-20,15:32:00,109.55,109.62,109.55,109.62,2893
DGX,2017-07-20,15:33:00,109.61,109.63,109.61,109.63,1790
DGX,2017-07-20,15:34:00,109.64,109.65,109.63,109.63,1378
DGX,2017-07-20,15:35:00,109.63,109.64,109.59,109.64,3578
DGX,2017-07-20,15:36:00,109.64,109.67,109.64,109.67,1762
DGX,2017-07-20,15:37:00,109.66,109.66,109.58,109.63,1599
DGX,2017-07-20,15:38:00,109.65,109.65,109.60,109.60,1839
DGX,2017-07-20,15:39:00,109.61,109.63,109.61,109.63,1344
DGX,2017-07-20,15:40:00,109.63,109.66,109.62,109.66,3620
DGX,2017-07-20,15:41:00,109.65,109.65,109.63,109.63,2400
DGX,2017-07-20,15:42:00,109.63,109.65,109.63,109.65,1100
DGX,2017-07-20,15:43:00,109.64,109.65,109.64,109.65,900
DGX,2017-07-20,15:44:00,109.65,109.65,109.65,109.65,600
DGX,2017-07-20,15:45:00,109.64,109.64,109.56,109.57,4020
DGX,2017-07-20,15:46:00,109.56,109.60,109.56,109.60,2644
DGX,2017-07-20,15:47:00,109.60,109.61,109.58,109.61,1900
DGX,2017-07-20,15:48:00,109.61,109.66,109.61,109.66,2306
DGX,2017-07-20,15:49:00,109.66,109.71,109.65,109.70,2900
DGX,2017-07-20,15:50:00,109.70,109.71,109.68,109.69,4200
DGX,2017-07-20,15:51:00,109.67,109.71,109.67,109.70,4311
DGX,2017-07-20,15:52:00,109.70,109.70,109.64,109.64,2300
DGX,2017-07-20,15:53:00,109.64,109.66,109.64,109.66,2571
DGX,2017-07-20,15:54:00,109.66,109.66,109.61,109.61,4096
DGX,2017-07-20,15:55:00,109.62,109.64,109.60,109.64,4448
DGX,2017-07-20,15:56:00,109.64,109.65,109.61,109.61,3020
DGX,2017-07-20,15:57:00,109.61,109.63,109.58,109.59,7609
DGX,2017-07-20,15:58:00,109.59,109.59,109.57,109.58,6300
DGX,2017-07-20,15:59:00,109.58,109.58,109.54,109.56,15230
DGX,2017-07-20,16:00:00,109.56,109.64,109.46,109.61,42809
DGX,2017-07-21,09:30:00,109.58,109.58,109.58,109.58,34931
DGX,2017-07-21,09:31:00,109.82,109.82,109.77,109.78,1021
DGX,2017-07-21,09:32:00,109.95,109.95,109.95,109.95,221
DGX,2017-07-21,09:33:00,109.85,109.86,109.73,109.73,1000
DGX,2017-07-21,09:34:00,109.62,109.62,109.62,109.62,100
DGX,2017-07-21,09:36:00,109.63,109.68,109.62,109.66,2018
DGX,2017-07-21,09:37:00,109.68,109.70,109.63,109.63,3200
DGX,2017-07-21,09:38:00,109.69,109.70,109.60,109.65,1821
DGX,2017-07-21,09:39:00,109.68,109.69,109.66,109.68,1000
DGX,2017-07-21,09:40:00,109.62,109.62,109.46,109.46,2305
DGX,2017-07-21,09:42:00,109.50,109.50,109.45,109.45,200
DGX,2017-07-21,09:43:00,109.50,109.50,109.41,109.41,600
DGX,2017-07-21,09:44:00,109.42,109.44,109.42,109.44,1215
DGX,2017-07-21,09:45:00,109.51,109.52,109.48,109.48,400
DGX,2017-07-21,09:46:00,109.53,109.53,109.46,109.48,600
DGX,2017-07-21,09:47:00,109.52,109.52,109.52,109.52,100
DGX,2017-07-21,09:48:00,109.46,109.46,109.41,109.42,900
DGX,2017-07-21,09:49:00,109.37,109.37,109.06,109.06,2181
DGX,2017-07-21,09:50:00,109.05,109.11,109.03,109.05,3465
DGX,2017-07-21,09:51:00,109.10,109.10,109.00,109.00,4053
DGX,2017-07-21,09:52:00,108.97,109.06,108.95,109.06,1400
DGX,2017-07-21,09:53:00,109.15,109.15,109.15,109.15,100
DGX,2017-07-21,09:54:00,109.12,109.14,109.12,109.14,200
DGX,2017-07-21,09:55:00,109.15,109.15,109.08,109.08,1100
DGX,2017-07-21,09:56:00,109.11,109.18,109.11,109.18,400
DGX,2017-07-21,09:57:00,109.18,109.29,109.18,109.27,1300
DGX,2017-07-21,09:58:00,109.25,109.25,109.17,109.17,600
DGX,2017-07-21,09:59:00,109.18,109.21,109.16,109.20,1100
DGX,2017-07-21,10:00:00,109.19,109.19,109.11,109.19,3620
DGX,2017-07-21,10:01:00,109.21,109.21,109.17,109.21,500
DGX,2017-07-21,10:02:00,109.19,109.22,109.17,109.22,2006
DGX,2017-07-21,10:03:00,109.27,109.29,109.27,109.29,600
DGX,2017-07-21,10:04:00,109.26,109.26,109.26,109.26,200
DGX,2017-07-21,10:05:00,109.30,109.34,109.29,109.34,400
DGX,2017-07-21,10:06:00,109.28,109.35,109.28,109.34,1975
DGX,2017-07-21,10:07:00,109.40,109.47,109.40,109.47,900
DGX,2017-07-21,10:08:00,109.50,109.50,109.40,109.47,1830
DGX,2017-07-21,10:09:00,109.43,109.43,109.43,109.43,304
DGX,2017-07-21,10:10:00,109.47,109.49,109.42,109.43,1400
DGX,2017-07-21,10:11:00,109.40,109.40,109.35,109.35,2700
DGX,2017-07-21,10:12:00,109.38,109.41,109.36,109.36,600
DGX,2017-07-21,10:13:00,109.35,109.39,109.35,109.39,1100
DGX,2017-07-21,10:14:00,109.41,109.56,109.41,109.56,1031
DGX,2017-07-21,10:15:00,109.52,109.52,109.43,109.43,1200
DGX,2017-07-21,10:16:00,109.43,109.48,109.43,109.48,300
DGX,2017-07-21,10:17:00,109.46,109.53,109.46,109.53,600
DGX,2017-07-21,10:18:00,109.51,109.51,109.51,109.51,100
DGX,2017-07-21,10:20:00,109.53,109.53,109.50,109.50,200
DGX,2017-07-21,10:21:00,109.53,109.53,109.53,109.53,100
DGX,2017-07-21,10:22:00,109.59,109.59,109.55,109.55,400
DGX,2017-07-21,10:23:00,109.52,109.56,109.51,109.56,400
DGX,2017-07-21,10:24:00,109.58,109.58,109.56,109.56,300
DGX,2017-07-21,10:25:00,109.54,109.54,109.52,109.52,306
DGX,2017-07-21,10:26:00,109.55,109.59,109.55,109.59,200
DGX,2017-07-21,10:27:00,109.56,109.56,109.46,109.46,1972
DGX,2017-07-21,10:28:00,109.47,109.47,109.40,109.40,4300
DGX,2017-07-21,10:29:00,109.39,109.39,109.35,109.38,661
DGX,2017-07-21,10:30:00,109.38,109.38,109.38,109.38,117
DGX,2017-07-21,10:31:00,109.36,109.37,109.34,109.34,4506
DGX,2017-07-21,10:32:00,109.35,109.39,109.35,109.37,1100
DGX,2017-07-21,10:33:00,109.43,109.46,109.43,109.46,400
DGX,2017-07-21,10:35:00,109.46,109.49,109.46,109.49,1156
DGX,2017-07-21,10:36:00,109.44,109.48,109.44,109.48,1596
DGX,2017-07-21,10:37:00,109.48,109.52,109.48,109.48,900
DGX,2017-07-21,10:39:00,109.46,109.46,109.46,109.46,175
DGX,2017-07-21,10:40:00,109.48,109.48,109.48,109.48,100
DGX,2017-07-21,10:41:00,109.47,109.48,109.47,109.48,300
DGX,2017-07-21,10:42:00,109.47,109.51,109.47,109.51,400
DGX,2017-07-21,10:43:00,109.53,109.55,109.53,109.54,700
DGX,2017-07-21,10:44:00,109.61,109.61,109.60,109.60,700
DGX,2017-07-21,10:45:00,109.61,109.61,109.56,109.58,2500
DGX,2017-07-21,10:46:00,109.59,109.61,109.59,109.61,849
DGX,2017-07-21,10:47:00,109.62,109.65,109.62,109.65,1400
DGX,2017-07-21,10:48:00,109.59,109.59,109.55,109.55,900
DGX,2017-07-21,10:49:00,109.52,109.52,109.46,109.46,400
DGX,2017-07-21,10:50:00,109.47,109.50,109.47,109.50,300
DGX,2017-07-21,10:51:00,109.51,109.54,109.50,109.53,1484
DGX,2017-07-21,10:52:00,109.52,109.52,109.52,109.52,200
DGX,2017-07-21,10:53:00,109.49,109.49,109.47,109.47,300
DGX,2017-07-21,10:54:00,109.49,109.54,109.49,109.54,1197
DGX,2017-07-21,10:55:00,109.54,109.54,109.54,109.54,100
DGX,2017-07-21,10:56:00,109.52,109.52,109.47,109.48,800
DGX,2017-07-21,10:57:00,109.47,109.51,109.47,109.51,700
DGX,2017-07-21,10:58:00,109.53,109.53,109.50,109.50,800
DGX,2017-07-21,10:59:00,109.52,109.52,109.47,109.47,1913
DGX,2017-07-21,11:00:00,109.51,109.52,109.48,109.48,600
DGX,2017-07-21,11:01:00,109.53,109.58,109.53,109.58,1300
DGX,2017-07-21,11:02:00,109.58,109.61,109.56,109.61,2527
DGX,2017-07-21,11:03:00,109.60,109.62,109.55,109.55,2000
DGX,2017-07-21,11:04:00,109.60,109.63,109.60,109.61,702
DGX,2017-07-21,11:05:00,109.59,109.62,109.59,109.62,300
DGX,2017-07-21,11:07:00,109.61,109.64,109.61,109.64,1000
DGX,2017-07-21,11:08:00,109.64,109.64,109.64,109.64,100
DGX,2017-07-21,11:09:00,109.68,109.68,109.68,109.68,300
DGX,2017-07-21,11:10:00,109.64,109.64,109.63,109.63,300
DGX,2017-07-21,11:11:00,109.64,109.64,109.64,109.64,100
DGX,2017-07-21,11:12:00,109.65,109.72,109.65,109.65,2212
DGX,2017-07-21,11:13:00,109.63,109.65,109.62,109.65,1059
DGX,2017-07-21,11:14:00,109.62,109.62,109.60,109.60,200
DGX,2017-07-21,11:15:00,109.58,109.60,109.58,109.60,200
DGX,2017-07-21,11:16:00,109.61,109.64,109.61,109.64,500
DGX,2017-07-21,11:17:00,109.64,109.64,109.60,109.63,1600
DGX,2017-07-21,11:18:00,109.64,109.64,109.64,109.64,217
DGX,2017-07-21,11:19:00,109.65,109.69,109.63,109.63,1126
DGX,2017-07-21,11:20:00,109.63,109.63,109.62,109.62,1000
DGX,2017-07-21,11:21:00,109.62,109.62,109.61,109.61,300
DGX,2017-07-21,11:22:00,109.57,109.60,109.57,109.60,1464
DGX,2017-07-21,11:23:00,109.58,109.60,109.58,109.59,1400
DGX,2017-07-21,11:24:00,109.60,109.60,109.58,109.60,2100
DGX,2017-07-21,11:25:00,109.59,109.59,109.58,109.58,600
DGX,2017-07-21,11:26:00,109.61,109.62,109.61,109.62,750
DGX,2017-07-21,11:27:00,109.61,109.61,109.57,109.57,1100
DGX,2017-07-21,11:28:00,109.56,109.56,109.47,109.47,1610
DGX,2017-07-21,11:29:00,109.45,109.45,109.45,109.45,100
DGX,2017-07-21,11:30:00,109.45,109.45,109.40,109.40,500
DGX,2017-07-21,11:31:00,109.38,109.39,109.36,109.39,1000
DGX,2017-07-21,11:33:00,109.39,109.41,109.37,109.41,648
DGX,2017-07-21,11:34:00,109.40,109.42,109.38,109.41,800
DGX,2017-07-21,11:35:00,109.40,109.40,109.39,109.39,596
DGX,2017-07-21,11:36:00,109.40,109.42,109.39,109.39,850
DGX,2017-07-21,11:37:00,109.44,109.45,109.44,109.45,200
DGX,2017-07-21,11:38:00,109.48,109.51,109.47,109.51,1600
DGX,2017-07-21,11:40:00,109.50,109.52,109.50,109.52,400
DGX,2017-07-21,11:41:00,109.51,109.51,109.48,109.48,1300
DGX,2017-07-21,11:42:00,109.49,109.53,109.49,109.51,1100
DGX,2017-07-21,11:43:00,109.51,109.55,109.51,109.55,450
DGX,2017-07-21,11:44:00,109.56,109.61,109.54,109.61,1244
DGX,2017-07-21,11:45:00,109.58,109.58,109.58,109.58,100
DGX,2017-07-21,11:46:00,109.58,109.58,109.55,109.55,1228
DGX,2017-07-21,11:47:00,109.54,109.54,109.51,109.54,900
DGX,2017-07-21,11:48:00,109.52,109.52,109.51,109.51,200
DGX,2017-07-21,11:49:00,109.53,109.53,109.48,109.48,900
DGX,2017-07-21,11:50:00,109.47,109.49,109.47,109.49,200
DGX,2017-07-21,11:51:00,109.51,109.53,109.51,109.53,600
DGX,2017-07-21,11:52:00,109.50,109.50,109.50,109.50,200
DGX,2017-07-21,11:53:00,109.50,109.50,109.49,109.49,200
DGX,2017-07-21,11:54:00,109.53,109.53,109.53,109.53,200
DGX,2017-07-21,11:55:00,109.53,109.53,109.53,109.53,100
DGX,2017-07-21,11:56:00,109.53,109.56,109.53,109.55,1001
DGX,2017-07-21,11:57:00,109.56,109.56,109.52,109.52,1050
DGX,2017-07-21,11:58:00,109.55,109.55,109.55,109.55,300
DGX,2017-07-21,11:59:00,109.53,109.56,109.53,109.56,800
DGX,2017-07-21,12:00:00,109.56,109.56,109.53,109.53,600
DGX,2017-07-21,12:01:00,109.54,109.56,109.53,109.55,1012
DGX,2017-07-21,12:02:00,109.55,109.55,109.52,109.53,1158
DGX,2017-07-21,12:03:00,109.52,109.53,109.52,109.53,200
DGX,2017-07-21,12:05:00,109.52,109.52,109.47,109.48,2700
DGX,2017-07-21,12:07:00,109.49,109.50,109.48,109.50,400
DGX,2017-07-21,12:08:00,109.51,109.51,109.51,109.51,100
DGX,2017-07-21,12:09:00,109.52,109.55,109.52,109.55,600
DGX,2017-07-21,12:10:00,109.55,109.56,109.53,109.56,500
DGX,2017-07-21,12:11:00,109.57,109.57,109.52,109.52,1184
DGX,2017-07-21,12:13:00,109.54,109.54,109.53,109.53,600
DGX,2017-07-21,12:14:00,109.52,109.52,109.52,109.52,400
DGX,2017-07-21,12:15:00,109.52,109.52,109.52,109.52,300
DGX,2017-07-21,12:16:00,109.51,109.54,109.51,109.54,487
DGX,2017-07-21,12:17:00,109.53,109.53,109.53,109.53,315
DGX,2017-07-21,12:18:00,109.53,109.53,109.47,109.47,2712
DGX,2017-07-21,12:19:00,109.48,109.50,109.48,109.50,1713
DGX,2017-07-21,12:20:00,109.49,109.49,109.47,109.48,900
DGX,2017-07-21,12:21:00,109.48,109.48,109.47,109.48,1400
DGX,2017-07-21,12:22:00,109.49,109.50,109.49,109.49,650
DGX,2017-07-21,12:23:00,109.49,109.49,109.45,109.46,1596
DGX,2017-07-21,12:24:00,109.47,109.48,109.47,109.48,300
DGX,2017-07-21,12:25:00,109.48,109.48,109.47,109.47,300
DGX,2017-07-21,12:26:00,109.47,109.47,109.47,109.47,200
DGX,2017-07-21,12:27:00,109.45,109.47,109.45,109.47,200
DGX,2017-07-21,12:29:00,109.48,109.48,109.47,109.48,818
DGX,2017-07-21,12:30:00,109.49,109.51,109.48,109.48,600
DGX,2017-07-21,12:33:00,109.48,109.48,109.42,109.42,1302
DGX,2017-07-21,12:34:00,109.44,109.44,109.42,109.42,300
DGX,2017-07-21,12:35:00,109.40,109.40,109.40,109.40,200
DGX,2017-07-21,12:36:00,109.41,109.42,109.41,109.41,923
DGX,2017-07-21,12:37:00,109.41,109.41,109.41,109.41,100
DGX,2017-07-21,12:39:00,109.42,109.42,109.39,109.40,1102
DGX,2017-07-21,12:40:00,109.38,109.40,109.37,109.40,400
DGX,2017-07-21,12:41:00,109.39,109.39,109.35,109.36,1054
DGX,2017-07-21,12:42:00,109.35,109.35,109.35,109.35,400
DGX,2017-07-21,12:43:00,109.35,109.38,109.35,109.38,1100
DGX,2017-07-21,12:44:00,109.38,109.39,109.36,109.36,600
DGX,2017-07-21,12:45:00,109.36,109.36,109.35,109.36,1000
DGX,2017-07-21,12:46:00,109.36,109.36,109.35,109.36,1000
DGX,2017-07-21,12:47:00,109.35,109.35,109.33,109.33,700
DGX,2017-07-21,12:48:00,109.32,109.32,109.32,109.32,200
DGX,2017-07-21,12:49:00,109.32,109.32,109.32,109.32,400
DGX,2017-07-21,12:50:00,109.33,109.33,109.32,109.32,600
DGX,2017-07-21,12:51:00,109.31,109.31,109.31,109.31,400
DGX,2017-07-21,12:52:00,109.31,109.31,109.31,109.31,672
DGX,2017-07-21,12:53:00,109.30,109.31,109.29,109.31,1190
DGX,2017-07-21,12:54:00,109.30,109.30,109.25,109.26,900
DGX,2017-07-21,12:55:00,109.27,109.29,109.27,109.29,1359
DGX,2017-07-21,12:57:00,109.29,109.33,109.29,109.33,545
DGX,2017-07-21,12:58:00,109.34,109.34,109.33,109.33,200
DGX,2017-07-21,12:59:00,109.33,109.34,109.33,109.34,500
DGX,2017-07-21,13:00:00,109.35,109.35,109.35,109.35,100
DGX,2017-07-21,13:01:00,109.36,109.36,109.36,109.36,100
DGX,2017-07-21,13:03:00,109.41,109.41,109.41,109.41,100
DGX,2017-07-21,13:04:00,109.41,109.44,109.41,109.44,1500
DGX,2017-07-21,13:05:00,109.47,109.47,109.47,109.47,300
DGX,2017-07-21,13:06:00,109.47,109.47,109.47,109.47,100
DGX,2017-07-21,13:07:00,109.48,109.48,109.48,109.48,100
DGX,2017-07-21,13:08:00,109.50,109.50,109.48,109.48,807
DGX,2017-07-21,13:09:00,109.48,109.50,109.48,109.50,400
DGX,2017-07-21,13:11:00,109.50,109.55,109.50,109.55,300
DGX,2017-07-21,13:12:00,109.54,109.56,109.54,109.54,500
DGX,2017-07-21,13:13:00,109.55,109.55,109.55,109.55,100
DGX,2017-07-21,13:14:00,109.56,109.56,109.55,109.55,1300
DGX,2017-07-21,13:15:00,109.55,109.55,109.48,109.55,6070
DGX,2017-07-21,13:17:00,109.51,109.51,109.51,109.51,472
DGX,2017-07-21,13:19:00,109.50,109.51,109.50,109.51,512
DGX,2017-07-21,13:20:00,109.51,109.52,109.51,109.52,600
DGX,2017-07-21,13:21:00,109.53,109.53,109.53,109.53,100
DGX,2017-07-21,13:23:00,109.51,109.51,109.50,109.50,500
DGX,2017-07-21,13:24:00,109.51,109.52,109.51,109.52,511
DGX,2017-07-21,13:26:00,109.49,109.51,109.49,109.49,802
DGX,2017-07-21,13:27:00,109.47,109.47,109.45,109.45,777
DGX,2017-07-21,13:28:00,109.44,109.45,109.44,109.44,654
DGX,2017-07-21,13:29:00,109.41,109.41,109.39,109.40,800
DGX,2017-07-21,13:30:00,109.38,109.43,109.38,109.43,1811
DGX,2017-07-21,13:31:00,109.42,109.42,109.37,109.37,1893
DGX,2017-07-21,13:32:00,109.37,109.39,109.37,109.38,1112
DGX,2017-07-21,13:33:00,109.37,109.37,109.31,109.31,900
DGX,2017-07-21,13:34:00,109.34,109.34,109.34,109.34,145
DGX,2017-07-21,13:35:00,109.30,109.34,109.30,109.33,1124
DGX,2017-07-21,13:36:00,109.32,109.34,109.31,109.34,2008
DGX,2017-07-21,13:37:00,109.35,109.35,109.35,109.35,300
DGX,2017-07-21,13:40:00,109.35,109.45,109.35,109.45,2139
DGX,2017-07-21,13:41:00,109.45,109.45,109.45,109.45,564
DGX,2017-07-21,13:42:00,109.44,109.44,109.44,109.44,200
DGX,2017-07-21,13:43:00,109.43,109.44,109.42,109.44,1502
DGX,2017-07-21,13:44:00,109.44,109.46,109.44,109.46,1254
DGX,2017-07-21,13:45:00,109.48,109.49,109.48,109.49,600
DGX,2017-07-21,13:46:00,109.50,109.50,109.50,109.50,200
DGX,2017-07-21,13:47:00,109.50,109.50,109.50,109.50,400
DGX,2017-07-21,13:48:00,109.49,109.49,109.48,109.48,819
DGX,2017-07-21,13:49:00,109.48,109.48,109.45,109.45,300
DGX,2017-07-21,13:50:00,109.48,109.48,109.48,109.48,600
DGX,2017-07-21,13:51:00,109.47,109.49,109.47,109.48,841
DGX,2017-07-21,13:52:00,109.47,109.47,109.47,109.47,400
DGX,2017-07-21,13:53:00,109.47,109.48,109.47,109.47,900
DGX,2017-07-21,13:54:00,109.47,109.48,109.46,109.46,1100
DGX,2017-07-21,13:55:00,109.46,109.48,109.46,109.48,2273
DGX,2017-07-21,13:56:00,109.48,109.50,109.48,109.50,868
DGX,2017-07-21,13:57:00,109.52,109.52,109.51,109.51,514
DGX,2017-07-21,13:58:00,109.50,109.51,109.49,109.51,300
DGX,2017-07-21,13:59:00,109.48,109.49,109.48,109.48,900
DGX,2017-07-21,14:00:00,109.48,109.52,109.48,109.52,2164
DGX,2017-07-21,14:01:00,109.52,109.52,109.52,109.52,400
DGX,2017-07-21,14:02:00,109.52,109.52,109.52,109.52,300
DGX,2017-07-21,14:03:00,109.51,109.51,109.49,109.50,2426
DGX,2017-07-21,14:04:00,109.49,109.49,109.46,109.47,1900
DGX,2017-07-21,14:05:00,109.45,109.45,109.45,109.45,582
DGX,2017-07-21,14:06:00,109.45,109.47,109.45,109.47,2305
DGX,2017-07-21,14:07:00,109.47,109.47,109.47,109.47,600
DGX,2017-07-21,14:08:00,109.46,109.46,109.42,109.42,1946
DGX,2017-07-21,14:09:00,109.41,109.41,109.38,109.38,2149
DGX,2017-07-21,14:11:00,109.37,109.37,109.37,109.37,992
DGX,2017-07-21,14:12:00,109.36,109.39,109.36,109.39,1530
DGX,2017-07-21,14:13:00,109.37,109.37,109.34,109.34,1377
DGX,2017-07-21,14:14:00,109.33,109.33,109.33,109.33,200
DGX,2017-07-21,14:15:00,109.30,109.30,109.28,109.28,1122
DGX,2017-07-21,14:16:00,109.27,109.27,109.25,109.25,200
DGX,2017-07-21,14:17:00,109.26,109.27,109.26,109.27,1831
DGX,2017-07-21,14:18:00,109.27,109.27,109.24,109.24,1958
DGX,2017-07-21,14:19:00,109.24,109.24,109.21,109.21,531
DGX,2017-07-21,14:20:00,109.20,109.23,109.20,109.23,2050
DGX,2017-07-21,14:21:00,109.22,109.22,109.20,109.21,900
DGX,2017-07-21,14:22:00,109.20,109.20,109.18,109.20,1500
DGX,2017-07-21,14:23:00,109.21,109.24,109.21,109.24,300
DGX,2017-07-21,14:24:00,109.23,109.23,109.21,109.22,1114
DGX,2017-07-21,14:25:00,109.23,109.23,109.23,109.23,100
DGX,2017-07-21,14:26:00,109.24,109.26,109.24,109.26,2315
DGX,2017-07-21,14:27:00,109.29,109.30,109.28,109.30,1836
DGX,2017-07-21,14:28:00,109.29,109.31,109.29,109.31,600
DGX,2017-07-21,14:29:00,109.32,109.32,109.30,109.30,1000
DGX,2017-07-21,14:30:00,109.28,109.28,109.26,109.26,1700
DGX,2017-07-21,14:32:00,109.26,109.29,109.26,109.29,1552
DGX,2017-07-21,14:33:00,109.28,109.29,109.28,109.29,300
DGX,2017-07-21,14:34:00,109.29,109.29,109.27,109.27,1319
DGX,2017-07-21,14:35:00,109.26,109.26,109.23,109.24,1101
DGX,2017-07-21,14:36:00,109.23,109.23,109.23,109.23,100
DGX,2017-07-21,14:37:00,109.25,109.25,109.24,109.24,1757
DGX,2017-07-21,14:38:00,109.24,109.24,109.23,109.23,1016
DGX,2017-07-21,14:39:00,109.24,109.26,109.24,109.25,2140
DGX,2017-07-21,14:40:00,109.26,109.27,109.26,109.27,700
DGX,2017-07-21,14:41:00,109.26,109.28,109.26,109.28,1066
DGX,2017-07-21,14:42:00,109.28,109.28,109.27,109.27,650
DGX,2017-07-21,14:43:00,109.29,109.29,109.29,109.29,708
DGX,2017-07-21,14:45:00,109.30,109.30,109.30,109.30,707
DGX,2017-07-21,14:46:00,109.30,109.30,109.30,109.30,887
DGX,2017-07-21,14:47:00,109.30,109.34,109.30,109.34,2613
DGX,2017-07-21,14:48:00,109.35,109.37,109.35,109.35,700
DGX,2017-07-21,14:49:00,109.36,109.38,109.35,109.38,1677
DGX,2017-07-21,14:50:00,109.37,109.37,109.36,109.37,1400
DGX,2017-07-21,14:51:00,109.37,109.37,109.36,109.36,400
DGX,2017-07-21,14:52:00,109.37,109.38,109.31,109.34,8138
DGX,2017-07-21,14:53:00,109.34,109.34,109.33,109.33,3513
DGX,2017-07-21,14:54:00,109.34,109.36,109.34,109.36,500
DGX,2017-07-21,14:55:00,109.34,109.34,109.34,109.34,900
DGX,2017-07-21,14:56:00,109.35,109.35,109.34,109.35,1284
DGX,2017-07-21,14:58:00,109.36,109.37,109.36,109.36,912
DGX,2017-07-21,14:59:00,109.36,109.36,109.36,109.36,1337
DGX,2017-07-21,15:00:00,109.36,109.36,109.33,109.35,3058
DGX,2017-07-21,15:01:00,109.36,109.36,109.36,109.36,400
DGX,2017-07-21,15:02:00,109.35,109.36,109.35,109.36,600
DGX,2017-07-21,15:03:00,109.35,109.35,109.32,109.32,2081
DGX,2017-07-21,15:04:00,109.33,109.34,109.31,109.33,1000
DGX,2017-07-21,15:06:00,109.31,109.32,109.31,109.32,1419
DGX,2017-07-21,15:07:00,109.32,109.32,109.32,109.32,200
DGX,2017-07-21,15:08:00,109.32,109.32,109.32,109.32,700
DGX,2017-07-21,15:09:00,109.32,109.32,109.31,109.31,700
DGX,2017-07-21,15:10:00,109.32,109.32,109.32,109.32,200
DGX,2017-07-21,15:11:00,109.33,109.34,109.33,109.34,1609
DGX,2017-07-21,15:12:00,109.33,109.33,109.33,109.33,1023
DGX,2017-07-21,15:13:00,109.32,109.32,109.32,109.32,617
DGX,2017-07-21,15:14:00,109.33,109.34,109.32,109.32,1228
DGX,2017-07-21,15:15:00,109.33,109.34,109.33,109.34,1394
DGX,2017-07-21,15:16:00,109.35,109.35,109.35,109.35,200
DGX,2017-07-21,15:17:00,109.35,109.35,109.34,109.34,1530
DGX,2017-07-21,15:18:00,109.35,109.36,109.33,109.33,2283
DGX,2017-07-21,15:19:00,109.33,109.33,109.33,109.33,100
DGX,2017-07-21,15:20:00,109.35,109.35,109.32,109.32,1728
DGX,2017-07-21,15:21:00,109.32,109.33,109.32,109.32,400
DGX,2017-07-21,15:22:00,109.33,109.33,109.31,109.33,800
DGX,2017-07-21,15:23:00,109.32,109.32,109.32,109.32,1216
DGX,2017-07-21,15:24:00,109.33,109.33,109.31,109.31,600
DGX,2017-07-21,15:25:00,109.31,109.31,109.27,109.27,1400
DGX,2017-07-21,15:26:00,109.28,109.28,109.25,109.25,1180
DGX,2017-07-21,15:27:00,109.25,109.25,109.22,109.23,850
DGX,2017-07-21,15:28:00,109.23,109.23,109.20,109.20,1683
DGX,2017-07-21,15:29:00,109.21,109.24,109.21,109.23,2127
DGX,2017-07-21,15:30:00,109.25,109.25,109.25,109.25,700
DGX,2017-07-21,15:31:00,109.24,109.24,109.21,109.24,1406
DGX,2017-07-21,15:32:00,109.23,109.26,109.19,109.20,7349
DGX,2017-07-21,15:33:00,109.19,109.20,109.18,109.19,1200
DGX,2017-07-21,15:34:00,109.19,109.22,109.19,109.22,1500
DGX,2017-07-21,15:35:00,109.22,109.22,109.22,109.22,400
DGX,2017-07-21,15:36:00,109.22,109.27,109.22,109.27,1600
DGX,2017-07-21,15:37:00,109.27,109.27,109.25,109.25,1400
DGX,2017-07-21,15:38:00,109.26,109.27,109.25,109.27,1850
DGX,2017-07-21,15:39:00,109.27,109.29,109.27,109.28,1200
DGX,2017-07-21,15:40:00,109.28,109.29,109.28,109.29,800
DGX,2017-07-21,15:41:00,109.30,109.31,109.29,109.31,1954
DGX,2017-07-21,15:42:00,109.30,109.31,109.30,109.31,500
DGX,2017-07-21,15:43:00,109.31,109.32,109.31,109.32,1903
DGX,2017-07-21,15:44:00,109.31,109.32,109.29,109.31,8418
DGX,2017-07-21,15:45:00,109.31,109.32,109.24,109.24,3098
DGX,2017-07-21,15:46:00,109.26,109.28,109.26,109.28,2900
DGX,2017-07-21,15:47:00,109.27,109.28,109.24,109.24,3501
DGX,2017-07-21,15:48:00,109.25,109.28,109.25,109.28,2957
DGX,2017-07-21,15:49:00,109.28,109.30,109.27,109.30,3733
DGX,2017-07-21,15:50:00,109.31,109.31,109.29,109.30,3221
DGX,2017-07-21,15:51:00,109.31,109.31,109.31,109.31,2000
DGX,2017-07-21,15:52:00,109.31,109.31,109.30,109.31,7411
DGX,2017-07-21,15:53:00,109.31,109.34,109.30,109.34,6285
DGX,2017-07-21,15:54:00,109.33,109.34,109.33,109.34,3200
DGX,2017-07-21,15:55:00,109.34,109.39,109.34,109.37,8906
DGX,2017-07-21,15:56:00,109.38,109.39,109.37,109.39,3900
DGX,2017-07-21,15:57:00,109.39,109.41,109.38,109.40,4925
DGX,2017-07-21,15:58:00,109.40,109.41,109.39,109.41,5459
DGX,2017-07-21,15:59:00,109.41,109.43,109.41,109.42,7329
DGX,2017-07-21,16:00:00,109.42,109.47,109.40,109.41,24817
