FLY,2017-07-18,09:30:00,13.76,13.84,13.76,13.84,1500
FLY,2017-07-18,09:34:00,13.76,13.80,13.75,13.80,2044
FLY,2017-07-18,09:41:00,13.80,13.80,13.80,13.80,325
FLY,2017-07-18,09:42:00,13.78,13.79,13.78,13.79,300
FLY,2017-07-18,09:43:00,13.79,13.79,13.64,13.74,2425
FLY,2017-07-18,09:44:00,13.69,13.81,13.69,13.81,3300
FLY,2017-07-18,09:46:00,13.96,13.96,13.96,13.96,350
FLY,2017-07-18,09:47:00,13.91,13.91,13.91,13.91,400
FLY,2017-07-18,09:48:00,13.90,13.90,13.90,13.90,846
FLY,2017-07-18,09:49:00,13.90,13.90,13.90,13.90,700
FLY,2017-07-18,09:50:00,13.90,14.04,13.90,14.00,400
FLY,2017-07-18,09:51:00,14.00,14.00,14.00,14.00,100
FLY,2017-07-18,09:52:00,14.00,14.00,14.00,14.00,100
FLY,2017-07-18,09:53:00,14.00,14.00,13.97,13.97,300
FLY,2017-07-18,09:55:00,13.97,13.97,13.91,13.91,600
FLY,2017-07-18,09:56:00,13.93,13.93,13.92,13.92,331
FLY,2017-07-18,09:57:00,13.92,13.92,13.92,13.92,100
FLY,2017-07-18,09:58:00,13.92,13.92,13.84,13.87,1300
FLY,2017-07-18,10:10:00,13.89,13.89,13.88,13.89,2600
FLY,2017-07-18,10:11:00,13.87,13.87,13.85,13.85,800
FLY,2017-07-18,10:19:00,13.89,13.89,13.89,13.89,1200
FLY,2017-07-18,10:20:00,13.89,13.89,13.86,13.86,1400
FLY,2017-07-18,10:21:00,13.85,13.85,13.84,13.84,400
FLY,2017-07-18,10:22:00,13.84,13.84,13.80,13.80,1600
FLY,2017-07-18,10:23:00,13.80,13.80,13.78,13.78,600
FLY,2017-07-18,10:28:00,13.81,13.81,13.81,13.81,600
FLY,2017-07-18,10:29:00,13.82,13.82,13.81,13.81,300
FLY,2017-07-18,10:30:00,13.81,13.81,13.81,13.81,100
FLY,2017-07-18,10:31:00,13.81,13.81,13.81,13.81,100
FLY,2017-07-18,10:32:00,13.81,13.81,13.79,13.79,200
FLY,2017-07-18,10:33:00,13.79,13.79,13.78,13.78,700
FLY,2017-07-18,10:34:00,13.79,13.79,13.79,13.79,200
FLY,2017-07-18,10:35:00,13.79,13.79,13.79,13.79,200
FLY,2017-07-18,10:39:00,13.81,13.81,13.80,13.80,1200
FLY,2017-07-18,10:40:00,13.80,13.80,13.80,13.80,200
FLY,2017-07-18,10:41:00,13.80,13.80,13.80,13.80,500
FLY,2017-07-18,10:42:00,13.80,13.80,13.80,13.80,100
FLY,2017-07-18,10:43:00,13.80,13.80,13.80,13.80,100
FLY,2017-07-18,10:44:00,13.80,13.80,13.79,13.79,400
FLY,2017-07-18,10:45:00,13.79,13.79,13.79,13.79,200
FLY,2017-07-18,10:46:00,13.79,13.79,13.79,13.79,100
FLY,2017-07-18,10:47:00,13.79,13.79,13.79,13.79,100
FLY,2017-07-18,10:49:00,13.80,13.80,13.80,13.80,200
FLY,2017-07-18,10:51:00,13.80,13.80,13.80,13.80,300
FLY,2017-07-18,10:52:00,13.80,13.80,13.80,13.80,600
FLY,2017-07-18,10:53:00,13.80,13.80,13.80,13.80,100
FLY,2017-07-18,10:54:00,13.80,13.80,13.80,13.80,100
FLY,2017-07-18,10:55:00,13.80,13.80,13.80,13.80,200
FLY,2017-07-18,11:00:00,13.81,13.82,13.81,13.82,1903
FLY,2017-07-18,11:01:00,13.82,13.82,13.82,13.82,200
FLY,2017-07-18,11:02:00,13.82,13.82,13.82,13.82,400
FLY,2017-07-18,11:03:00,13.81,13.81,13.81,13.81,100
FLY,2017-07-18,11:04:00,13.81,13.81,13.81,13.81,100
FLY,2017-07-18,11:05:00,13.81,13.81,13.81,13.81,100
FLY,2017-07-18,11:06:00,13.81,13.81,13.81,13.81,100
FLY,2017-07-18,11:07:00,13.81,13.81,13.81,13.81,700
FLY,2017-07-18,11:08:00,13.80,13.80,13.80,13.80,200
FLY,2017-07-18,11:09:00,13.80,13.80,13.80,13.80,300
FLY,2017-07-18,11:21:00,13.81,13.81,13.81,13.81,123
FLY,2017-07-18,11:23:00,13.83,13.84,13.83,13.84,1100
FLY,2017-07-18,11:30:00,13.84,13.85,13.80,13.80,5600
FLY,2017-07-18,11:31:00,13.81,13.81,13.80,13.80,5100
FLY,2017-07-18,11:32:00,13.80,13.80,13.80,13.80,100
FLY,2017-07-18,11:35:00,13.80,13.80,13.80,13.80,100
FLY,2017-07-18,11:38:00,13.82,13.82,13.82,13.82,1300
FLY,2017-07-18,11:41:00,13.83,13.83,13.83,13.83,400
FLY,2017-07-18,11:42:00,13.83,13.83,13.83,13.83,200
FLY,2017-07-18,11:43:00,13.83,13.83,13.83,13.83,200
FLY,2017-07-18,11:44:00,13.83,13.83,13.83,13.83,100
FLY,2017-07-18,11:45:00,13.83,13.83,13.83,13.83,100
FLY,2017-07-18,11:46:00,13.83,13.83,13.83,13.83,100
FLY,2017-07-18,11:47:00,13.83,13.83,13.83,13.83,100
FLY,2017-07-18,11:48:00,13.83,13.83,13.83,13.83,100
FLY,2017-07-18,11:49:00,13.83,13.83,13.83,13.83,100
FLY,2017-07-18,11:50:00,13.80,13.80,13.80,13.80,100
FLY,2017-07-18,11:54:00,13.83,13.83,13.83,13.83,100
FLY,2017-07-18,11:55:00,13.83,13.83,13.83,13.83,200
FLY,2017-07-18,11:59:00,13.83,13.83,13.81,13.81,1120
FLY,2017-07-18,12:14:00,13.81,13.81,13.81,13.81,100
FLY,2017-07-18,12:20:00,13.81,13.81,13.81,13.81,100
FLY,2017-07-18,12:21:00,13.82,13.83,13.82,13.83,2800
FLY,2017-07-18,12:22:00,13.83,13.83,13.83,13.83,700
FLY,2017-07-18,12:23:00,13.82,13.82,13.82,13.82,500
FLY,2017-07-18,12:25:00,13.82,13.82,13.82,13.82,400
FLY,2017-07-18,12:26:00,13.82,13.83,13.82,13.82,1700
FLY,2017-07-18,12:27:00,13.82,13.82,13.82,13.82,100
FLY,2017-07-18,12:28:00,13.82,13.82,13.82,13.82,100
FLY,2017-07-18,12:29:00,13.82,13.82,13.82,13.82,300
FLY,2017-07-18,12:31:00,13.82,13.82,13.82,13.82,100
FLY,2017-07-18,12:35:00,13.85,13.85,13.85,13.85,100
FLY,2017-07-18,12:37:00,13.85,13.85,13.85,13.85,200
FLY,2017-07-18,12:38:00,13.85,13.85,13.85,13.85,1200
FLY,2017-07-18,12:40:00,13.85,13.85,13.85,13.85,200
FLY,2017-07-18,12:45:00,13.84,13.84,13.84,13.84,100
FLY,2017-07-18,12:48:00,13.85,13.86,13.85,13.86,1100
FLY,2017-07-18,12:49:00,13.86,13.86,13.86,13.86,100
FLY,2017-07-18,12:50:00,13.86,13.86,13.86,13.86,100
FLY,2017-07-18,12:51:00,13.86,13.86,13.86,13.86,100
FLY,2017-07-18,12:52:00,13.86,13.86,13.86,13.86,100
FLY,2017-07-18,12:53:00,13.86,13.86,13.86,13.86,100
FLY,2017-07-18,12:54:00,13.86,13.86,13.86,13.86,100
FLY,2017-07-18,12:55:00,13.85,13.85,13.85,13.85,100
FLY,2017-07-18,12:57:00,13.84,13.84,13.84,13.84,100
FLY,2017-07-18,12:58:00,13.84,13.84,13.84,13.84,100
FLY,2017-07-18,12:59:00,13.84,13.84,13.84,13.84,100
FLY,2017-07-18,13:00:00,13.84,13.84,13.84,13.84,100
FLY,2017-07-18,13:01:00,13.85,13.85,13.85,13.85,2000
FLY,2017-07-18,13:02:00,13.84,13.86,13.84,13.86,2300
FLY,2017-07-18,13:03:00,13.84,13.84,13.84,13.84,100
FLY,2017-07-18,13:13:00,13.84,13.84,13.84,13.84,100
FLY,2017-07-18,13:17:00,13.86,13.86,13.86,13.86,1300
FLY,2017-07-18,13:18:00,13.85,13.85,13.85,13.85,200
FLY,2017-07-18,13:20:00,13.85,13.85,13.82,13.82,200
FLY,2017-07-18,13:27:00,13.83,13.83,13.82,13.82,1200
FLY,2017-07-18,13:34:00,13.82,13.82,13.82,13.82,100
FLY,2017-07-18,13:41:00,13.82,13.82,13.82,13.82,100
FLY,2017-07-18,13:44:00,13.82,13.82,13.82,13.82,100
FLY,2017-07-18,13:46:00,13.83,13.83,13.83,13.83,200
FLY,2017-07-18,13:52:00,13.85,13.85,13.84,13.84,1300
FLY,2017-07-18,13:57:00,13.85,13.85,13.85,13.85,100
FLY,2017-07-18,14:05:00,13.87,13.87,13.87,13.87,600
FLY,2017-07-18,14:06:00,13.87,13.87,13.87,13.87,1926
FLY,2017-07-18,14:07:00,13.88,13.89,13.88,13.89,300
FLY,2017-07-18,14:11:00,13.89,13.89,13.89,13.89,100
FLY,2017-07-18,14:12:00,13.88,13.88,13.88,13.88,100
FLY,2017-07-18,14:13:00,13.88,13.88,13.88,13.88,300
FLY,2017-07-18,14:14:00,13.88,13.88,13.88,13.88,100
FLY,2017-07-18,14:16:00,13.88,13.88,13.88,13.88,200
FLY,2017-07-18,14:17:00,13.88,13.88,13.88,13.88,100
FLY,2017-07-18,14:18:00,13.88,13.88,13.88,13.88,100
FLY,2017-07-18,14:21:00,13.89,13.89,13.89,13.89,300
FLY,2017-07-18,14:22:00,13.89,13.90,13.89,13.89,600
FLY,2017-07-18,14:23:00,13.89,13.89,13.89,13.89,200
FLY,2017-07-18,14:24:00,13.89,13.89,13.89,13.89,100
FLY,2017-07-18,14:27:00,13.91,13.91,13.90,13.90,500
FLY,2017-07-18,14:28:00,13.90,13.90,13.90,13.90,400
FLY,2017-07-18,14:29:00,13.90,13.90,13.90,13.90,100
FLY,2017-07-18,14:30:00,13.90,13.90,13.90,13.90,100
FLY,2017-07-18,14:33:00,13.90,13.90,13.88,13.88,687
FLY,2017-07-18,14:43:00,13.90,13.90,13.89,13.90,1217
FLY,2017-07-18,14:44:00,13.90,13.90,13.90,13.90,100
FLY,2017-07-18,14:45:00,13.90,13.90,13.90,13.90,100
FLY,2017-07-18,14:46:00,13.90,13.90,13.90,13.90,100
FLY,2017-07-18,14:47:00,13.90,13.90,13.90,13.90,100
FLY,2017-07-18,14:48:00,13.90,13.90,13.89,13.89,200
FLY,2017-07-18,14:49:00,13.90,13.90,13.90,13.90,500
FLY,2017-07-18,14:50:00,13.90,13.90,13.89,13.89,400
FLY,2017-07-18,14:51:00,13.89,13.89,13.89,13.89,100
FLY,2017-07-18,14:52:00,13.88,13.89,13.87,13.87,1399
FLY,2017-07-18,14:53:00,13.87,13.87,13.85,13.86,699
FLY,2017-07-18,14:54:00,13.86,13.86,13.86,13.86,100
FLY,2017-07-18,14:55:00,13.86,13.86,13.86,13.86,200
FLY,2017-07-18,14:57:00,13.86,13.86,13.86,13.86,100
FLY,2017-07-18,15:02:00,13.87,13.87,13.87,13.87,300
FLY,2017-07-18,15:03:00,13.88,13.88,13.88,13.88,800
FLY,2017-07-18,15:04:00,13.88,13.88,13.88,13.88,500
FLY,2017-07-18,15:05:00,13.88,13.88,13.88,13.88,200
FLY,2017-07-18,15:08:00,13.88,13.88,13.87,13.87,1000
FLY,2017-07-18,15:09:00,13.87,13.88,13.87,13.87,300
FLY,2017-07-18,15:12:00,13.88,13.88,13.88,13.88,1020
FLY,2017-07-18,15:15:00,13.88,13.88,13.88,13.88,264
FLY,2017-07-18,15:21:00,13.90,13.90,13.90,13.90,800
FLY,2017-07-18,15:22:00,13.90,13.90,13.90,13.90,300
FLY,2017-07-18,15:24:00,13.90,13.90,13.89,13.89,700
FLY,2017-07-18,15:25:00,13.89,13.89,13.89,13.89,300
FLY,2017-07-18,15:26:00,13.89,13.89,13.89,13.89,400
FLY,2017-07-18,15:28:00,13.90,13.90,13.90,13.90,500
FLY,2017-07-18,15:29:00,13.90,13.90,13.90,13.90,300
FLY,2017-07-18,15:30:00,13.90,13.90,13.90,13.90,300
FLY,2017-07-18,15:31:00,13.90,13.90,13.90,13.90,200
FLY,2017-07-18,15:32:00,13.90,13.90,13.90,13.90,200
FLY,2017-07-18,15:33:00,13.90,13.90,13.84,13.87,1400
FLY,2017-07-18,15:35:00,13.87,13.87,13.87,13.87,200
FLY,2017-07-18,15:36:00,13.87,13.87,13.85,13.85,2700
FLY,2017-07-18,15:37:00,13.85,13.85,13.85,13.85,100
FLY,2017-07-18,15:38:00,13.85,13.85,13.85,13.85,300
FLY,2017-07-18,15:39:00,13.85,13.85,13.85,13.85,400
FLY,2017-07-18,15:40:00,13.85,13.85,13.84,13.84,1545
FLY,2017-07-18,15:41:00,13.83,13.83,13.81,13.81,948
FLY,2017-07-18,15:42:00,13.81,13.81,13.81,13.81,100
FLY,2017-07-18,15:43:00,13.82,13.82,13.82,13.82,1400
FLY,2017-07-18,15:44:00,13.82,13.82,13.82,13.82,100
FLY,2017-07-18,15:45:00,13.83,13.83,13.82,13.82,2274
FLY,2017-07-18,15:46:00,13.82,13.82,13.81,13.81,500
FLY,2017-07-18,15:47:00,13.81,13.82,13.81,13.82,1800
FLY,2017-07-18,15:48:00,13.82,13.82,13.80,13.80,700
FLY,2017-07-18,15:49:00,13.81,13.81,13.79,13.80,600
FLY,2017-07-18,15:50:00,13.81,13.81,13.79,13.81,1893
FLY,2017-07-18,15:51:00,13.81,13.83,13.81,13.82,1400
FLY,2017-07-18,15:52:00,13.82,13.82,13.81,13.81,1500
FLY,2017-07-18,15:53:00,13.81,13.81,13.81,13.81,700
FLY,2017-07-18,15:54:00,13.80,13.82,13.79,13.82,2700
FLY,2017-07-18,15:55:00,13.82,13.83,13.82,13.82,600
FLY,2017-07-18,15:56:00,13.82,13.82,13.80,13.81,1755
FLY,2017-07-18,15:57:00,13.82,13.83,13.82,13.83,894
FLY,2017-07-18,15:58:00,13.82,13.82,13.81,13.81,1200
FLY,2017-07-18,15:59:00,13.80,13.81,13.80,13.81,1436
FLY,2017-07-18,16:00:00,13.81,13.82,13.79,13.82,1389
FLY,2017-07-19,09:30:00,13.86,13.86,13.86,13.86,267
FLY,2017-07-19,09:35:00,13.80,13.80,13.80,13.80,100
FLY,2017-07-19,09:36:00,13.84,13.84,13.84,13.84,1100
FLY,2017-07-19,09:38:00,13.86,13.90,13.85,13.90,1800
FLY,2017-07-19,09:39:00,13.89,13.89,13.89,13.89,300
FLY,2017-07-19,09:40:00,13.90,13.90,13.90,13.90,300
FLY,2017-07-19,09:41:00,13.91,13.91,13.91,13.91,200
FLY,2017-07-19,09:42:00,13.89,13.91,13.87,13.87,700
FLY,2017-07-19,09:45:00,13.91,13.91,13.91,13.91,400
FLY,2017-07-19,09:46:00,13.91,13.91,13.91,13.91,300
FLY,2017-07-19,09:47:00,13.87,13.87,13.82,13.82,400
FLY,2017-07-19,09:48:00,13.82,13.82,13.82,13.82,100
FLY,2017-07-19,09:49:00,13.82,13.82,13.82,13.82,300
FLY,2017-07-19,09:50:00,13.80,13.82,13.80,13.82,475
FLY,2017-07-19,09:51:00,13.82,13.83,13.82,13.83,300
FLY,2017-07-19,09:53:00,13.85,13.85,13.85,13.85,300
FLY,2017-07-19,09:54:00,13.85,13.85,13.85,13.85,200
FLY,2017-07-19,09:55:00,13.85,13.85,13.85,13.85,100
FLY,2017-07-19,09:56:00,13.85,13.86,13.83,13.83,4400
FLY,2017-07-19,09:57:00,13.79,13.81,13.78,13.78,800
FLY,2017-07-19,09:59:00,13.73,13.73,13.73,13.73,100
FLY,2017-07-19,10:01:00,13.74,13.74,13.74,13.74,100
FLY,2017-07-19,10:02:00,13.78,13.78,13.78,13.78,300
FLY,2017-07-19,10:03:00,13.81,13.82,13.81,13.82,500
FLY,2017-07-19,10:05:00,13.84,13.86,13.84,13.86,200
FLY,2017-07-19,10:06:00,13.86,13.86,13.86,13.86,100
FLY,2017-07-19,10:07:00,13.88,13.88,13.88,13.88,400
FLY,2017-07-19,10:08:00,13.88,13.89,13.88,13.88,400
FLY,2017-07-19,10:14:00,13.91,13.91,13.91,13.91,300
FLY,2017-07-19,10:16:00,13.92,13.92,13.89,13.89,2600
FLY,2017-07-19,10:17:00,13.90,13.90,13.88,13.89,1290
FLY,2017-07-19,10:18:00,13.88,13.88,13.88,13.88,400
FLY,2017-07-19,10:19:00,13.88,13.88,13.88,13.88,400
FLY,2017-07-19,10:20:00,13.88,13.88,13.88,13.88,200
FLY,2017-07-19,10:21:00,13.88,13.88,13.88,13.88,400
FLY,2017-07-19,10:30:00,13.92,13.92,13.92,13.92,100
FLY,2017-07-19,10:32:00,13.93,13.93,13.89,13.89,1200
FLY,2017-07-19,10:33:00,13.90,13.90,13.90,13.90,200
FLY,2017-07-19,10:36:00,13.93,13.93,13.93,13.93,400
FLY,2017-07-19,10:40:00,13.93,13.93,13.91,13.91,800
FLY,2017-07-19,10:41:00,13.91,13.91,13.91,13.91,300
FLY,2017-07-19,10:43:00,13.93,13.93,13.93,13.93,200
FLY,2017-07-19,10:44:00,13.93,13.93,13.92,13.92,300
FLY,2017-07-19,10:46:00,13.90,13.90,13.89,13.89,500
FLY,2017-07-19,10:48:00,13.91,13.91,13.91,13.91,200
FLY,2017-07-19,10:49:00,13.91,13.91,13.91,13.91,100
FLY,2017-07-19,10:51:00,13.91,13.91,13.91,13.91,100
FLY,2017-07-19,10:58:00,13.91,13.91,13.91,13.91,1000
FLY,2017-07-19,11:07:00,13.92,13.92,13.92,13.92,100
FLY,2017-07-19,11:09:00,13.93,13.93,13.93,13.93,500
FLY,2017-07-19,11:10:00,13.94,13.95,13.94,13.95,1800
FLY,2017-07-19,11:11:00,13.94,13.94,13.90,13.90,2500
FLY,2017-07-19,11:12:00,13.90,13.90,13.90,13.90,100
FLY,2017-07-19,11:13:00,13.89,13.89,13.89,13.89,100
FLY,2017-07-19,11:16:00,13.89,13.89,13.89,13.89,200
FLY,2017-07-19,11:17:00,13.89,13.89,13.84,13.84,1500
FLY,2017-07-19,11:18:00,13.85,13.85,13.85,13.85,800
FLY,2017-07-19,11:20:00,13.86,13.86,13.84,13.84,900
FLY,2017-07-19,11:21:00,13.86,13.86,13.86,13.86,200
FLY,2017-07-19,11:22:00,13.85,13.85,13.82,13.82,1899
FLY,2017-07-19,11:23:00,13.82,13.85,13.82,13.85,1100
FLY,2017-07-19,11:24:00,13.84,13.84,13.83,13.83,300
FLY,2017-07-19,11:25:00,13.81,13.81,13.81,13.81,200
FLY,2017-07-19,11:27:00,13.82,13.82,13.82,13.82,700
FLY,2017-07-19,11:36:00,13.84,13.84,13.83,13.84,1300
FLY,2017-07-19,11:37:00,13.84,13.85,13.84,13.85,900
FLY,2017-07-19,11:38:00,13.84,13.84,13.84,13.84,1650
FLY,2017-07-19,11:40:00,13.84,13.84,13.84,13.84,300
FLY,2017-07-19,11:42:00,13.84,13.84,13.84,13.84,200
FLY,2017-07-19,11:48:00,13.85,13.85,13.85,13.85,1200
FLY,2017-07-19,12:00:00,13.86,13.86,13.86,13.86,100
FLY,2017-07-19,12:04:00,13.87,13.87,13.87,13.87,800
FLY,2017-07-19,12:06:00,13.87,13.87,13.87,13.87,300
FLY,2017-07-19,12:08:00,13.88,13.88,13.87,13.87,2100
FLY,2017-07-19,12:09:00,13.87,13.87,13.86,13.86,200
FLY,2017-07-19,12:11:00,13.86,13.86,13.81,13.83,12877
FLY,2017-07-19,12:12:00,13.82,13.82,13.82,13.82,100
FLY,2017-07-19,12:14:00,13.83,13.84,13.82,13.84,600
FLY,2017-07-19,12:15:00,13.85,13.85,13.85,13.85,200
FLY,2017-07-19,12:16:00,13.86,13.86,13.86,13.86,400
FLY,2017-07-19,12:17:00,13.86,13.86,13.86,13.86,700
FLY,2017-07-19,12:20:00,13.87,13.87,13.87,13.87,600
FLY,2017-07-19,12:21:00,13.87,13.87,13.87,13.87,100
FLY,2017-07-19,12:23:00,13.87,13.87,13.87,13.87,100
FLY,2017-07-19,12:29:00,13.88,13.88,13.88,13.88,142
FLY,2017-07-19,12:36:00,13.88,13.88,13.88,13.88,100
FLY,2017-07-19,12:43:00,13.88,13.88,13.88,13.88,1623
FLY,2017-07-19,12:44:00,13.88,13.88,13.88,13.88,100
FLY,2017-07-19,12:45:00,13.88,13.88,13.88,13.88,200
FLY,2017-07-19,12:47:00,13.88,13.88,13.88,13.88,200
FLY,2017-07-19,12:48:00,13.87,13.87,13.87,13.87,300
FLY,2017-07-19,12:49:00,13.87,13.87,13.86,13.86,300
FLY,2017-07-19,12:50:00,13.85,13.85,13.85,13.85,100
FLY,2017-07-19,12:52:00,13.86,13.86,13.86,13.86,400
FLY,2017-07-19,12:53:00,13.86,13.86,13.86,13.86,100
FLY,2017-07-19,12:57:00,13.88,13.88,13.88,13.88,300
FLY,2017-07-19,13:05:00,13.89,13.90,13.89,13.90,836
FLY,2017-07-19,13:06:00,13.90,13.90,13.90,13.90,200
FLY,2017-07-19,13:16:00,13.92,13.92,13.92,13.92,550
FLY,2017-07-19,13:18:00,13.93,13.93,13.93,13.93,769
FLY,2017-07-19,13:20:00,13.92,13.92,13.90,13.90,600
FLY,2017-07-19,13:22:00,13.88,13.89,13.88,13.88,1400
FLY,2017-07-19,13:37:00,13.90,13.90,13.90,13.90,400
FLY,2017-07-19,13:40:00,13.91,13.91,13.90,13.90,1100
FLY,2017-07-19,13:42:00,13.90,13.90,13.90,13.90,100
FLY,2017-07-19,13:43:00,13.90,13.90,13.90,13.90,100
FLY,2017-07-19,13:45:00,13.90,13.90,13.90,13.90,400
FLY,2017-07-19,13:47:00,13.90,13.90,13.90,13.90,400
FLY,2017-07-19,13:48:00,13.90,13.90,13.89,13.89,300
FLY,2017-07-19,13:50:00,13.89,13.89,13.89,13.89,100
FLY,2017-07-19,13:51:00,13.89,13.89,13.89,13.89,100
FLY,2017-07-19,13:59:00,13.90,13.90,13.90,13.90,1200
FLY,2017-07-19,14:01:00,13.90,13.90,13.90,13.90,100
FLY,2017-07-19,14:09:00,13.90,13.90,13.90,13.90,100
FLY,2017-07-19,14:10:00,13.90,13.90,13.89,13.89,1992
FLY,2017-07-19,14:11:00,13.89,13.89,13.89,13.89,100
FLY,2017-07-19,14:12:00,13.89,13.89,13.89,13.89,100
FLY,2017-07-19,14:26:00,13.89,13.89,13.89,13.89,100
FLY,2017-07-19,14:28:00,13.89,13.89,13.89,13.89,1500
FLY,2017-07-19,14:29:00,13.87,13.87,13.87,13.87,100
FLY,2017-07-19,14:31:00,13.88,13.88,13.88,13.88,300
FLY,2017-07-19,14:46:00,13.89,13.89,13.89,13.89,845
FLY,2017-07-19,14:50:00,13.90,13.91,13.90,13.91,2717
FLY,2017-07-19,14:51:00,13.91,13.91,13.91,13.91,300
FLY,2017-07-19,14:53:00,13.91,13.91,13.91,13.91,1500
FLY,2017-07-19,14:54:00,13.91,13.91,13.86,13.86,1214
FLY,2017-07-19,14:59:00,13.89,13.89,13.89,13.89,400
FLY,2017-07-19,15:05:00,13.90,13.90,13.89,13.89,1338
FLY,2017-07-19,15:06:00,13.89,13.89,13.89,13.89,100
FLY,2017-07-19,15:07:00,13.89,13.89,13.89,13.89,100
FLY,2017-07-19,15:14:00,13.89,13.89,13.89,13.89,100
FLY,2017-07-19,15:15:00,13.90,13.90,13.90,13.90,200
FLY,2017-07-19,15:16:00,13.91,13.91,13.90,13.90,1400
FLY,2017-07-19,15:20:00,13.90,13.90,13.90,13.90,600
FLY,2017-07-19,15:28:00,13.91,13.91,13.91,13.91,100
FLY,2017-07-19,15:29:00,13.91,13.91,13.91,13.91,400
FLY,2017-07-19,15:31:00,13.91,13.91,13.91,13.91,100
FLY,2017-07-19,15:36:00,13.91,13.91,13.90,13.90,2193
FLY,2017-07-19,15:37:00,13.90,13.90,13.90,13.90,500
FLY,2017-07-19,15:38:00,13.90,13.90,13.90,13.90,600
FLY,2017-07-19,15:40:00,13.90,13.90,13.90,13.90,100
FLY,2017-07-19,15:45:00,13.90,13.91,13.90,13.91,1400
FLY,2017-07-19,15:46:00,13.91,13.91,13.91,13.91,200
FLY,2017-07-19,15:48:00,13.90,13.90,13.90,13.90,100
FLY,2017-07-19,15:50:00,13.89,13.90,13.89,13.90,800
FLY,2017-07-19,15:51:00,13.90,13.90,13.90,13.90,100
FLY,2017-07-19,15:52:00,13.90,13.90,13.90,13.90,100
FLY,2017-07-19,15:53:00,13.90,13.90,13.90,13.90,100
FLY,2017-07-19,15:54:00,13.90,13.90,13.90,13.90,100
FLY,2017-07-19,15:56:00,13.90,13.90,13.89,13.89,1400
FLY,2017-07-19,15:57:00,13.90,13.93,13.90,13.93,2534
FLY,2017-07-19,15:58:00,13.91,13.91,13.91,13.91,200
FLY,2017-07-19,15:59:00,13.92,13.92,13.91,13.91,1699
FLY,2017-07-19,16:00:00,13.89,13.90,13.89,13.90,400
FLY,2017-07-20,09:31:00,13.88,13.88,13.88,13.88,563
FLY,2017-07-20,09:33:00,13.90,13.90,13.90,13.90,600
FLY,2017-07-20,09:37:00,13.90,13.90,13.90,13.90,300
FLY,2017-07-20,09:38:00,13.90,13.90,13.90,13.90,300
FLY,2017-07-20,09:40:00,13.90,13.90,13.90,13.90,500
FLY,2017-07-20,09:46:00,13.94,13.94,13.94,13.94,893
FLY,2017-07-20,09:48:00,13.94,13.94,13.94,13.94,100
FLY,2017-07-20,09:51:00,13.98,13.98,13.98,13.98,700
FLY,2017-07-20,09:52:00,13.98,13.98,13.98,13.98,400
FLY,2017-07-20,09:53:00,13.96,13.96,13.91,13.93,1100
FLY,2017-07-20,10:03:00,13.99,14.00,13.99,14.00,550
FLY,2017-07-20,10:04:00,14.01,14.01,14.01,14.01,100
FLY,2017-07-20,10:05:00,14.01,14.01,14.01,14.01,200
FLY,2017-07-20,10:20:00,14.00,14.00,13.99,13.99,1900
FLY,2017-07-20,10:21:00,14.01,14.01,14.00,14.01,1700
FLY,2017-07-20,10:22:00,14.01,14.01,14.01,14.01,100
FLY,2017-07-20,10:23:00,14.00,14.01,14.00,14.01,1400
FLY,2017-07-20,10:24:00,14.01,14.01,14.00,14.00,1600
FLY,2017-07-20,10:25:00,14.00,14.00,14.00,14.00,200
FLY,2017-07-20,10:26:00,14.00,14.00,14.00,14.00,100
FLY,2017-07-20,10:27:00,14.00,14.00,14.00,14.00,200
FLY,2017-07-20,10:28:00,14.00,14.00,14.00,14.00,496
FLY,2017-07-20,10:29:00,14.00,14.00,14.00,14.00,100
FLY,2017-07-20,10:30:00,14.00,14.00,14.00,14.00,100
FLY,2017-07-20,10:31:00,14.00,14.00,14.00,14.00,200
FLY,2017-07-20,10:32:00,13.99,13.99,13.99,13.99,300
FLY,2017-07-20,10:33:00,13.99,13.99,13.99,13.99,100
FLY,2017-07-20,10:36:00,13.99,13.99,13.99,13.99,500
FLY,2017-07-20,10:38:00,13.99,13.99,13.98,13.98,300
FLY,2017-07-20,10:39:00,13.98,13.98,13.97,13.97,300
FLY,2017-07-20,10:40:00,13.98,13.98,13.98,13.98,200
FLY,2017-07-20,10:41:00,13.98,13.98,13.96,13.96,600
FLY,2017-07-20,10:49:00,13.99,13.99,13.99,13.99,178
FLY,2017-07-20,10:51:00,14.00,14.00,14.00,14.00,1009
FLY,2017-07-20,10:52:00,14.00,14.00,14.00,14.00,400
FLY,2017-07-20,10:53:00,14.00,14.00,14.00,14.00,200
FLY,2017-07-20,10:54:00,14.00,14.00,14.00,14.00,100
FLY,2017-07-20,10:55:00,14.00,14.00,14.00,14.00,400
FLY,2017-07-20,10:56:00,14.00,14.00,14.00,14.00,200
FLY,2017-07-20,10:57:00,14.00,14.00,14.00,14.00,200
FLY,2017-07-20,10:58:00,14.00,14.00,14.00,14.00,100
FLY,2017-07-20,10:59:00,14.00,14.00,14.00,14.00,100
FLY,2017-07-20,11:00:00,14.00,14.00,14.00,14.00,100
FLY,2017-07-20,11:01:00,13.99,13.99,13.97,13.97,600
FLY,2017-07-20,11:02:00,13.97,13.97,13.97,13.97,100
FLY,2017-07-20,11:05:00,13.97,13.97,13.94,13.94,900
FLY,2017-07-20,11:07:00,13.94,13.94,13.92,13.92,400
FLY,2017-07-20,11:08:00,13.92,13.92,13.91,13.91,700
FLY,2017-07-20,11:09:00,13.91,13.91,13.91,13.91,200
FLY,2017-07-20,11:11:00,13.91,13.91,13.91,13.91,100
FLY,2017-07-20,11:12:00,13.91,13.91,13.91,13.91,100
FLY,2017-07-20,11:14:00,13.92,13.92,13.92,13.92,300
FLY,2017-07-20,11:15:00,13.92,13.92,13.91,13.91,300
FLY,2017-07-20,11:16:00,13.91,13.91,13.91,13.91,100
FLY,2017-07-20,11:17:00,13.91,13.91,13.91,13.91,100
FLY,2017-07-20,11:18:00,13.91,13.91,13.91,13.91,100
FLY,2017-07-20,11:19:00,13.91,13.91,13.91,13.91,200
FLY,2017-07-20,11:21:00,13.91,13.91,13.91,13.91,200
FLY,2017-07-20,11:23:00,13.92,13.92,13.92,13.92,500
FLY,2017-07-20,11:26:00,13.92,13.92,13.92,13.92,591
FLY,2017-07-20,11:27:00,13.92,13.92,13.90,13.90,650
FLY,2017-07-20,11:36:00,13.92,13.92,13.92,13.92,200
FLY,2017-07-20,11:37:00,13.95,13.95,13.95,13.95,1300
FLY,2017-07-20,11:38:00,13.95,13.95,13.95,13.95,400
FLY,2017-07-20,11:39:00,13.96,13.96,13.96,13.96,200
FLY,2017-07-20,11:40:00,13.97,13.99,13.97,13.99,1600
FLY,2017-07-20,11:41:00,13.99,14.00,13.99,14.00,9200
FLY,2017-07-20,11:42:00,14.00,14.00,13.99,13.99,700
FLY,2017-07-20,11:44:00,14.00,14.00,13.99,13.99,1100
FLY,2017-07-20,11:45:00,14.00,14.00,14.00,14.00,1472
FLY,2017-07-20,11:46:00,14.00,14.00,13.99,14.00,1300
FLY,2017-07-20,11:47:00,14.00,14.01,14.00,14.01,4000
FLY,2017-07-20,11:48:00,14.02,14.03,14.00,14.03,1554
FLY,2017-07-20,11:50:00,14.02,14.05,14.02,14.04,2638
FLY,2017-07-20,11:51:00,14.05,14.05,14.05,14.05,1000
FLY,2017-07-20,11:52:00,14.05,14.05,14.05,14.05,100
FLY,2017-07-20,11:53:00,14.05,14.05,14.04,14.05,814
FLY,2017-07-20,11:54:00,14.05,14.05,14.04,14.05,1116
FLY,2017-07-20,11:55:00,14.05,14.05,14.05,14.05,260
FLY,2017-07-20,11:56:00,14.05,14.05,14.05,14.05,224
FLY,2017-07-20,11:57:00,14.05,14.10,14.05,14.08,10533
FLY,2017-07-20,11:58:00,14.12,14.15,14.10,14.15,2700
FLY,2017-07-20,11:59:00,14.13,14.13,14.13,14.13,300
FLY,2017-07-20,12:00:00,14.12,14.12,14.12,14.12,1875
FLY,2017-07-20,12:07:00,14.15,14.15,14.15,14.15,100
FLY,2017-07-20,12:08:00,14.12,14.12,14.12,14.12,6600
FLY,2017-07-20,12:09:00,14.15,14.15,14.10,14.11,5200
FLY,2017-07-20,12:11:00,14.10,14.11,14.10,14.11,274
FLY,2017-07-20,12:12:00,14.10,14.10,14.10,14.10,1900
FLY,2017-07-20,12:13:00,14.11,14.11,14.10,14.10,2500
FLY,2017-07-20,12:17:00,14.12,14.13,14.12,14.13,200
FLY,2017-07-20,12:18:00,14.12,14.12,14.12,14.12,100
FLY,2017-07-20,12:24:00,14.12,14.12,14.10,14.11,2600
FLY,2017-07-20,12:26:00,14.11,14.11,14.11,14.11,135
FLY,2017-07-20,12:29:00,14.13,14.15,14.13,14.15,439
FLY,2017-07-20,12:30:00,14.14,14.15,14.14,14.15,300
FLY,2017-07-20,12:32:00,14.15,14.15,14.15,14.15,200
FLY,2017-07-20,12:33:00,14.15,14.15,14.15,14.15,191
FLY,2017-07-20,12:34:00,14.14,14.15,14.14,14.15,200
FLY,2017-07-20,12:35:00,14.14,14.14,14.14,14.14,400
FLY,2017-07-20,12:38:00,14.15,14.15,14.15,14.15,2250
FLY,2017-07-20,12:39:00,14.14,14.14,14.12,14.12,1581
FLY,2017-07-20,12:40:00,14.12,14.12,14.09,14.12,600
FLY,2017-07-20,12:41:00,14.10,14.10,14.10,14.10,1400
FLY,2017-07-20,12:47:00,14.10,14.11,14.10,14.11,500
FLY,2017-07-20,12:48:00,14.10,14.10,14.10,14.10,200
FLY,2017-07-20,12:50:00,14.10,14.11,14.10,14.11,700
FLY,2017-07-20,12:54:00,14.13,14.14,14.13,14.14,200
FLY,2017-07-20,12:58:00,14.14,14.14,14.14,14.14,100
FLY,2017-07-20,12:59:00,14.13,14.13,14.13,14.13,200
FLY,2017-07-20,13:01:00,14.14,14.14,14.14,14.14,200
FLY,2017-07-20,13:07:00,14.14,14.14,14.13,14.13,200
FLY,2017-07-20,13:09:00,14.14,14.15,14.14,14.14,1200
FLY,2017-07-20,13:10:00,14.14,14.14,14.14,14.14,100
FLY,2017-07-20,13:12:00,14.15,14.15,14.14,14.15,7734
FLY,2017-07-20,13:13:00,14.17,14.17,14.16,14.16,800
FLY,2017-07-20,13:17:00,14.17,14.17,14.17,14.17,100
FLY,2017-07-20,13:18:00,14.17,14.20,14.17,14.19,2800
FLY,2017-07-20,13:20:00,14.20,14.20,14.19,14.19,2400
FLY,2017-07-20,13:21:00,14.20,14.20,14.20,14.20,100
FLY,2017-07-20,13:22:00,14.20,14.20,14.18,14.18,1500
FLY,2017-07-20,13:24:00,14.19,14.19,14.19,14.19,300
FLY,2017-07-20,13:25:00,14.20,14.20,14.20,14.20,2300
FLY,2017-07-20,13:29:00,14.21,14.23,14.21,14.23,600
FLY,2017-07-20,13:30:00,14.21,14.21,14.21,14.21,600
FLY,2017-07-20,13:31:00,14.22,14.22,14.22,14.22,500
FLY,2017-07-20,13:34:00,14.23,14.23,14.23,14.23,100
FLY,2017-07-20,13:35:00,14.24,14.24,14.24,14.24,100
FLY,2017-07-20,13:38:00,14.23,14.23,14.17,14.20,5100
FLY,2017-07-20,13:41:00,14.20,14.20,14.20,14.20,400
FLY,2017-07-20,13:43:00,14.20,14.20,14.18,14.20,1700
FLY,2017-07-20,13:45:00,14.20,14.20,14.20,14.20,300
FLY,2017-07-20,13:46:00,14.20,14.20,14.20,14.20,200
FLY,2017-07-20,13:47:00,14.20,14.20,14.20,14.20,500
FLY,2017-07-20,13:49:00,14.20,14.20,14.20,14.20,400
FLY,2017-07-20,13:52:00,14.20,14.20,14.20,14.20,200
FLY,2017-07-20,13:53:00,14.20,14.20,14.19,14.20,1000
FLY,2017-07-20,13:54:00,14.20,14.20,14.20,14.20,900
FLY,2017-07-20,13:55:00,14.20,14.20,14.20,14.20,1573
FLY,2017-07-20,13:58:00,14.20,14.20,14.20,14.20,300
FLY,2017-07-20,14:01:00,14.20,14.20,14.16,14.16,3400
FLY,2017-07-20,14:02:00,14.13,14.13,14.13,14.13,500
FLY,2017-07-20,14:08:00,14.16,14.16,14.16,14.16,700
FLY,2017-07-20,14:11:00,14.15,14.15,14.15,14.15,100
FLY,2017-07-20,14:19:00,14.16,14.16,14.16,14.16,900
FLY,2017-07-20,14:20:00,14.15,14.16,14.15,14.15,4548
FLY,2017-07-20,14:21:00,14.15,14.15,14.15,14.15,2500
FLY,2017-07-20,14:22:00,14.16,14.16,14.15,14.15,700
FLY,2017-07-20,14:23:00,14.15,14.15,14.15,14.15,600
FLY,2017-07-20,14:25:00,14.15,14.15,14.15,14.15,100
FLY,2017-07-20,14:27:00,14.15,14.15,14.15,14.15,200
FLY,2017-07-20,14:30:00,14.14,14.14,14.14,14.14,600
FLY,2017-07-20,14:32:00,14.14,14.14,14.14,14.14,300
FLY,2017-07-20,14:33:00,14.15,14.15,14.15,14.15,200
FLY,2017-07-20,14:35:00,14.15,14.15,14.15,14.15,400
FLY,2017-07-20,14:36:00,14.15,14.15,14.15,14.15,600
FLY,2017-07-20,14:38:00,14.15,14.15,14.15,14.15,100
FLY,2017-07-20,14:39:00,14.15,14.15,14.15,14.15,200
FLY,2017-07-20,14:47:00,14.16,14.16,14.16,14.16,2800
FLY,2017-07-20,14:49:00,14.16,14.16,14.15,14.16,950
FLY,2017-07-20,14:52:00,14.16,14.16,14.16,14.16,300
FLY,2017-07-20,15:06:00,14.16,14.16,14.16,14.16,518
FLY,2017-07-20,15:07:00,14.16,14.16,14.16,14.16,782
FLY,2017-07-20,15:13:00,14.16,14.17,14.16,14.17,3400
FLY,2017-07-20,15:14:00,14.17,14.24,14.17,14.24,550
FLY,2017-07-20,15:15:00,14.21,14.21,14.21,14.21,550
FLY,2017-07-20,15:16:00,14.20,14.21,14.20,14.21,200
FLY,2017-07-20,15:18:00,14.22,14.22,14.22,14.22,100
FLY,2017-07-20,15:19:00,14.22,14.22,14.22,14.22,470
FLY,2017-07-20,15:20:00,14.22,14.22,14.22,14.22,100
FLY,2017-07-20,15:21:00,14.21,14.22,14.21,14.22,500
FLY,2017-07-20,15:22:00,14.22,14.22,14.22,14.22,100
FLY,2017-07-20,15:23:00,14.22,14.22,14.21,14.21,700
FLY,2017-07-20,15:24:00,14.22,14.22,14.22,14.22,100
FLY,2017-07-20,15:25:00,14.22,14.22,14.22,14.22,100
FLY,2017-07-20,15:26:00,14.22,14.22,14.22,14.22,100
FLY,2017-07-20,15:27:00,14.22,14.22,14.22,14.22,100
FLY,2017-07-20,15:28:00,14.22,14.22,14.22,14.22,100
FLY,2017-07-20,15:29:00,14.22,14.22,14.22,14.22,100
FLY,2017-07-20,15:30:00,14.23,14.23,14.23,14.23,100
FLY,2017-07-20,15:31:00,14.23,14.23,14.22,14.22,200
FLY,2017-07-20,15:32:00,14.22,14.23,14.22,14.23,200
FLY,2017-07-20,15:33:00,14.23,14.23,14.22,14.22,300
FLY,2017-07-20,15:34:00,14.23,14.23,14.23,14.23,200
FLY,2017-07-20,15:35:00,14.23,14.23,14.23,14.23,200
FLY,2017-07-20,15:36:00,14.23,14.23,14.23,14.23,200
FLY,2017-07-20,15:37:00,14.22,14.23,14.22,14.22,300
FLY,2017-07-20,15:38:00,14.23,14.23,14.23,14.23,606
FLY,2017-07-20,15:39:00,14.23,14.23,14.21,14.22,1900
FLY,2017-07-20,15:40:00,14.22,14.22,14.22,14.22,200
FLY,2017-07-20,15:41:00,14.22,14.22,14.22,14.22,200
FLY,2017-07-20,15:42:00,14.22,14.22,14.22,14.22,200
FLY,2017-07-20,15:43:00,14.21,14.22,14.21,14.22,1500
FLY,2017-07-20,15:44:00,14.22,14.22,14.21,14.22,1635
FLY,2017-07-20,15:45:00,14.22,14.22,14.21,14.21,1800
FLY,2017-07-20,15:46:00,14.22,14.22,14.22,14.22,200
FLY,2017-07-20,15:47:00,14.23,14.23,14.22,14.22,300
FLY,2017-07-20,15:48:00,14.23,14.23,14.23,14.23,200
FLY,2017-07-20,15:49:00,14.23,14.23,14.23,14.23,300
FLY,2017-07-20,15:50:00,14.23,14.24,14.22,14.23,2800
FLY,2017-07-20,15:51:00,14.23,14.23,14.21,14.21,1400
FLY,2017-07-20,15:52:00,14.22,14.23,14.22,14.23,500
FLY,2017-07-20,15:53:00,14.23,14.23,14.23,14.23,300
FLY,2017-07-20,15:54:00,14.23,14.23,14.22,14.22,500
FLY,2017-07-20,15:55:00,14.23,14.23,14.22,14.22,1444
FLY,2017-07-20,15:56:00,14.22,14.23,14.21,14.21,3700
FLY,2017-07-20,15:57:00,14.20,14.20,14.20,14.20,1450
FLY,2017-07-20,15:58:00,14.21,14.22,14.21,14.22,500
FLY,2017-07-20,15:59:00,14.24,14.24,14.23,14.24,1000
FLY,2017-07-20,16:00:00,14.24,14.24,14.22,14.23,2671
FLY,2017-07-21,09:31:00,14.21,14.21,14.21,14.21,476
FLY,2017-07-21,09:34:00,14.24,14.24,14.23,14.24,2080
FLY,2017-07-21,09:35:00,14.23,14.23,14.23,14.23,100
FLY,2017-07-21,09:39:00,14.19,14.19,14.18,14.18,300
FLY,2017-07-21,09:40:00,14.18,14.18,14.18,14.18,200
FLY,2017-07-21,09:42:00,14.05,14.05,14.05,14.05,100
FLY,2017-07-21,09:45:00,14.20,14.20,14.20,14.20,100
FLY,2017-07-21,09:46:00,14.04,14.04,14.04,14.04,100
FLY,2017-07-21,09:49:00,14.21,14.21,14.21,14.21,100
FLY,2017-07-21,09:54:00,14.19,14.19,14.19,14.19,100
FLY,2017-07-21,09:56:00,14.19,14.19,14.19,14.19,100
FLY,2017-07-21,09:58:00,14.06,14.13,14.06,14.09,3200
FLY,2017-07-21,09:59:00,14.10,14.10,14.10,14.10,400
FLY,2017-07-21,10:00:00,14.01,14.01,14.01,14.01,100
FLY,2017-07-21,10:03:00,14.01,14.01,14.01,14.01,100
FLY,2017-07-21,10:05:00,14.02,14.02,14.02,14.02,110
FLY,2017-07-21,10:08:00,14.01,14.02,14.01,14.02,200
FLY,2017-07-21,10:10:00,14.02,14.02,14.00,14.02,1405
FLY,2017-07-21,10:11:00,14.02,14.02,14.01,14.01,400
FLY,2017-07-21,10:12:00,14.01,14.01,13.98,14.01,2311
FLY,2017-07-21,10:13:00,14.01,14.03,14.01,14.03,300
FLY,2017-07-21,10:18:00,14.01,14.01,14.01,14.01,122
FLY,2017-07-21,10:21:00,14.00,14.00,14.00,14.00,2300
FLY,2017-07-21,10:22:00,14.01,14.01,14.01,14.01,100
FLY,2017-07-21,10:24:00,14.01,14.01,14.01,14.01,121
FLY,2017-07-21,10:25:00,14.03,14.03,14.03,14.03,100
FLY,2017-07-21,10:27:00,14.01,14.02,14.01,14.02,500
FLY,2017-07-21,10:30:00,14.02,14.02,14.02,14.02,100
FLY,2017-07-21,10:33:00,14.01,14.01,14.01,14.01,323
FLY,2017-07-21,10:36:00,14.01,14.01,14.01,14.01,100
FLY,2017-07-21,10:37:00,14.01,14.01,14.01,14.01,100
FLY,2017-07-21,10:39:00,14.01,14.01,14.01,14.01,114
FLY,2017-07-21,10:41:00,14.00,14.00,14.00,14.00,100
FLY,2017-07-21,10:43:00,14.01,14.01,14.01,14.01,100
FLY,2017-07-21,10:44:00,14.01,14.01,14.01,14.01,100
FLY,2017-07-21,10:46:00,14.00,14.00,14.00,14.00,105
FLY,2017-07-21,10:47:00,14.03,14.03,14.02,14.03,600
FLY,2017-07-21,10:48:00,14.03,14.03,14.02,14.02,600
FLY,2017-07-21,10:49:00,14.01,14.01,14.01,14.01,200
FLY,2017-07-21,10:53:00,14.00,14.01,14.00,14.00,5349
FLY,2017-07-21,10:54:00,14.00,14.01,14.00,14.00,600
FLY,2017-07-21,10:56:00,14.00,14.01,14.00,14.01,200
FLY,2017-07-21,10:58:00,14.01,14.01,14.01,14.01,100
FLY,2017-07-21,10:59:00,14.00,14.01,14.00,14.01,200
FLY,2017-07-21,11:00:00,14.01,14.01,14.01,14.01,500
FLY,2017-07-21,11:01:00,14.03,14.03,14.03,14.03,100
FLY,2017-07-21,11:02:00,14.02,14.02,14.02,14.02,100
FLY,2017-07-21,11:03:00,14.02,14.02,14.02,14.02,100
FLY,2017-07-21,11:04:00,14.02,14.02,14.02,14.02,100
FLY,2017-07-21,11:06:00,14.02,14.02,14.01,14.01,200
FLY,2017-07-21,11:07:00,14.02,14.03,14.02,14.03,1600
FLY,2017-07-21,11:08:00,14.04,14.04,14.04,14.04,606
FLY,2017-07-21,11:09:00,14.06,14.06,14.06,14.06,200
FLY,2017-07-21,11:13:00,14.09,14.09,14.09,14.09,100
FLY,2017-07-21,11:17:00,14.07,14.07,14.07,14.07,116
FLY,2017-07-21,11:20:00,14.07,14.07,14.07,14.07,121
FLY,2017-07-21,11:24:00,14.08,14.09,14.08,14.09,700
FLY,2017-07-21,11:25:00,14.10,14.10,14.10,14.10,200
FLY,2017-07-21,11:27:00,14.09,14.09,14.09,14.09,400
FLY,2017-07-21,11:30:00,14.08,14.09,14.08,14.09,300
FLY,2017-07-21,11:32:00,14.08,14.08,14.08,14.08,100
FLY,2017-07-21,11:33:00,14.07,14.08,14.07,14.07,2928
FLY,2017-07-21,11:35:00,14.06,14.06,14.06,14.06,100
FLY,2017-07-21,11:40:00,14.06,14.06,14.05,14.06,2600
FLY,2017-07-21,11:43:00,14.04,14.04,14.04,14.04,100
FLY,2017-07-21,11:45:00,14.04,14.04,14.04,14.04,107
FLY,2017-07-21,11:48:00,14.04,14.04,14.04,14.04,106
FLY,2017-07-21,11:49:00,14.04,14.04,14.04,14.04,100
FLY,2017-07-21,11:50:00,14.03,14.03,14.03,14.03,104
FLY,2017-07-21,11:53:00,14.03,14.03,14.03,14.03,118
FLY,2017-07-21,11:56:00,14.03,14.03,14.03,14.03,219
FLY,2017-07-21,11:59:00,14.05,14.05,14.04,14.04,200
FLY,2017-07-21,12:01:00,14.05,14.05,14.05,14.05,600
FLY,2017-07-21,12:04:00,14.05,14.05,14.05,14.05,208
FLY,2017-07-21,12:07:00,14.05,14.07,14.05,14.07,1001
FLY,2017-07-21,12:09:00,14.08,14.09,14.08,14.09,294
FLY,2017-07-21,12:12:00,14.09,14.09,14.08,14.08,200
FLY,2017-07-21,12:13:00,14.08,14.08,14.08,14.08,200
FLY,2017-07-21,12:17:00,14.05,14.05,14.05,14.05,109
FLY,2017-07-21,12:20:00,14.05,14.05,14.05,14.05,113
FLY,2017-07-21,12:21:00,14.06,14.06,14.06,14.06,100
FLY,2017-07-21,12:23:00,14.06,14.06,14.06,14.06,400
FLY,2017-07-21,12:27:00,14.07,14.07,14.07,14.07,100
FLY,2017-07-21,12:29:00,14.06,14.06,14.06,14.06,114
FLY,2017-07-21,12:32:00,14.05,14.05,14.05,14.05,108
FLY,2017-07-21,12:35:00,14.02,14.02,14.02,14.02,100
FLY,2017-07-21,12:37:00,14.04,14.04,14.04,14.04,400
FLY,2017-07-21,12:40:00,14.05,14.06,14.05,14.06,400
FLY,2017-07-21,12:41:00,14.06,14.06,14.06,14.06,200
FLY,2017-07-21,12:47:00,14.05,14.07,14.05,14.07,400
FLY,2017-07-21,12:53:00,14.06,14.06,14.06,14.06,100
FLY,2017-07-21,12:56:00,14.04,14.04,14.04,14.04,300
FLY,2017-07-21,12:59:00,14.03,14.03,14.03,14.03,100
FLY,2017-07-21,13:00:00,14.04,14.04,14.04,14.04,300
FLY,2017-07-21,13:01:00,14.05,14.05,14.05,14.05,100
FLY,2017-07-21,13:06:00,14.05,14.05,14.04,14.04,200
FLY,2017-07-21,13:11:00,14.05,14.05,14.05,14.05,116
FLY,2017-07-21,13:14:00,14.04,14.04,14.04,14.04,203
FLY,2017-07-21,13:19:00,14.04,14.04,14.04,14.04,400
FLY,2017-07-21,13:22:00,14.03,14.03,14.02,14.02,405
FLY,2017-07-21,13:23:00,14.03,14.03,14.03,14.03,200
FLY,2017-07-21,13:25:00,14.02,14.02,14.02,14.02,106
FLY,2017-07-21,13:28:00,14.02,14.02,14.02,14.02,100
FLY,2017-07-21,13:31:00,14.02,14.02,14.02,14.02,101
FLY,2017-07-21,13:39:00,14.03,14.04,14.03,14.04,600
FLY,2017-07-21,13:46:00,14.04,14.04,14.02,14.02,1600
FLY,2017-07-21,13:49:00,14.01,14.01,14.01,14.01,100
FLY,2017-07-21,13:52:00,14.00,14.01,14.00,14.01,1327
FLY,2017-07-21,13:55:00,14.01,14.01,14.01,14.01,200
FLY,2017-07-21,13:57:00,14.02,14.02,14.02,14.02,246
FLY,2017-07-21,13:58:00,14.02,14.02,14.02,14.02,100
FLY,2017-07-21,14:01:00,14.01,14.01,14.01,14.01,2100
FLY,2017-07-21,14:02:00,14.02,14.02,14.02,14.02,300
FLY,2017-07-21,14:03:00,14.02,14.02,14.01,14.01,400
FLY,2017-07-21,14:04:00,14.01,14.01,14.01,14.01,121
FLY,2017-07-21,14:06:00,14.02,14.02,14.02,14.02,200
FLY,2017-07-21,14:09:00,14.01,14.01,14.01,14.01,102
FLY,2017-07-21,14:11:00,14.01,14.01,14.01,14.01,100
FLY,2017-07-21,14:13:00,14.02,14.02,13.99,14.00,4000
FLY,2017-07-21,14:14:00,14.00,14.00,13.99,14.00,5786
FLY,2017-07-21,14:19:00,14.00,14.00,14.00,14.00,100
FLY,2017-07-21,14:20:00,14.00,14.00,14.00,14.00,100
FLY,2017-07-21,14:21:00,14.00,14.01,14.00,14.01,500
FLY,2017-07-21,14:22:00,14.01,14.01,14.01,14.01,600
FLY,2017-07-21,14:27:00,14.00,14.00,14.00,14.00,100
FLY,2017-07-21,14:28:00,14.00,14.00,14.00,14.00,200
FLY,2017-07-21,14:29:00,14.00,14.00,14.00,14.00,100
FLY,2017-07-21,14:30:00,14.00,14.00,14.00,14.00,100
FLY,2017-07-21,14:31:00,14.00,14.00,14.00,14.00,200
FLY,2017-07-21,14:32:00,14.00,14.00,14.00,14.00,317
FLY,2017-07-21,14:33:00,14.00,14.00,14.00,14.00,100
FLY,2017-07-21,14:34:00,14.00,14.00,14.00,14.00,212
FLY,2017-07-21,14:35:00,14.00,14.00,14.00,14.00,100
FLY,2017-07-21,14:36:00,14.00,14.00,14.00,14.00,1309
FLY,2017-07-21,14:37:00,14.00,14.00,14.00,14.00,1300
FLY,2017-07-21,14:38:00,14.00,14.00,14.00,14.00,2600
FLY,2017-07-21,14:39:00,14.00,14.00,13.94,13.97,11157
FLY,2017-07-21,14:40:00,13.97,14.01,13.97,14.00,5489
FLY,2017-07-21,14:42:00,14.00,14.00,13.99,13.99,1000
FLY,2017-07-21,14:46:00,13.99,13.99,13.99,13.99,500
FLY,2017-07-21,14:47:00,13.99,13.99,13.98,13.98,500
FLY,2017-07-21,14:48:00,13.98,13.98,13.98,13.98,100
FLY,2017-07-21,14:50:00,13.98,13.98,13.98,13.98,787
FLY,2017-07-21,14:51:00,13.98,13.98,13.97,13.97,200
FLY,2017-07-21,14:52:00,13.97,13.97,13.96,13.96,700
FLY,2017-07-21,14:54:00,13.96,13.96,13.96,13.96,122
FLY,2017-07-21,14:56:00,13.96,13.96,13.95,13.96,1000
FLY,2017-07-21,15:00:00,13.96,13.96,13.96,13.96,110
FLY,2017-07-21,15:01:00,13.96,13.97,13.96,13.97,500
FLY,2017-07-21,15:02:00,13.96,13.96,13.96,13.96,119
FLY,2017-07-21,15:03:00,13.96,13.96,13.96,13.96,100
FLY,2017-07-21,15:04:00,13.96,13.96,13.96,13.96,200
FLY,2017-07-21,15:05:00,13.97,13.98,13.97,13.98,2382
FLY,2017-07-21,15:06:00,13.98,13.98,13.98,13.98,900
FLY,2017-07-21,15:07:00,13.98,13.98,13.98,13.98,500
FLY,2017-07-21,15:09:00,13.98,13.98,13.97,13.97,800
FLY,2017-07-21,15:10:00,13.97,13.97,13.97,13.97,100
FLY,2017-07-21,15:11:00,13.97,13.97,13.97,13.97,200
FLY,2017-07-21,15:12:00,13.97,13.97,13.97,13.97,200
FLY,2017-07-21,15:13:00,13.97,13.97,13.97,13.97,200
FLY,2017-07-21,15:14:00,13.97,13.97,13.97,13.97,100
FLY,2017-07-21,15:15:00,13.97,13.97,13.97,13.97,406
FLY,2017-07-21,15:16:00,13.97,13.97,13.97,13.97,100
FLY,2017-07-21,15:17:00,13.97,13.97,13.97,13.97,200
FLY,2017-07-21,15:19:00,13.97,13.97,13.97,13.97,200
FLY,2017-07-21,15:20:00,13.97,13.97,13.97,13.97,100
FLY,2017-07-21,15:21:00,13.97,13.97,13.97,13.97,507
FLY,2017-07-21,15:22:00,13.97,13.97,13.97,13.97,1500
FLY,2017-07-21,15:23:00,13.97,13.97,13.97,13.97,600
FLY,2017-07-21,15:24:00,13.97,13.97,13.97,13.97,200
FLY,2017-07-21,15:25:00,13.97,13.97,13.97,13.97,1200
FLY,2017-07-21,15:26:00,13.98,13.98,13.98,13.98,999
FLY,2017-07-21,15:29:00,13.99,13.99,13.98,13.98,500
FLY,2017-07-21,15:30:00,13.98,13.99,13.98,13.99,5700
FLY,2017-07-21,15:31:00,13.99,14.00,13.99,14.00,1000
FLY,2017-07-21,15:32:00,14.00,14.00,14.00,14.00,400
FLY,2017-07-21,15:33:00,14.00,14.00,13.99,13.99,200
FLY,2017-07-21,15:34:00,13.99,13.99,13.99,13.99,342
FLY,2017-07-21,15:35:00,13.99,13.99,13.99,13.99,100
FLY,2017-07-21,15:36:00,13.99,13.99,13.99,13.99,524
FLY,2017-07-21,15:37:00,13.99,14.00,13.99,14.00,1024
FLY,2017-07-21,15:38:00,13.99,13.99,13.99,13.99,320
FLY,2017-07-21,15:39:00,13.99,13.99,13.99,13.99,100
FLY,2017-07-21,15:40:00,13.99,13.99,13.99,13.99,812
FLY,2017-07-21,15:41:00,13.99,13.99,13.99,13.99,307
FLY,2017-07-21,15:42:00,13.99,13.99,13.99,13.99,208
FLY,2017-07-21,15:43:00,13.99,13.99,13.99,13.99,207
FLY,2017-07-21,15:44:00,13.99,13.99,13.99,13.99,209
FLY,2017-07-21,15:45:00,13.99,13.99,13.99,13.99,409
FLY,2017-07-21,15:46:00,13.99,13.99,13.99,13.99,309
FLY,2017-07-21,15:47:00,13.99,13.99,13.99,13.99,309
FLY,2017-07-21,15:48:00,13.99,14.01,13.99,14.01,5874
FLY,2017-07-21,15:50:00,14.01,14.01,14.01,14.01,1116
FLY,2017-07-21,15:51:00,14.00,14.00,13.99,14.00,1261
FLY,2017-07-21,15:52:00,13.99,14.00,13.99,13.99,1314
FLY,2017-07-21,15:53:00,13.99,14.00,13.99,13.99,977
FLY,2017-07-21,15:54:00,14.00,14.00,13.99,13.99,1514
FLY,2017-07-21,15:55:00,13.99,14.00,13.99,13.99,963
FLY,2017-07-21,15:56:00,13.99,14.00,13.99,13.99,1064
FLY,2017-07-21,15:57:00,13.99,13.99,13.99,13.99,432
FLY,2017-07-21,15:58:00,13.99,13.99,13.99,13.99,870
FLY,2017-07-21,15:59:00,13.99,14.00,13.99,13.99,1400
FLY,2017-07-21,16:00:00,13.99,14.00,13.98,14.00,5059
