HTLD,2017-07-18,09:30:00,21.73,21.73,21.73,21.73,1935
HTLD,2017-07-18,09:31:00,21.43,21.43,21.43,21.43,450
HTLD,2017-07-18,09:33:00,21.67,21.69,21.64,21.69,900
HTLD,2017-07-18,09:36:00,21.67,21.67,21.67,21.67,100
HTLD,2017-07-18,09:37:00,21.64,21.64,21.61,21.61,400
HTLD,2017-07-18,09:38:00,21.62,21.62,21.60,21.60,1100
HTLD,2017-07-18,09:40:00,21.64,21.66,21.64,21.66,200
HTLD,2017-07-18,09:42:00,21.68,21.68,21.67,21.67,1500
HTLD,2017-07-18,09:43:00,21.68,21.68,21.68,21.68,200
HTLD,2017-07-18,09:49:00,21.65,21.65,21.62,21.62,1200
HTLD,2017-07-18,09:50:00,21.64,21.66,21.64,21.66,300
HTLD,2017-07-18,09:51:00,21.65,21.65,21.64,21.64,200
HTLD,2017-07-18,09:55:00,21.64,21.64,21.64,21.64,180
HTLD,2017-07-18,09:56:00,21.67,21.67,21.67,21.67,986
HTLD,2017-07-18,10:05:00,21.59,21.60,21.59,21.60,400
HTLD,2017-07-18,10:07:00,21.60,21.64,21.60,21.64,300
HTLD,2017-07-18,10:12:00,21.64,21.64,21.64,21.64,200
HTLD,2017-07-18,10:14:00,21.62,21.62,21.62,21.62,300
HTLD,2017-07-18,10:16:00,21.61,21.62,21.61,21.62,200
HTLD,2017-07-18,10:17:00,21.61,21.61,21.60,21.61,300
HTLD,2017-07-18,10:18:00,21.61,21.61,21.61,21.61,200
HTLD,2017-07-18,10:19:00,21.61,21.61,21.61,21.61,200
HTLD,2017-07-18,10:22:00,21.63,21.64,21.63,21.64,400
HTLD,2017-07-18,10:26:00,21.62,21.62,21.62,21.62,700
HTLD,2017-07-18,10:27:00,21.62,21.62,21.62,21.62,200
HTLD,2017-07-18,10:29:00,21.61,21.63,21.61,21.61,3564
HTLD,2017-07-18,10:30:00,21.61,21.61,21.61,21.61,200
HTLD,2017-07-18,10:32:00,21.59,21.59,21.59,21.59,200
HTLD,2017-07-18,10:33:00,21.60,21.61,21.60,21.60,900
HTLD,2017-07-18,10:34:00,21.61,21.61,21.61,21.61,100
HTLD,2017-07-18,10:36:00,21.62,21.62,21.62,21.62,100
HTLD,2017-07-18,10:37:00,21.64,21.66,21.64,21.66,300
HTLD,2017-07-18,10:40:00,21.64,21.66,21.64,21.64,400
HTLD,2017-07-18,10:41:00,21.64,21.64,21.64,21.64,300
HTLD,2017-07-18,10:42:00,21.63,21.63,21.62,21.62,400
HTLD,2017-07-18,10:43:00,21.61,21.61,21.59,21.61,1411
HTLD,2017-07-18,10:45:00,21.63,21.63,21.63,21.63,200
HTLD,2017-07-18,10:46:00,21.63,21.63,21.61,21.62,900
HTLD,2017-07-18,10:51:00,21.61,21.61,21.61,21.61,100
HTLD,2017-07-18,10:53:00,21.62,21.62,21.62,21.62,200
HTLD,2017-07-18,10:58:00,21.66,21.66,21.66,21.66,100
HTLD,2017-07-18,10:59:00,21.64,21.64,21.64,21.64,400
HTLD,2017-07-18,11:02:00,21.62,21.62,21.62,21.62,400
HTLD,2017-07-18,11:05:00,21.62,21.62,21.61,21.61,400
HTLD,2017-07-18,11:07:00,21.64,21.64,21.64,21.64,100
HTLD,2017-07-18,11:12:00,21.63,21.65,21.63,21.63,600
HTLD,2017-07-18,11:18:00,21.62,21.62,21.61,21.61,900
HTLD,2017-07-18,11:19:00,21.63,21.63,21.63,21.63,100
HTLD,2017-07-18,11:20:00,21.62,21.62,21.62,21.62,100
HTLD,2017-07-18,11:21:00,21.62,21.62,21.62,21.62,100
HTLD,2017-07-18,11:24:00,21.64,21.64,21.64,21.64,205
HTLD,2017-07-18,11:26:00,21.63,21.66,21.63,21.66,900
HTLD,2017-07-18,11:27:00,21.65,21.67,21.65,21.65,800
HTLD,2017-07-18,11:28:00,21.67,21.67,21.67,21.67,100
HTLD,2017-07-18,11:33:00,21.67,21.67,21.67,21.67,700
HTLD,2017-07-18,11:34:00,21.68,21.68,21.68,21.68,100
HTLD,2017-07-18,11:35:00,21.66,21.66,21.66,21.66,100
HTLD,2017-07-18,11:36:00,21.68,21.68,21.68,21.68,500
HTLD,2017-07-18,11:38:00,21.66,21.66,21.66,21.66,400
HTLD,2017-07-18,11:40:00,21.65,21.65,21.65,21.65,300
HTLD,2017-07-18,11:41:00,21.63,21.63,21.63,21.63,100
HTLD,2017-07-18,11:42:00,21.66,21.66,21.66,21.66,100
HTLD,2017-07-18,11:45:00,21.63,21.63,21.63,21.63,400
HTLD,2017-07-18,11:46:00,21.61,21.62,21.61,21.62,400
HTLD,2017-07-18,11:47:00,21.62,21.62,21.62,21.62,300
HTLD,2017-07-18,11:48:00,21.61,21.61,21.61,21.61,200
HTLD,2017-07-18,11:50:00,21.61,21.61,21.61,21.61,100
HTLD,2017-07-18,11:51:00,21.62,21.62,21.62,21.62,400
HTLD,2017-07-18,11:52:00,21.63,21.63,21.63,21.63,100
HTLD,2017-07-18,11:56:00,21.61,21.61,21.61,21.61,421
HTLD,2017-07-18,11:57:00,21.63,21.63,21.63,21.63,200
HTLD,2017-07-18,11:59:00,21.64,21.65,21.64,21.65,1181
HTLD,2017-07-18,12:01:00,21.66,21.66,21.66,21.66,100
HTLD,2017-07-18,12:04:00,21.66,21.69,21.66,21.66,1500
HTLD,2017-07-18,12:05:00,21.66,21.66,21.66,21.66,612
HTLD,2017-07-18,12:07:00,21.67,21.67,21.66,21.66,200
HTLD,2017-07-18,12:09:00,21.66,21.67,21.66,21.67,1000
HTLD,2017-07-18,12:14:00,21.65,21.65,21.65,21.65,227
HTLD,2017-07-18,12:16:00,21.64,21.64,21.64,21.64,300
HTLD,2017-07-18,12:17:00,21.62,21.62,21.58,21.58,2800
HTLD,2017-07-18,12:18:00,21.59,21.61,21.59,21.61,400
HTLD,2017-07-18,12:21:00,21.60,21.60,21.60,21.60,400
HTLD,2017-07-18,12:22:00,21.61,21.61,21.61,21.61,200
HTLD,2017-07-18,12:24:00,21.61,21.61,21.59,21.59,210
HTLD,2017-07-18,12:25:00,21.59,21.59,21.59,21.59,200
HTLD,2017-07-18,12:26:00,21.63,21.63,21.61,21.61,200
HTLD,2017-07-18,12:28:00,21.61,21.61,21.61,21.61,200
HTLD,2017-07-18,12:29:00,21.60,21.60,21.60,21.60,400
HTLD,2017-07-18,12:31:00,21.58,21.60,21.58,21.58,600
HTLD,2017-07-18,12:32:00,21.59,21.59,21.58,21.58,200
HTLD,2017-07-18,12:34:00,21.60,21.60,21.60,21.60,100
HTLD,2017-07-18,12:36:00,21.60,21.60,21.60,21.60,100
HTLD,2017-07-18,12:37:00,21.60,21.60,21.60,21.60,100
HTLD,2017-07-18,12:39:00,21.61,21.61,21.61,21.61,100
HTLD,2017-07-18,12:41:00,21.59,21.59,21.59,21.59,100
HTLD,2017-07-18,12:42:00,21.60,21.60,21.59,21.59,500
HTLD,2017-07-18,12:43:00,21.58,21.58,21.58,21.58,100
HTLD,2017-07-18,12:45:00,21.59,21.59,21.59,21.59,100
HTLD,2017-07-18,12:46:00,21.58,21.58,21.58,21.58,100
HTLD,2017-07-18,12:47:00,21.59,21.59,21.59,21.59,100
HTLD,2017-07-18,12:52:00,21.59,21.59,21.58,21.59,700
HTLD,2017-07-18,12:53:00,21.59,21.59,21.59,21.59,400
HTLD,2017-07-18,12:55:00,21.58,21.58,21.55,21.56,1300
HTLD,2017-07-18,12:56:00,21.55,21.55,21.54,21.54,1400
HTLD,2017-07-18,12:57:00,21.53,21.53,21.53,21.53,339
HTLD,2017-07-18,12:58:00,21.52,21.55,21.52,21.55,752
HTLD,2017-07-18,13:00:00,21.53,21.53,21.53,21.53,521
HTLD,2017-07-18,13:02:00,21.52,21.52,21.50,21.50,900
HTLD,2017-07-18,13:04:00,21.51,21.51,21.51,21.51,400
HTLD,2017-07-18,13:06:00,21.51,21.51,21.51,21.51,100
HTLD,2017-07-18,13:07:00,21.51,21.51,21.51,21.51,500
HTLD,2017-07-18,13:11:00,21.52,21.52,21.52,21.52,100
HTLD,2017-07-18,13:18:00,21.52,21.52,21.52,21.52,400
HTLD,2017-07-18,13:19:00,21.52,21.52,21.52,21.52,300
HTLD,2017-07-18,13:20:00,21.52,21.52,21.52,21.52,100
HTLD,2017-07-18,13:21:00,21.51,21.52,21.51,21.52,1260
HTLD,2017-07-18,13:23:00,21.53,21.53,21.53,21.53,200
HTLD,2017-07-18,13:24:00,21.52,21.53,21.52,21.53,200
HTLD,2017-07-18,13:25:00,21.52,21.52,21.52,21.52,400
HTLD,2017-07-18,13:30:00,21.51,21.52,21.51,21.52,700
HTLD,2017-07-18,13:32:00,21.51,21.51,21.51,21.51,200
HTLD,2017-07-18,13:34:00,21.52,21.52,21.52,21.52,100
HTLD,2017-07-18,13:35:00,21.53,21.53,21.53,21.53,200
HTLD,2017-07-18,13:36:00,21.51,21.51,21.51,21.51,304
HTLD,2017-07-18,13:37:00,21.53,21.53,21.53,21.53,394
HTLD,2017-07-18,13:40:00,21.54,21.55,21.53,21.55,1200
HTLD,2017-07-18,13:45:00,21.55,21.55,21.55,21.55,2591
HTLD,2017-07-18,13:47:00,21.55,21.55,21.55,21.55,300
HTLD,2017-07-18,13:48:00,21.56,21.56,21.55,21.55,4200
HTLD,2017-07-18,13:49:00,21.55,21.55,21.55,21.55,300
HTLD,2017-07-18,13:50:00,21.54,21.54,21.54,21.54,100
HTLD,2017-07-18,13:53:00,21.50,21.50,21.50,21.50,100
HTLD,2017-07-18,13:54:00,21.50,21.50,21.50,21.50,100
HTLD,2017-07-18,13:55:00,21.50,21.52,21.49,21.50,2526
HTLD,2017-07-18,13:56:00,21.51,21.52,21.51,21.52,200
HTLD,2017-07-18,13:58:00,21.52,21.53,21.52,21.53,1046
HTLD,2017-07-18,14:04:00,21.55,21.55,21.55,21.55,100
HTLD,2017-07-18,14:05:00,21.53,21.53,21.53,21.53,200
HTLD,2017-07-18,14:08:00,21.54,21.54,21.54,21.54,200
HTLD,2017-07-18,14:10:00,21.55,21.55,21.55,21.55,818
HTLD,2017-07-18,14:12:00,21.56,21.56,21.56,21.56,200
HTLD,2017-07-18,14:13:00,21.54,21.56,21.54,21.56,1570
HTLD,2017-07-18,14:14:00,21.57,21.59,21.57,21.59,600
HTLD,2017-07-18,14:15:00,21.58,21.59,21.58,21.59,300
HTLD,2017-07-18,14:16:00,21.59,21.60,21.59,21.60,200
HTLD,2017-07-18,14:17:00,21.60,21.60,21.58,21.58,1000
HTLD,2017-07-18,14:18:00,21.57,21.57,21.57,21.57,300
HTLD,2017-07-18,14:19:00,21.57,21.57,21.57,21.57,300
HTLD,2017-07-18,14:21:00,21.57,21.57,21.57,21.57,100
HTLD,2017-07-18,14:22:00,21.57,21.57,21.56,21.56,1200
HTLD,2017-07-18,14:23:00,21.55,21.55,21.55,21.55,100
HTLD,2017-07-18,14:24:00,21.55,21.55,21.55,21.55,900
HTLD,2017-07-18,14:25:00,21.55,21.55,21.54,21.55,400
HTLD,2017-07-18,14:26:00,21.54,21.54,21.53,21.53,800
HTLD,2017-07-18,14:27:00,21.53,21.53,21.52,21.52,600
HTLD,2017-07-18,14:29:00,21.53,21.54,21.53,21.53,1600
HTLD,2017-07-18,14:31:00,21.53,21.53,21.53,21.53,300
HTLD,2017-07-18,14:35:00,21.53,21.53,21.53,21.53,709
HTLD,2017-07-18,14:36:00,21.53,21.53,21.53,21.53,500
HTLD,2017-07-18,14:38:00,21.52,21.52,21.52,21.52,1200
HTLD,2017-07-18,14:40:00,21.51,21.51,21.51,21.51,400
HTLD,2017-07-18,14:42:00,21.52,21.55,21.52,21.54,4118
HTLD,2017-07-18,14:43:00,21.55,21.55,21.55,21.55,100
HTLD,2017-07-18,14:45:00,21.54,21.54,21.54,21.54,100
HTLD,2017-07-18,14:48:00,21.54,21.54,21.54,21.54,500
HTLD,2017-07-18,14:49:00,21.55,21.55,21.55,21.55,100
HTLD,2017-07-18,14:50:00,21.55,21.55,21.54,21.54,1100
HTLD,2017-07-18,14:52:00,21.54,21.54,21.54,21.54,1100
HTLD,2017-07-18,14:53:00,21.54,21.54,21.54,21.54,500
HTLD,2017-07-18,14:54:00,21.54,21.54,21.54,21.54,100
HTLD,2017-07-18,14:55:00,21.53,21.53,21.52,21.52,1134
HTLD,2017-07-18,14:56:00,21.51,21.51,21.51,21.51,342
HTLD,2017-07-18,14:58:00,21.51,21.53,21.51,21.53,2300
HTLD,2017-07-18,15:01:00,21.53,21.53,21.53,21.53,200
HTLD,2017-07-18,15:04:00,21.52,21.53,21.52,21.53,300
HTLD,2017-07-18,15:05:00,21.52,21.53,21.52,21.53,200
HTLD,2017-07-18,15:06:00,21.52,21.52,21.52,21.52,300
HTLD,2017-07-18,15:09:00,21.52,21.54,21.52,21.54,1500
HTLD,2017-07-18,15:10:00,21.54,21.54,21.54,21.54,226
HTLD,2017-07-18,15:11:00,21.54,21.54,21.54,21.54,100
HTLD,2017-07-18,15:12:00,21.54,21.54,21.54,21.54,700
HTLD,2017-07-18,15:13:00,21.54,21.54,21.53,21.53,300
HTLD,2017-07-18,15:14:00,21.54,21.54,21.53,21.53,2242
HTLD,2017-07-18,15:15:00,21.52,21.54,21.52,21.54,1300
HTLD,2017-07-18,15:16:00,21.53,21.53,21.53,21.53,900
HTLD,2017-07-18,15:20:00,21.54,21.55,21.54,21.55,3400
HTLD,2017-07-18,15:22:00,21.55,21.56,21.55,21.55,1601
HTLD,2017-07-18,15:23:00,21.55,21.56,21.55,21.56,400
HTLD,2017-07-18,15:25:00,21.55,21.55,21.54,21.54,1100
HTLD,2017-07-18,15:27:00,21.54,21.54,21.54,21.54,300
HTLD,2017-07-18,15:28:00,21.54,21.55,21.54,21.55,800
HTLD,2017-07-18,15:29:00,21.54,21.54,21.54,21.54,700
HTLD,2017-07-18,15:31:00,21.55,21.55,21.52,21.52,1900
HTLD,2017-07-18,15:32:00,21.52,21.53,21.52,21.53,300
HTLD,2017-07-18,15:33:00,21.52,21.53,21.52,21.53,2400
HTLD,2017-07-18,15:34:00,21.54,21.54,21.54,21.54,1412
HTLD,2017-07-18,15:36:00,21.54,21.54,21.54,21.54,100
HTLD,2017-07-18,15:37:00,21.54,21.54,21.54,21.54,100
HTLD,2017-07-18,15:38:00,21.53,21.54,21.53,21.54,400
HTLD,2017-07-18,15:39:00,21.53,21.53,21.53,21.53,200
HTLD,2017-07-18,15:40:00,21.54,21.54,21.54,21.54,100
HTLD,2017-07-18,15:41:00,21.53,21.54,21.53,21.53,800
HTLD,2017-07-18,15:42:00,21.53,21.54,21.53,21.53,2400
HTLD,2017-07-18,15:43:00,21.53,21.53,21.53,21.53,300
HTLD,2017-07-18,15:44:00,21.53,21.54,21.53,21.54,400
HTLD,2017-07-18,15:45:00,21.53,21.54,21.53,21.53,600
HTLD,2017-07-18,15:46:00,21.54,21.54,21.53,21.54,1400
HTLD,2017-07-18,15:47:00,21.53,21.54,21.53,21.54,600
HTLD,2017-07-18,15:48:00,21.53,21.54,21.53,21.54,1400
HTLD,2017-07-18,15:49:00,21.54,21.54,21.53,21.53,2200
HTLD,2017-07-18,15:50:00,21.53,21.54,21.52,21.52,4488
HTLD,2017-07-18,15:51:00,21.53,21.54,21.51,21.54,5073
HTLD,2017-07-18,15:52:00,21.54,21.54,21.54,21.54,700
HTLD,2017-07-18,15:53:00,21.54,21.54,21.53,21.54,800
HTLD,2017-07-18,15:54:00,21.53,21.54,21.53,21.53,1100
HTLD,2017-07-18,15:55:00,21.54,21.54,21.53,21.54,1900
HTLD,2017-07-18,15:56:00,21.53,21.54,21.52,21.52,5573
HTLD,2017-07-18,15:57:00,21.52,21.52,21.52,21.52,2481
HTLD,2017-07-18,15:58:00,21.52,21.52,21.51,21.52,3300
HTLD,2017-07-18,15:59:00,21.52,21.52,21.51,21.52,3521
HTLD,2017-07-18,16:00:00,21.51,21.52,21.51,21.51,35311
HTLD,2017-07-19,09:30:00,21.53,21.53,21.53,21.53,2332
HTLD,2017-07-19,09:37:00,21.67,21.67,21.67,21.67,165
HTLD,2017-07-19,09:39:00,21.59,21.59,21.58,21.58,600
HTLD,2017-07-19,09:40:00,21.52,21.54,21.52,21.52,300
HTLD,2017-07-19,09:46:00,21.48,21.54,21.48,21.48,600
HTLD,2017-07-19,09:48:00,21.45,21.47,21.43,21.44,1800
HTLD,2017-07-19,09:49:00,21.43,21.46,21.42,21.46,2168
HTLD,2017-07-19,09:50:00,21.46,21.46,21.45,21.46,2933
HTLD,2017-07-19,09:51:00,21.46,21.46,21.46,21.46,426
HTLD,2017-07-19,09:52:00,21.48,21.49,21.45,21.45,2600
HTLD,2017-07-19,09:53:00,21.42,21.42,21.42,21.42,100
HTLD,2017-07-19,09:54:00,21.44,21.44,21.44,21.44,400
HTLD,2017-07-19,09:58:00,21.42,21.43,21.42,21.42,400
HTLD,2017-07-19,10:00:00,21.43,21.43,21.43,21.43,200
HTLD,2017-07-19,10:01:00,21.43,21.43,21.42,21.42,200
HTLD,2017-07-19,10:02:00,21.44,21.44,21.44,21.44,200
HTLD,2017-07-19,10:03:00,21.45,21.46,21.43,21.45,500
HTLD,2017-07-19,10:05:00,21.48,21.48,21.48,21.48,100
HTLD,2017-07-19,10:06:00,21.50,21.50,21.50,21.50,200
HTLD,2017-07-19,10:08:00,21.49,21.49,21.49,21.49,100
HTLD,2017-07-19,10:10:00,21.48,21.49,21.48,21.49,200
HTLD,2017-07-19,10:11:00,21.47,21.47,21.47,21.47,100
HTLD,2017-07-19,10:16:00,21.45,21.49,21.45,21.48,632
HTLD,2017-07-19,10:17:00,21.47,21.47,21.47,21.47,100
HTLD,2017-07-19,10:18:00,21.49,21.49,21.49,21.49,600
HTLD,2017-07-19,10:21:00,21.51,21.51,21.51,21.51,800
HTLD,2017-07-19,10:22:00,21.50,21.50,21.50,21.50,300
HTLD,2017-07-19,10:26:00,21.52,21.52,21.52,21.52,200
HTLD,2017-07-19,10:28:00,21.53,21.55,21.52,21.52,1214
HTLD,2017-07-19,10:30:00,21.51,21.52,21.50,21.50,500
HTLD,2017-07-19,10:31:00,21.53,21.55,21.53,21.53,1600
HTLD,2017-07-19,10:36:00,21.50,21.54,21.50,21.54,555
HTLD,2017-07-19,10:39:00,21.53,21.53,21.53,21.53,100
HTLD,2017-07-19,10:40:00,21.52,21.52,21.52,21.52,100
HTLD,2017-07-19,10:41:00,21.50,21.51,21.50,21.51,200
HTLD,2017-07-19,10:42:00,21.49,21.49,21.49,21.49,400
HTLD,2017-07-19,10:44:00,21.47,21.47,21.47,21.47,100
HTLD,2017-07-19,10:45:00,21.48,21.48,21.48,21.48,100
HTLD,2017-07-19,10:47:00,21.48,21.49,21.47,21.49,700
HTLD,2017-07-19,10:48:00,21.50,21.50,21.50,21.50,200
HTLD,2017-07-19,10:49:00,21.50,21.50,21.50,21.50,100
HTLD,2017-07-19,10:50:00,21.49,21.50,21.49,21.49,300
HTLD,2017-07-19,10:51:00,21.47,21.47,21.46,21.46,200
HTLD,2017-07-19,10:53:00,21.44,21.44,21.44,21.44,300
HTLD,2017-07-19,10:56:00,21.44,21.44,21.42,21.42,300
HTLD,2017-07-19,10:57:00,21.44,21.45,21.44,21.45,300
HTLD,2017-07-19,10:58:00,21.44,21.45,21.44,21.44,400
HTLD,2017-07-19,11:00:00,21.44,21.45,21.43,21.43,600
HTLD,2017-07-19,11:02:00,21.42,21.42,21.40,21.40,500
HTLD,2017-07-19,11:03:00,21.41,21.41,21.40,21.40,300
HTLD,2017-07-19,11:04:00,21.40,21.40,21.39,21.39,700
HTLD,2017-07-19,11:05:00,21.40,21.40,21.40,21.40,200
HTLD,2017-07-19,11:07:00,21.40,21.41,21.40,21.41,600
HTLD,2017-07-19,11:08:00,21.42,21.42,21.42,21.42,200
HTLD,2017-07-19,11:09:00,21.43,21.43,21.41,21.41,2300
HTLD,2017-07-19,11:10:00,21.41,21.41,21.39,21.39,1000
HTLD,2017-07-19,11:11:00,21.39,21.39,21.39,21.39,200
HTLD,2017-07-19,11:12:00,21.40,21.40,21.40,21.40,300
HTLD,2017-07-19,11:14:00,21.40,21.40,21.38,21.39,804
HTLD,2017-07-19,11:15:00,21.39,21.39,21.36,21.36,1600
HTLD,2017-07-19,11:16:00,21.37,21.37,21.37,21.37,400
HTLD,2017-07-19,11:18:00,21.38,21.38,21.37,21.37,400
HTLD,2017-07-19,11:24:00,21.41,21.41,21.41,21.41,100
HTLD,2017-07-19,11:26:00,21.40,21.41,21.40,21.40,484
HTLD,2017-07-19,11:27:00,21.39,21.40,21.39,21.39,500
HTLD,2017-07-19,11:29:00,21.39,21.39,21.39,21.39,537
HTLD,2017-07-19,11:30:00,21.40,21.41,21.40,21.40,534
HTLD,2017-07-19,11:31:00,21.40,21.41,21.40,21.40,800
HTLD,2017-07-19,11:34:00,21.40,21.41,21.40,21.41,1434
HTLD,2017-07-19,11:40:00,21.39,21.39,21.38,21.38,1635
HTLD,2017-07-19,11:43:00,21.39,21.41,21.39,21.41,200
HTLD,2017-07-19,11:44:00,21.40,21.41,21.40,21.41,200
HTLD,2017-07-19,11:45:00,21.41,21.41,21.40,21.40,800
HTLD,2017-07-19,11:46:00,21.41,21.41,21.40,21.40,600
HTLD,2017-07-19,11:47:00,21.42,21.42,21.42,21.42,285
HTLD,2017-07-19,11:48:00,21.43,21.43,21.43,21.43,700
HTLD,2017-07-19,11:50:00,21.43,21.43,21.43,21.43,200
HTLD,2017-07-19,11:51:00,21.43,21.43,21.42,21.42,700
HTLD,2017-07-19,11:52:00,21.42,21.42,21.42,21.42,100
HTLD,2017-07-19,11:53:00,21.41,21.41,21.41,21.41,300
HTLD,2017-07-19,11:54:00,21.42,21.43,21.42,21.43,500
HTLD,2017-07-19,11:55:00,21.43,21.43,21.43,21.43,100
HTLD,2017-07-19,11:57:00,21.45,21.45,21.45,21.45,300
HTLD,2017-07-19,11:58:00,21.45,21.45,21.44,21.44,500
HTLD,2017-07-19,12:00:00,21.45,21.46,21.45,21.46,300
HTLD,2017-07-19,12:03:00,21.46,21.46,21.45,21.45,832
HTLD,2017-07-19,12:08:00,21.44,21.44,21.44,21.44,300
HTLD,2017-07-19,12:09:00,21.43,21.43,21.43,21.43,100
HTLD,2017-07-19,12:12:00,21.41,21.43,21.41,21.43,957
HTLD,2017-07-19,12:14:00,21.45,21.45,21.45,21.45,235
HTLD,2017-07-19,12:16:00,21.46,21.47,21.46,21.46,1100
HTLD,2017-07-19,12:18:00,21.46,21.46,21.45,21.45,600
HTLD,2017-07-19,12:20:00,21.45,21.45,21.45,21.45,400
HTLD,2017-07-19,12:23:00,21.44,21.44,21.44,21.44,300
HTLD,2017-07-19,12:25:00,21.44,21.44,21.44,21.44,407
HTLD,2017-07-19,12:27:00,21.45,21.45,21.45,21.45,370
HTLD,2017-07-19,12:28:00,21.45,21.45,21.45,21.45,100
HTLD,2017-07-19,12:30:00,21.44,21.44,21.44,21.44,200
HTLD,2017-07-19,12:33:00,21.42,21.42,21.42,21.42,200
HTLD,2017-07-19,12:36:00,21.43,21.44,21.43,21.44,452
HTLD,2017-07-19,12:38:00,21.45,21.45,21.45,21.45,100
HTLD,2017-07-19,12:40:00,21.46,21.47,21.46,21.47,500
HTLD,2017-07-19,12:41:00,21.46,21.46,21.45,21.45,1400
HTLD,2017-07-19,12:46:00,21.44,21.44,21.44,21.44,400
HTLD,2017-07-19,12:49:00,21.45,21.45,21.45,21.45,300
HTLD,2017-07-19,12:50:00,21.46,21.46,21.46,21.46,100
HTLD,2017-07-19,12:54:00,21.45,21.45,21.45,21.45,300
HTLD,2017-07-19,12:57:00,21.46,21.46,21.45,21.45,200
HTLD,2017-07-19,13:01:00,21.45,21.45,21.44,21.44,1600
HTLD,2017-07-19,13:06:00,21.47,21.47,21.46,21.46,900
HTLD,2017-07-19,13:11:00,21.46,21.46,21.46,21.46,100
HTLD,2017-07-19,13:12:00,21.45,21.45,21.45,21.45,100
HTLD,2017-07-19,13:13:00,21.46,21.47,21.46,21.47,400
HTLD,2017-07-19,13:14:00,21.48,21.48,21.48,21.48,100
HTLD,2017-07-19,13:15:00,21.49,21.49,21.49,21.49,400
HTLD,2017-07-19,13:17:00,21.49,21.50,21.49,21.49,1000
HTLD,2017-07-19,13:19:00,21.49,21.49,21.49,21.49,100
HTLD,2017-07-19,13:21:00,21.48,21.48,21.48,21.48,500
HTLD,2017-07-19,13:22:00,21.48,21.48,21.48,21.48,100
HTLD,2017-07-19,13:26:00,21.49,21.49,21.49,21.49,100
HTLD,2017-07-19,13:27:00,21.48,21.49,21.48,21.49,600
HTLD,2017-07-19,13:29:00,21.50,21.50,21.50,21.50,500
HTLD,2017-07-19,13:31:00,21.50,21.50,21.50,21.50,200
HTLD,2017-07-19,13:33:00,21.50,21.50,21.50,21.50,100
HTLD,2017-07-19,13:34:00,21.51,21.51,21.50,21.50,400
HTLD,2017-07-19,13:40:00,21.52,21.52,21.52,21.52,100
HTLD,2017-07-19,13:42:00,21.52,21.52,21.52,21.52,500
HTLD,2017-07-19,13:43:00,21.52,21.52,21.49,21.49,1300
HTLD,2017-07-19,13:47:00,21.50,21.50,21.50,21.50,500
HTLD,2017-07-19,13:48:00,21.50,21.50,21.50,21.50,700
HTLD,2017-07-19,13:49:00,21.49,21.51,21.49,21.50,614
HTLD,2017-07-19,13:51:00,21.53,21.53,21.53,21.53,200
HTLD,2017-07-19,13:52:00,21.52,21.52,21.52,21.52,300
HTLD,2017-07-19,13:53:00,21.53,21.54,21.53,21.54,1000
HTLD,2017-07-19,13:56:00,21.54,21.54,21.54,21.54,100
HTLD,2017-07-19,14:04:00,21.53,21.54,21.51,21.52,1700
HTLD,2017-07-19,14:05:00,21.50,21.50,21.49,21.49,400
HTLD,2017-07-19,14:06:00,21.51,21.51,21.51,21.51,200
HTLD,2017-07-19,14:07:00,21.52,21.52,21.52,21.52,100
HTLD,2017-07-19,14:09:00,21.52,21.52,21.52,21.52,200
HTLD,2017-07-19,14:11:00,21.52,21.52,21.52,21.52,100
HTLD,2017-07-19,14:13:00,21.52,21.53,21.52,21.53,400
HTLD,2017-07-19,14:14:00,21.54,21.54,21.54,21.54,100
HTLD,2017-07-19,14:17:00,21.54,21.55,21.54,21.55,300
HTLD,2017-07-19,14:18:00,21.54,21.54,21.53,21.53,200
HTLD,2017-07-19,14:19:00,21.55,21.55,21.55,21.55,200
HTLD,2017-07-19,14:20:00,21.52,21.52,21.52,21.52,300
HTLD,2017-07-19,14:22:00,21.51,21.53,21.51,21.53,500
HTLD,2017-07-19,14:23:00,21.54,21.54,21.53,21.53,200
HTLD,2017-07-19,14:25:00,21.53,21.53,21.53,21.53,500
HTLD,2017-07-19,14:27:00,21.53,21.53,21.52,21.52,500
HTLD,2017-07-19,14:31:00,21.52,21.54,21.52,21.53,3300
HTLD,2017-07-19,14:32:00,21.53,21.53,21.53,21.53,200
HTLD,2017-07-19,14:33:00,21.53,21.53,21.53,21.53,300
HTLD,2017-07-19,14:34:00,21.54,21.55,21.54,21.54,300
HTLD,2017-07-19,14:35:00,21.55,21.55,21.55,21.55,100
HTLD,2017-07-19,14:36:00,21.55,21.55,21.54,21.54,800
HTLD,2017-07-19,14:39:00,21.54,21.54,21.53,21.53,400
HTLD,2017-07-19,14:40:00,21.52,21.52,21.50,21.50,300
HTLD,2017-07-19,14:41:00,21.50,21.50,21.50,21.50,300
HTLD,2017-07-19,14:42:00,21.50,21.52,21.50,21.52,1200
HTLD,2017-07-19,14:43:00,21.53,21.53,21.53,21.53,100
HTLD,2017-07-19,14:44:00,21.52,21.52,21.50,21.50,1364
HTLD,2017-07-19,14:45:00,21.51,21.53,21.51,21.51,1563
HTLD,2017-07-19,14:46:00,21.51,21.51,21.50,21.50,300
HTLD,2017-07-19,14:47:00,21.50,21.50,21.49,21.49,1657
HTLD,2017-07-19,14:48:00,21.49,21.49,21.49,21.49,200
HTLD,2017-07-19,14:50:00,21.50,21.50,21.50,21.50,300
HTLD,2017-07-19,14:53:00,21.50,21.51,21.50,21.51,700
HTLD,2017-07-19,14:55:00,21.51,21.51,21.51,21.51,400
HTLD,2017-07-19,14:57:00,21.51,21.51,21.51,21.51,200
HTLD,2017-07-19,14:59:00,21.51,21.51,21.51,21.51,100
HTLD,2017-07-19,15:00:00,21.50,21.50,21.50,21.50,700
HTLD,2017-07-19,15:01:00,21.49,21.49,21.49,21.49,100
HTLD,2017-07-19,15:02:00,21.48,21.48,21.48,21.48,300
HTLD,2017-07-19,15:03:00,21.49,21.49,21.49,21.49,1100
HTLD,2017-07-19,15:06:00,21.49,21.49,21.49,21.49,600
HTLD,2017-07-19,15:07:00,21.49,21.49,21.49,21.49,100
HTLD,2017-07-19,15:09:00,21.50,21.50,21.49,21.49,300
HTLD,2017-07-19,15:10:00,21.49,21.49,21.49,21.49,400
HTLD,2017-07-19,15:12:00,21.49,21.49,21.49,21.49,200
HTLD,2017-07-19,15:14:00,21.48,21.48,21.48,21.48,100
HTLD,2017-07-19,15:15:00,21.48,21.48,21.48,21.48,200
HTLD,2017-07-19,15:16:00,21.49,21.49,21.48,21.48,500
HTLD,2017-07-19,15:17:00,21.48,21.48,21.48,21.48,100
HTLD,2017-07-19,15:19:00,21.48,21.49,21.48,21.49,326
HTLD,2017-07-19,15:20:00,21.49,21.49,21.49,21.49,200
HTLD,2017-07-19,15:22:00,21.49,21.49,21.47,21.47,2833
HTLD,2017-07-19,15:23:00,21.48,21.49,21.48,21.49,1000
HTLD,2017-07-19,15:24:00,21.50,21.50,21.50,21.50,100
HTLD,2017-07-19,15:25:00,21.50,21.50,21.50,21.50,400
HTLD,2017-07-19,15:27:00,21.51,21.51,21.50,21.50,1466
HTLD,2017-07-19,15:28:00,21.49,21.49,21.49,21.49,966
HTLD,2017-07-19,15:29:00,21.50,21.50,21.50,21.50,900
HTLD,2017-07-19,15:31:00,21.51,21.51,21.51,21.51,200
HTLD,2017-07-19,15:33:00,21.50,21.51,21.50,21.51,600
HTLD,2017-07-19,15:34:00,21.51,21.51,21.51,21.51,200
HTLD,2017-07-19,15:36:00,21.50,21.51,21.50,21.51,600
HTLD,2017-07-19,15:37:00,21.50,21.51,21.50,21.51,300
HTLD,2017-07-19,15:38:00,21.50,21.52,21.50,21.50,3459
HTLD,2017-07-19,15:39:00,21.52,21.52,21.52,21.52,200
HTLD,2017-07-19,15:40:00,21.52,21.56,21.52,21.56,4700
HTLD,2017-07-19,15:41:00,21.55,21.55,21.53,21.53,2538
HTLD,2017-07-19,15:42:00,21.54,21.54,21.54,21.54,393
HTLD,2017-07-19,15:43:00,21.54,21.54,21.54,21.54,200
HTLD,2017-07-19,15:45:00,21.54,21.54,21.53,21.53,400
HTLD,2017-07-19,15:46:00,21.54,21.54,21.53,21.54,400
HTLD,2017-07-19,15:47:00,21.54,21.54,21.54,21.54,1907
HTLD,2017-07-19,15:48:00,21.55,21.55,21.55,21.55,500
HTLD,2017-07-19,15:49:00,21.55,21.55,21.55,21.55,400
HTLD,2017-07-19,15:50:00,21.55,21.55,21.53,21.54,4201
HTLD,2017-07-19,15:51:00,21.53,21.54,21.53,21.53,500
HTLD,2017-07-19,15:52:00,21.54,21.54,21.53,21.54,300
HTLD,2017-07-19,15:53:00,21.53,21.54,21.52,21.52,4490
HTLD,2017-07-19,15:54:00,21.52,21.53,21.51,21.51,1756
HTLD,2017-07-19,15:55:00,21.51,21.52,21.51,21.52,300
HTLD,2017-07-19,15:56:00,21.51,21.52,21.51,21.51,1300
HTLD,2017-07-19,15:57:00,21.51,21.53,21.51,21.52,6500
HTLD,2017-07-19,15:58:00,21.52,21.53,21.52,21.52,1100
HTLD,2017-07-19,15:59:00,21.52,21.53,21.52,21.53,1400
HTLD,2017-07-19,16:00:00,21.53,21.55,21.52,21.54,29357
HTLD,2017-07-20,09:30:00,21.50,21.50,21.50,21.50,1801
HTLD,2017-07-20,09:33:00,21.58,21.58,21.53,21.57,946
HTLD,2017-07-20,09:34:00,21.56,21.56,21.56,21.56,100
HTLD,2017-07-20,09:36:00,21.50,21.50,21.50,21.50,200
HTLD,2017-07-20,09:40:00,21.50,21.53,21.43,21.46,4100
HTLD,2017-07-20,09:42:00,21.48,21.49,21.46,21.49,400
HTLD,2017-07-20,09:43:00,21.49,21.49,21.48,21.48,500
HTLD,2017-07-20,09:45:00,21.50,21.50,21.50,21.50,100
HTLD,2017-07-20,09:46:00,21.53,21.53,21.45,21.45,400
HTLD,2017-07-20,09:47:00,21.44,21.44,21.42,21.43,300
HTLD,2017-07-20,09:48:00,21.43,21.43,21.43,21.43,200
HTLD,2017-07-20,09:49:00,21.44,21.45,21.43,21.44,1200
HTLD,2017-07-20,09:50:00,21.46,21.46,21.46,21.46,200
HTLD,2017-07-20,09:52:00,21.45,21.45,21.45,21.45,200
HTLD,2017-07-20,10:01:00,21.45,21.46,21.45,21.46,400
HTLD,2017-07-20,10:03:00,21.47,21.47,21.47,21.47,200
HTLD,2017-07-20,10:12:00,21.48,21.50,21.48,21.50,2000
HTLD,2017-07-20,10:13:00,21.50,21.50,21.47,21.47,2854
HTLD,2017-07-20,10:14:00,21.49,21.49,21.49,21.49,200
HTLD,2017-07-20,10:17:00,21.49,21.52,21.49,21.52,800
HTLD,2017-07-20,10:18:00,21.53,21.54,21.53,21.53,1000
HTLD,2017-07-20,10:19:00,21.53,21.53,21.53,21.53,100
HTLD,2017-07-20,10:20:00,21.51,21.51,21.51,21.51,100
HTLD,2017-07-20,10:24:00,21.50,21.50,21.50,21.50,300
HTLD,2017-07-20,10:26:00,21.47,21.47,21.47,21.47,100
HTLD,2017-07-20,10:32:00,21.44,21.46,21.44,21.46,882
HTLD,2017-07-20,10:34:00,21.46,21.46,21.46,21.46,300
HTLD,2017-07-20,10:35:00,21.46,21.46,21.46,21.46,100
HTLD,2017-07-20,10:37:00,21.46,21.46,21.45,21.45,897
HTLD,2017-07-20,10:38:00,21.47,21.47,21.47,21.47,100
HTLD,2017-07-20,10:39:00,21.46,21.46,21.46,21.46,100
HTLD,2017-07-20,10:41:00,21.46,21.46,21.46,21.46,700
HTLD,2017-07-20,10:42:00,21.46,21.49,21.46,21.49,1500
HTLD,2017-07-20,10:43:00,21.48,21.48,21.46,21.46,1000
HTLD,2017-07-20,10:45:00,21.44,21.45,21.44,21.45,500
HTLD,2017-07-20,10:48:00,21.46,21.46,21.46,21.46,200
HTLD,2017-07-20,10:49:00,21.45,21.46,21.45,21.46,500
HTLD,2017-07-20,10:50:00,21.47,21.48,21.47,21.48,200
HTLD,2017-07-20,10:51:00,21.48,21.48,21.46,21.46,740
HTLD,2017-07-20,10:52:00,21.47,21.49,21.47,21.49,600
HTLD,2017-07-20,10:55:00,21.50,21.51,21.50,21.51,200
HTLD,2017-07-20,11:02:00,21.53,21.53,21.53,21.53,400
HTLD,2017-07-20,11:03:00,21.53,21.53,21.52,21.53,300
HTLD,2017-07-20,11:06:00,21.53,21.53,21.53,21.53,300
HTLD,2017-07-20,11:09:00,21.51,21.52,21.48,21.48,700
HTLD,2017-07-20,11:10:00,21.47,21.50,21.47,21.49,900
HTLD,2017-07-20,11:11:00,21.49,21.49,21.48,21.48,200
HTLD,2017-07-20,11:13:00,21.51,21.51,21.51,21.51,300
HTLD,2017-07-20,11:14:00,21.51,21.51,21.50,21.50,800
HTLD,2017-07-20,11:22:00,21.47,21.47,21.45,21.45,1200
HTLD,2017-07-20,11:23:00,21.46,21.46,21.46,21.46,600
HTLD,2017-07-20,11:24:00,21.45,21.46,21.45,21.45,433
HTLD,2017-07-20,11:27:00,21.43,21.45,21.43,21.44,987
HTLD,2017-07-20,11:28:00,21.44,21.44,21.44,21.44,200
HTLD,2017-07-20,11:30:00,21.44,21.46,21.44,21.46,1300
HTLD,2017-07-20,11:31:00,21.46,21.46,21.46,21.46,200
HTLD,2017-07-20,11:42:00,21.49,21.49,21.49,21.49,100
HTLD,2017-07-20,11:43:00,21.48,21.48,21.48,21.48,500
HTLD,2017-07-20,11:48:00,21.46,21.47,21.46,21.47,300
HTLD,2017-07-20,11:51:00,21.50,21.50,21.50,21.50,100
HTLD,2017-07-20,11:52:00,21.50,21.50,21.50,21.50,400
HTLD,2017-07-20,11:54:00,21.50,21.51,21.50,21.51,400
HTLD,2017-07-20,11:55:00,21.50,21.50,21.50,21.50,200
HTLD,2017-07-20,11:57:00,21.48,21.51,21.48,21.51,1033
HTLD,2017-07-20,12:00:00,21.51,21.51,21.51,21.51,600
HTLD,2017-07-20,12:02:00,21.48,21.48,21.48,21.48,100
HTLD,2017-07-20,12:03:00,21.47,21.48,21.46,21.48,800
HTLD,2017-07-20,12:08:00,21.48,21.48,21.48,21.48,400
HTLD,2017-07-20,12:09:00,21.49,21.49,21.49,21.49,300
HTLD,2017-07-20,12:11:00,21.49,21.49,21.49,21.49,100
HTLD,2017-07-20,12:12:00,21.48,21.48,21.47,21.47,600
HTLD,2017-07-20,12:13:00,21.45,21.45,21.45,21.45,100
HTLD,2017-07-20,12:15:00,21.47,21.48,21.47,21.48,1200
HTLD,2017-07-20,12:16:00,21.49,21.49,21.49,21.49,100
HTLD,2017-07-20,12:17:00,21.50,21.50,21.50,21.50,100
HTLD,2017-07-20,12:18:00,21.49,21.49,21.49,21.49,100
HTLD,2017-07-20,12:19:00,21.48,21.49,21.48,21.49,200
HTLD,2017-07-20,12:22:00,21.49,21.49,21.49,21.49,100
HTLD,2017-07-20,12:23:00,21.48,21.48,21.48,21.48,100
HTLD,2017-07-20,12:27:00,21.48,21.49,21.48,21.49,300
HTLD,2017-07-20,12:28:00,21.49,21.49,21.49,21.49,100
HTLD,2017-07-20,12:30:00,21.49,21.49,21.49,21.49,500
HTLD,2017-07-20,12:32:00,21.49,21.49,21.49,21.49,100
HTLD,2017-07-20,12:33:00,21.50,21.51,21.50,21.51,1500
HTLD,2017-07-20,12:34:00,21.51,21.52,21.49,21.50,1482
HTLD,2017-07-20,12:35:00,21.49,21.51,21.49,21.51,1200
HTLD,2017-07-20,12:36:00,21.51,21.51,21.50,21.50,400
HTLD,2017-07-20,12:37:00,21.50,21.50,21.50,21.50,100
HTLD,2017-07-20,12:42:00,21.48,21.48,21.48,21.48,100
HTLD,2017-07-20,12:43:00,21.49,21.49,21.49,21.49,300
HTLD,2017-07-20,12:47:00,21.49,21.49,21.49,21.49,610
HTLD,2017-07-20,12:48:00,21.50,21.50,21.50,21.50,100
HTLD,2017-07-20,12:50:00,21.50,21.51,21.50,21.51,500
HTLD,2017-07-20,12:53:00,21.51,21.51,21.51,21.51,100
HTLD,2017-07-20,12:54:00,21.50,21.50,21.49,21.49,400
HTLD,2017-07-20,12:55:00,21.50,21.50,21.50,21.50,300
HTLD,2017-07-20,13:00:00,21.49,21.49,21.49,21.49,100
HTLD,2017-07-20,13:02:00,21.50,21.50,21.50,21.50,400
HTLD,2017-07-20,13:03:00,21.51,21.51,21.51,21.51,600
HTLD,2017-07-20,13:04:00,21.51,21.51,21.51,21.51,100
HTLD,2017-07-20,13:05:00,21.50,21.50,21.50,21.50,200
HTLD,2017-07-20,13:12:00,21.50,21.50,21.50,21.50,200
HTLD,2017-07-20,13:17:00,21.51,21.51,21.51,21.51,100
HTLD,2017-07-20,13:18:00,21.51,21.52,21.51,21.52,500
HTLD,2017-07-20,13:19:00,21.52,21.52,21.52,21.52,200
HTLD,2017-07-20,13:20:00,21.52,21.52,21.52,21.52,488
HTLD,2017-07-20,13:30:00,21.51,21.52,21.51,21.52,800
HTLD,2017-07-20,13:31:00,21.53,21.54,21.53,21.54,1120
HTLD,2017-07-20,13:33:00,21.54,21.54,21.53,21.53,1000
HTLD,2017-07-20,13:34:00,21.54,21.54,21.54,21.54,100
HTLD,2017-07-20,13:36:00,21.54,21.55,21.54,21.55,300
HTLD,2017-07-20,13:37:00,21.53,21.53,21.53,21.53,200
HTLD,2017-07-20,13:38:00,21.53,21.54,21.53,21.53,500
HTLD,2017-07-20,13:40:00,21.53,21.53,21.53,21.53,100
HTLD,2017-07-20,13:41:00,21.52,21.53,21.52,21.53,300
HTLD,2017-07-20,13:42:00,21.53,21.53,21.52,21.52,400
HTLD,2017-07-20,13:45:00,21.53,21.53,21.53,21.53,300
HTLD,2017-07-20,13:46:00,21.55,21.55,21.55,21.55,200
HTLD,2017-07-20,13:47:00,21.55,21.55,21.54,21.55,3200
HTLD,2017-07-20,13:49:00,21.56,21.57,21.55,21.57,1965
HTLD,2017-07-20,13:50:00,21.57,21.59,21.57,21.59,901
HTLD,2017-07-20,13:51:00,21.60,21.61,21.60,21.60,600
HTLD,2017-07-20,13:52:00,21.60,21.61,21.60,21.61,800
HTLD,2017-07-20,13:53:00,21.61,21.61,21.61,21.61,500
HTLD,2017-07-20,13:54:00,21.62,21.62,21.60,21.60,700
HTLD,2017-07-20,13:55:00,21.60,21.61,21.60,21.61,2000
HTLD,2017-07-20,13:56:00,21.62,21.62,21.62,21.62,300
HTLD,2017-07-20,13:57:00,21.62,21.65,21.62,21.65,1500
HTLD,2017-07-20,13:58:00,21.64,21.64,21.64,21.64,500
HTLD,2017-07-20,13:59:00,21.63,21.64,21.63,21.64,200
HTLD,2017-07-20,14:00:00,21.64,21.64,21.64,21.64,200
HTLD,2017-07-20,14:01:00,21.64,21.64,21.64,21.64,117
HTLD,2017-07-20,14:02:00,21.63,21.63,21.61,21.63,1669
HTLD,2017-07-20,14:03:00,21.62,21.62,21.62,21.62,300
HTLD,2017-07-20,14:05:00,21.62,21.63,21.62,21.63,700
HTLD,2017-07-20,14:06:00,21.61,21.61,21.61,21.61,1600
HTLD,2017-07-20,14:07:00,21.61,21.61,21.61,21.61,500
HTLD,2017-07-20,14:11:00,21.61,21.61,21.61,21.61,300
HTLD,2017-07-20,14:12:00,21.61,21.61,21.59,21.59,1600
HTLD,2017-07-20,14:13:00,21.59,21.59,21.58,21.58,200
HTLD,2017-07-20,14:14:00,21.59,21.59,21.58,21.58,500
HTLD,2017-07-20,14:15:00,21.58,21.60,21.58,21.60,1500
HTLD,2017-07-20,14:16:00,21.60,21.60,21.60,21.60,200
HTLD,2017-07-20,14:17:00,21.59,21.59,21.59,21.59,100
HTLD,2017-07-20,14:21:00,21.60,21.60,21.60,21.60,1100
HTLD,2017-07-20,14:23:00,21.61,21.61,21.61,21.61,200
HTLD,2017-07-20,14:24:00,21.61,21.61,21.61,21.61,100
HTLD,2017-07-20,14:25:00,21.61,21.61,21.61,21.61,1700
HTLD,2017-07-20,14:26:00,21.62,21.62,21.60,21.61,1300
HTLD,2017-07-20,14:27:00,21.61,21.62,21.61,21.61,1600
HTLD,2017-07-20,14:28:00,21.62,21.62,21.62,21.62,200
HTLD,2017-07-20,14:29:00,21.62,21.62,21.62,21.62,100
HTLD,2017-07-20,14:30:00,21.62,21.64,21.62,21.64,1932
HTLD,2017-07-20,14:31:00,21.63,21.65,21.63,21.65,700
HTLD,2017-07-20,14:32:00,21.65,21.65,21.65,21.65,100
HTLD,2017-07-20,14:33:00,21.64,21.64,21.63,21.63,2496
HTLD,2017-07-20,14:34:00,21.63,21.63,21.63,21.63,300
HTLD,2017-07-20,14:35:00,21.63,21.63,21.63,21.63,100
HTLD,2017-07-20,14:36:00,21.63,21.63,21.63,21.63,1922
HTLD,2017-07-20,14:37:00,21.63,21.65,21.63,21.65,5600
HTLD,2017-07-20,14:38:00,21.65,21.65,21.64,21.64,1300
HTLD,2017-07-20,14:39:00,21.65,21.65,21.65,21.65,700
HTLD,2017-07-20,14:40:00,21.65,21.67,21.64,21.67,4299
HTLD,2017-07-20,14:42:00,21.67,21.68,21.67,21.68,1300
HTLD,2017-07-20,14:43:00,21.68,21.68,21.67,21.67,200
HTLD,2017-07-20,14:46:00,21.67,21.67,21.65,21.66,1231
HTLD,2017-07-20,14:48:00,21.67,21.67,21.65,21.65,4037
HTLD,2017-07-20,14:49:00,21.64,21.64,21.62,21.62,1938
HTLD,2017-07-20,14:50:00,21.61,21.61,21.61,21.61,365
HTLD,2017-07-20,14:51:00,21.61,21.62,21.61,21.62,800
HTLD,2017-07-20,14:52:00,21.62,21.62,21.62,21.62,200
HTLD,2017-07-20,14:53:00,21.61,21.61,21.61,21.61,303
HTLD,2017-07-20,14:54:00,21.60,21.60,21.60,21.60,100
HTLD,2017-07-20,14:55:00,21.61,21.61,21.61,21.61,475
HTLD,2017-07-20,14:59:00,21.61,21.61,21.61,21.61,300
HTLD,2017-07-20,15:00:00,21.61,21.61,21.61,21.61,593
HTLD,2017-07-20,15:01:00,21.61,21.61,21.61,21.61,100
HTLD,2017-07-20,15:03:00,21.61,21.61,21.61,21.61,329
HTLD,2017-07-20,15:04:00,21.62,21.62,21.61,21.61,662
HTLD,2017-07-20,15:05:00,21.61,21.61,21.61,21.61,300
HTLD,2017-07-20,15:06:00,21.61,21.62,21.61,21.62,1587
HTLD,2017-07-20,15:07:00,21.62,21.63,21.62,21.62,432
HTLD,2017-07-20,15:08:00,21.62,21.62,21.62,21.62,306
HTLD,2017-07-20,15:09:00,21.62,21.62,21.62,21.62,100
HTLD,2017-07-20,15:10:00,21.62,21.62,21.62,21.62,200
HTLD,2017-07-20,15:11:00,21.62,21.63,21.62,21.63,200
HTLD,2017-07-20,15:12:00,21.62,21.63,21.62,21.63,1158
HTLD,2017-07-20,15:13:00,21.62,21.63,21.62,21.62,2346
HTLD,2017-07-20,15:14:00,21.62,21.62,21.62,21.62,300
HTLD,2017-07-20,15:15:00,21.63,21.63,21.63,21.63,296
HTLD,2017-07-20,15:16:00,21.62,21.62,21.62,21.62,200
HTLD,2017-07-20,15:17:00,21.63,21.63,21.62,21.62,200
HTLD,2017-07-20,15:18:00,21.62,21.63,21.62,21.63,300
HTLD,2017-07-20,15:19:00,21.62,21.63,21.62,21.62,1032
HTLD,2017-07-20,15:20:00,21.62,21.63,21.62,21.62,500
HTLD,2017-07-20,15:21:00,21.62,21.62,21.62,21.62,100
HTLD,2017-07-20,15:22:00,21.62,21.63,21.62,21.63,4116
HTLD,2017-07-20,15:23:00,21.63,21.64,21.63,21.64,1495
HTLD,2017-07-20,15:24:00,21.64,21.64,21.64,21.64,300
HTLD,2017-07-20,15:25:00,21.64,21.64,21.63,21.63,4200
HTLD,2017-07-20,15:26:00,21.63,21.64,21.62,21.63,3177
HTLD,2017-07-20,15:27:00,21.63,21.63,21.62,21.62,832
HTLD,2017-07-20,15:28:00,21.62,21.62,21.61,21.62,2938
HTLD,2017-07-20,15:29:00,21.61,21.62,21.60,21.60,11184
HTLD,2017-07-20,15:30:00,21.61,21.61,21.60,21.61,2835
HTLD,2017-07-20,15:31:00,21.61,21.61,21.61,21.61,1600
HTLD,2017-07-20,15:32:00,21.62,21.62,21.62,21.62,100
HTLD,2017-07-20,15:33:00,21.62,21.62,21.61,21.61,2500
HTLD,2017-07-20,15:34:00,21.62,21.62,21.61,21.61,982
HTLD,2017-07-20,15:35:00,21.61,21.61,21.60,21.60,2494
HTLD,2017-07-20,15:37:00,21.60,21.60,21.60,21.60,100
HTLD,2017-07-20,15:38:00,21.59,21.59,21.58,21.58,2059
HTLD,2017-07-20,15:39:00,21.59,21.59,21.58,21.58,200
HTLD,2017-07-20,15:42:00,21.59,21.59,21.59,21.59,100
HTLD,2017-07-20,15:43:00,21.59,21.59,21.59,21.59,4500
HTLD,2017-07-20,15:44:00,21.60,21.60,21.60,21.60,200
HTLD,2017-07-20,15:45:00,21.59,21.60,21.59,21.60,300
HTLD,2017-07-20,15:46:00,21.59,21.59,21.58,21.59,4600
HTLD,2017-07-20,15:47:00,21.59,21.59,21.58,21.59,600
HTLD,2017-07-20,15:48:00,21.59,21.59,21.58,21.59,800
HTLD,2017-07-20,15:49:00,21.59,21.59,21.59,21.59,3100
HTLD,2017-07-20,15:50:00,21.59,21.60,21.59,21.60,1507
HTLD,2017-07-20,15:51:00,21.61,21.63,21.61,21.61,7887
HTLD,2017-07-20,15:52:00,21.62,21.62,21.61,21.61,496
HTLD,2017-07-20,15:53:00,21.62,21.62,21.61,21.61,800
HTLD,2017-07-20,15:54:00,21.62,21.62,21.61,21.62,400
HTLD,2017-07-20,15:55:00,21.62,21.63,21.61,21.62,4050
HTLD,2017-07-20,15:56:00,21.62,21.62,21.58,21.58,7346
HTLD,2017-07-20,15:57:00,21.58,21.59,21.58,21.59,1500
HTLD,2017-07-20,15:58:00,21.59,21.59,21.58,21.59,2670
HTLD,2017-07-20,15:59:00,21.59,21.59,21.58,21.59,2019
HTLD,2017-07-20,16:00:00,21.58,21.59,21.57,21.59,22587
HTLD,2017-07-21,09:30:00,21.73,21.73,21.60,21.60,25638
HTLD,2017-07-21,09:32:00,21.64,21.64,21.59,21.60,500
HTLD,2017-07-21,09:36:00,21.56,21.56,21.56,21.56,400
HTLD,2017-07-21,09:37:00,21.59,21.59,21.40,21.40,1120
HTLD,2017-07-21,09:39:00,21.56,21.58,21.45,21.45,2200
HTLD,2017-07-21,09:40:00,21.55,21.55,21.45,21.48,2200
HTLD,2017-07-21,09:41:00,21.51,21.55,21.50,21.52,2500
HTLD,2017-07-21,09:42:00,21.53,21.53,21.53,21.53,200
HTLD,2017-07-21,09:43:00,21.50,21.50,21.47,21.50,1400
HTLD,2017-07-21,09:44:00,21.51,21.51,21.50,21.50,900
HTLD,2017-07-21,09:45:00,21.52,21.52,21.48,21.48,1765
HTLD,2017-07-21,09:46:00,21.50,21.50,21.50,21.50,100
HTLD,2017-07-21,09:47:00,21.49,21.50,21.44,21.50,3000
HTLD,2017-07-21,09:48:00,21.52,21.52,21.47,21.52,465
HTLD,2017-07-21,09:49:00,21.51,21.51,21.51,21.51,300
HTLD,2017-07-21,09:50:00,21.51,21.52,21.51,21.52,300
HTLD,2017-07-21,09:51:00,21.53,21.53,21.49,21.49,300
HTLD,2017-07-21,09:52:00,21.49,21.49,21.46,21.47,1078
HTLD,2017-07-21,09:53:00,21.50,21.50,21.50,21.50,200
HTLD,2017-07-21,09:54:00,21.50,21.50,21.47,21.49,500
HTLD,2017-07-21,09:55:00,21.49,21.52,21.49,21.52,300
HTLD,2017-07-21,09:56:00,21.52,21.53,21.51,21.51,1000
HTLD,2017-07-21,09:57:00,21.46,21.57,21.46,21.56,2800
HTLD,2017-07-21,09:58:00,21.55,21.59,21.55,21.59,1400
HTLD,2017-07-21,09:59:00,21.58,21.60,21.58,21.60,200
HTLD,2017-07-21,10:00:00,21.56,21.61,21.55,21.60,3067
HTLD,2017-07-21,10:01:00,21.61,21.67,21.61,21.67,800
HTLD,2017-07-21,10:02:00,21.66,21.66,21.65,21.65,400
HTLD,2017-07-21,10:03:00,21.62,21.62,21.59,21.59,1900
HTLD,2017-07-21,10:04:00,21.59,21.60,21.59,21.60,600
HTLD,2017-07-21,10:06:00,21.62,21.62,21.58,21.58,1200
HTLD,2017-07-21,10:07:00,21.59,21.61,21.55,21.56,2065
HTLD,2017-07-21,10:08:00,21.56,21.57,21.56,21.57,1100
HTLD,2017-07-21,10:09:00,21.56,21.56,21.56,21.56,100
HTLD,2017-07-21,10:10:00,21.56,21.56,21.49,21.52,2308
HTLD,2017-07-21,10:11:00,21.49,21.50,21.46,21.50,2100
HTLD,2017-07-21,10:12:00,21.50,21.50,21.50,21.50,200
HTLD,2017-07-21,10:13:00,21.52,21.52,21.52,21.52,100
HTLD,2017-07-21,10:15:00,21.53,21.53,21.53,21.53,100
HTLD,2017-07-21,10:16:00,21.54,21.54,21.48,21.49,2024
HTLD,2017-07-21,10:17:00,21.49,21.49,21.48,21.48,1100
HTLD,2017-07-21,10:18:00,21.49,21.50,21.48,21.50,1200
HTLD,2017-07-21,10:19:00,21.51,21.51,21.50,21.50,625
HTLD,2017-07-21,10:20:00,21.51,21.51,21.49,21.51,400
HTLD,2017-07-21,10:21:00,21.51,21.52,21.51,21.52,600
HTLD,2017-07-21,10:22:00,21.53,21.56,21.53,21.56,500
HTLD,2017-07-21,10:23:00,21.55,21.56,21.54,21.56,1000
HTLD,2017-07-21,10:24:00,21.56,21.56,21.52,21.52,2200
HTLD,2017-07-21,10:25:00,21.52,21.53,21.52,21.53,1300
HTLD,2017-07-21,10:26:00,21.53,21.53,21.49,21.51,1975
HTLD,2017-07-21,10:28:00,21.53,21.53,21.53,21.53,100
HTLD,2017-07-21,10:29:00,21.53,21.53,21.53,21.53,300
HTLD,2017-07-21,10:30:00,21.54,21.54,21.54,21.54,734
HTLD,2017-07-21,10:31:00,21.54,21.54,21.54,21.54,400
HTLD,2017-07-21,10:33:00,21.55,21.56,21.55,21.56,200
HTLD,2017-07-21,10:34:00,21.56,21.56,21.56,21.56,100
HTLD,2017-07-21,10:35:00,21.56,21.56,21.56,21.56,100
HTLD,2017-07-21,10:36:00,21.58,21.59,21.57,21.59,500
HTLD,2017-07-21,10:37:00,21.57,21.57,21.57,21.57,400
HTLD,2017-07-21,10:38:00,21.56,21.56,21.55,21.55,969
HTLD,2017-07-21,10:40:00,21.55,21.55,21.55,21.55,200
HTLD,2017-07-21,10:41:00,21.55,21.55,21.54,21.54,1000
HTLD,2017-07-21,10:42:00,21.55,21.55,21.55,21.55,790
HTLD,2017-07-21,10:43:00,21.55,21.55,21.54,21.54,600
HTLD,2017-07-21,10:44:00,21.54,21.54,21.51,21.51,1157
HTLD,2017-07-21,10:45:00,21.53,21.54,21.53,21.54,500
HTLD,2017-07-21,10:46:00,21.54,21.54,21.54,21.54,100
HTLD,2017-07-21,10:47:00,21.57,21.57,21.57,21.57,100
HTLD,2017-07-21,10:48:00,21.57,21.57,21.51,21.51,1103
HTLD,2017-07-21,10:50:00,21.51,21.51,21.51,21.51,100
HTLD,2017-07-21,10:51:00,21.52,21.52,21.52,21.52,707
HTLD,2017-07-21,10:52:00,21.53,21.53,21.52,21.52,300
HTLD,2017-07-21,10:53:00,21.52,21.52,21.52,21.52,100
HTLD,2017-07-21,10:55:00,21.53,21.54,21.53,21.54,600
HTLD,2017-07-21,10:56:00,21.54,21.54,21.54,21.54,100
HTLD,2017-07-21,10:57:00,21.54,21.56,21.54,21.56,400
HTLD,2017-07-21,10:59:00,21.56,21.56,21.56,21.56,100
HTLD,2017-07-21,11:00:00,21.59,21.61,21.57,21.60,1169
HTLD,2017-07-21,11:01:00,21.59,21.59,21.57,21.57,2400
HTLD,2017-07-21,11:02:00,21.54,21.55,21.54,21.55,1123
HTLD,2017-07-21,11:03:00,21.55,21.55,21.55,21.55,100
HTLD,2017-07-21,11:05:00,21.56,21.56,21.56,21.56,200
HTLD,2017-07-21,11:06:00,21.59,21.59,21.59,21.59,700
HTLD,2017-07-21,11:07:00,21.60,21.63,21.60,21.63,1400
HTLD,2017-07-21,11:10:00,21.62,21.62,21.56,21.58,2060
HTLD,2017-07-21,11:11:00,21.58,21.58,21.58,21.58,400
HTLD,2017-07-21,11:13:00,21.59,21.61,21.56,21.56,3900
HTLD,2017-07-21,11:14:00,21.56,21.56,21.56,21.56,300
HTLD,2017-07-21,11:15:00,21.55,21.56,21.55,21.56,200
HTLD,2017-07-21,11:16:00,21.55,21.57,21.54,21.57,3100
HTLD,2017-07-21,11:17:00,21.55,21.55,21.55,21.55,300
HTLD,2017-07-21,11:19:00,21.56,21.56,21.56,21.56,100
HTLD,2017-07-21,11:20:00,21.55,21.55,21.55,21.55,200
HTLD,2017-07-21,11:21:00,21.56,21.56,21.56,21.56,460
HTLD,2017-07-21,11:22:00,21.57,21.57,21.57,21.57,100
HTLD,2017-07-21,11:24:00,21.57,21.60,21.57,21.60,800
HTLD,2017-07-21,11:26:00,21.62,21.62,21.62,21.62,500
HTLD,2017-07-21,11:27:00,21.62,21.63,21.61,21.61,900
HTLD,2017-07-21,11:28:00,21.63,21.63,21.61,21.63,300
HTLD,2017-07-21,11:29:00,21.63,21.63,21.63,21.63,200
HTLD,2017-07-21,11:34:00,21.65,21.65,21.65,21.65,300
HTLD,2017-07-21,11:35:00,21.64,21.64,21.62,21.62,800
HTLD,2017-07-21,11:38:00,21.64,21.65,21.64,21.65,363
HTLD,2017-07-21,11:40:00,21.66,21.66,21.66,21.66,200
HTLD,2017-07-21,11:42:00,21.66,21.66,21.66,21.66,250
HTLD,2017-07-21,11:43:00,21.65,21.65,21.64,21.64,300
HTLD,2017-07-21,11:45:00,21.67,21.67,21.67,21.67,100
HTLD,2017-07-21,11:46:00,21.69,21.69,21.69,21.69,100
HTLD,2017-07-21,11:48:00,21.65,21.65,21.65,21.65,269
HTLD,2017-07-21,11:50:00,21.65,21.66,21.64,21.65,1134
HTLD,2017-07-21,11:59:00,21.65,21.65,21.65,21.65,400
HTLD,2017-07-21,12:00:00,21.66,21.66,21.66,21.66,100
HTLD,2017-07-21,12:01:00,21.66,21.66,21.66,21.66,100
HTLD,2017-07-21,12:03:00,21.66,21.68,21.66,21.68,800
HTLD,2017-07-21,12:05:00,21.67,21.68,21.66,21.68,1721
HTLD,2017-07-21,12:08:00,21.69,21.70,21.69,21.70,300
HTLD,2017-07-21,12:10:00,21.68,21.68,21.67,21.68,718
HTLD,2017-07-21,12:11:00,21.67,21.67,21.67,21.67,200
HTLD,2017-07-21,12:12:00,21.67,21.68,21.67,21.68,1100
HTLD,2017-07-21,12:13:00,21.69,21.69,21.69,21.69,100
HTLD,2017-07-21,12:14:00,21.69,21.69,21.69,21.69,100
HTLD,2017-07-21,12:15:00,21.68,21.68,21.68,21.68,100
HTLD,2017-07-21,12:16:00,21.69,21.69,21.69,21.69,100
HTLD,2017-07-21,12:18:00,21.69,21.70,21.68,21.68,1400
HTLD,2017-07-21,12:20:00,21.68,21.68,21.68,21.68,400
HTLD,2017-07-21,12:21:00,21.66,21.66,21.66,21.66,100
HTLD,2017-07-21,12:25:00,21.65,21.65,21.64,21.65,300
HTLD,2017-07-21,12:26:00,21.65,21.65,21.65,21.65,300
HTLD,2017-07-21,12:27:00,21.65,21.65,21.65,21.65,200
HTLD,2017-07-21,12:29:00,21.64,21.67,21.63,21.65,3169
HTLD,2017-07-21,12:32:00,21.67,21.67,21.67,21.67,200
HTLD,2017-07-21,12:33:00,21.66,21.66,21.64,21.66,800
HTLD,2017-07-21,12:34:00,21.64,21.65,21.64,21.65,200
HTLD,2017-07-21,12:36:00,21.66,21.68,21.66,21.68,900
HTLD,2017-07-21,12:37:00,21.67,21.67,21.67,21.67,200
HTLD,2017-07-21,12:39:00,21.67,21.67,21.67,21.67,100
HTLD,2017-07-21,12:41:00,21.68,21.68,21.68,21.68,100
HTLD,2017-07-21,12:42:00,21.70,21.70,21.68,21.70,1740
HTLD,2017-07-21,12:43:00,21.71,21.71,21.71,21.71,100
HTLD,2017-07-21,12:46:00,21.71,21.71,21.71,21.71,100
HTLD,2017-07-21,12:47:00,21.70,21.70,21.70,21.70,200
HTLD,2017-07-21,12:48:00,21.69,21.69,21.69,21.69,133
HTLD,2017-07-21,12:50:00,21.72,21.72,21.72,21.72,100
HTLD,2017-07-21,12:52:00,21.70,21.70,21.70,21.70,100
HTLD,2017-07-21,12:53:00,21.70,21.70,21.70,21.70,200
HTLD,2017-07-21,13:00:00,21.67,21.67,21.67,21.67,100
HTLD,2017-07-21,13:01:00,21.68,21.68,21.65,21.65,600
HTLD,2017-07-21,13:02:00,21.66,21.67,21.65,21.66,2005
HTLD,2017-07-21,13:03:00,21.66,21.66,21.66,21.66,400
HTLD,2017-07-21,13:04:00,21.66,21.67,21.66,21.66,400
HTLD,2017-07-21,13:06:00,21.66,21.66,21.66,21.66,200
HTLD,2017-07-21,13:07:00,21.65,21.65,21.65,21.65,100
HTLD,2017-07-21,13:08:00,21.65,21.65,21.64,21.64,600
HTLD,2017-07-21,13:09:00,21.63,21.63,21.63,21.63,100
HTLD,2017-07-21,13:10:00,21.64,21.64,21.64,21.64,239
HTLD,2017-07-21,13:11:00,21.64,21.65,21.63,21.65,2800
HTLD,2017-07-21,13:12:00,21.64,21.66,21.64,21.66,1429
HTLD,2017-07-21,13:13:00,21.67,21.67,21.66,21.66,250
HTLD,2017-07-21,13:15:00,21.66,21.67,21.66,21.67,500
HTLD,2017-07-21,13:16:00,21.67,21.68,21.67,21.68,600
HTLD,2017-07-21,13:17:00,21.68,21.68,21.68,21.68,100
HTLD,2017-07-21,13:18:00,21.68,21.68,21.68,21.68,100
HTLD,2017-07-21,13:22:00,21.68,21.68,21.67,21.68,1000
HTLD,2017-07-21,13:24:00,21.68,21.68,21.68,21.68,200
HTLD,2017-07-21,13:26:00,21.68,21.69,21.68,21.69,1000
HTLD,2017-07-21,13:29:00,21.70,21.70,21.69,21.69,400
HTLD,2017-07-21,13:31:00,21.68,21.69,21.67,21.68,3199
HTLD,2017-07-21,13:32:00,21.68,21.69,21.68,21.69,800
HTLD,2017-07-21,13:33:00,21.68,21.68,21.68,21.68,100
HTLD,2017-07-21,13:34:00,21.68,21.69,21.68,21.69,700
HTLD,2017-07-21,13:35:00,21.69,21.69,21.69,21.69,400
HTLD,2017-07-21,13:37:00,21.69,21.69,21.69,21.69,200
HTLD,2017-07-21,13:38:00,21.69,21.69,21.69,21.69,100
HTLD,2017-07-21,13:39:00,21.69,21.69,21.69,21.69,1500
HTLD,2017-07-21,13:43:00,21.69,21.69,21.68,21.68,1000
HTLD,2017-07-21,13:45:00,21.68,21.68,21.68,21.68,100
HTLD,2017-07-21,13:46:00,21.67,21.67,21.67,21.67,134
HTLD,2017-07-21,13:47:00,21.67,21.68,21.67,21.68,800
HTLD,2017-07-21,13:49:00,21.67,21.67,21.67,21.67,100
HTLD,2017-07-21,13:50:00,21.67,21.67,21.66,21.66,1268
HTLD,2017-07-21,13:51:00,21.66,21.67,21.66,21.67,300
HTLD,2017-07-21,13:56:00,21.66,21.66,21.66,21.66,100
HTLD,2017-07-21,13:58:00,21.66,21.66,21.66,21.66,100
HTLD,2017-07-21,13:59:00,21.66,21.66,21.65,21.65,2107
HTLD,2017-07-21,14:00:00,21.66,21.66,21.63,21.63,2302
HTLD,2017-07-21,14:01:00,21.64,21.64,21.64,21.64,100
HTLD,2017-07-21,14:02:00,21.64,21.64,21.64,21.64,400
HTLD,2017-07-21,14:03:00,21.64,21.64,21.64,21.64,400
HTLD,2017-07-21,14:05:00,21.64,21.64,21.63,21.64,1400
HTLD,2017-07-21,14:06:00,21.64,21.64,21.64,21.64,500
HTLD,2017-07-21,14:08:00,21.64,21.65,21.63,21.64,3033
HTLD,2017-07-21,14:09:00,21.64,21.64,21.64,21.64,700
HTLD,2017-07-21,14:12:00,21.64,21.64,21.64,21.64,200
HTLD,2017-07-21,14:13:00,21.64,21.65,21.64,21.65,800
HTLD,2017-07-21,14:14:00,21.64,21.64,21.64,21.64,200
HTLD,2017-07-21,14:15:00,21.64,21.64,21.64,21.64,663
HTLD,2017-07-21,14:17:00,21.65,21.65,21.64,21.65,2400
HTLD,2017-07-21,14:18:00,21.66,21.67,21.65,21.65,5223
HTLD,2017-07-21,14:19:00,21.65,21.65,21.65,21.65,100
HTLD,2017-07-21,14:21:00,21.64,21.64,21.64,21.64,1000
HTLD,2017-07-21,14:22:00,21.64,21.66,21.63,21.66,2457
HTLD,2017-07-21,14:23:00,21.65,21.65,21.63,21.65,1300
HTLD,2017-07-21,14:24:00,21.64,21.65,21.64,21.65,2300
HTLD,2017-07-21,14:25:00,21.65,21.66,21.65,21.65,800
HTLD,2017-07-21,14:26:00,21.65,21.65,21.65,21.65,400
HTLD,2017-07-21,14:32:00,21.65,21.65,21.64,21.64,300
HTLD,2017-07-21,14:33:00,21.64,21.64,21.64,21.64,2040
HTLD,2017-07-21,14:34:00,21.65,21.65,21.65,21.65,100
HTLD,2017-07-21,14:35:00,21.65,21.65,21.64,21.64,300
HTLD,2017-07-21,14:36:00,21.65,21.65,21.64,21.64,300
HTLD,2017-07-21,14:38:00,21.64,21.64,21.63,21.63,800
HTLD,2017-07-21,14:39:00,21.64,21.64,21.63,21.63,300
HTLD,2017-07-21,14:41:00,21.63,21.63,21.62,21.62,2219
HTLD,2017-07-21,14:42:00,21.62,21.62,21.62,21.62,100
HTLD,2017-07-21,14:43:00,21.62,21.62,21.62,21.62,200
HTLD,2017-07-21,14:44:00,21.63,21.64,21.63,21.64,1050
HTLD,2017-07-21,14:47:00,21.64,21.64,21.64,21.64,100
HTLD,2017-07-21,14:50:00,21.63,21.63,21.62,21.62,1055
HTLD,2017-07-21,14:51:00,21.62,21.63,21.62,21.63,698
HTLD,2017-07-21,14:52:00,21.64,21.64,21.63,21.64,1000
HTLD,2017-07-21,14:53:00,21.64,21.64,21.64,21.64,200
HTLD,2017-07-21,14:54:00,21.64,21.64,21.64,21.64,400
HTLD,2017-07-21,14:57:00,21.65,21.65,21.65,21.65,100
HTLD,2017-07-21,14:58:00,21.65,21.65,21.63,21.64,6321
HTLD,2017-07-21,14:59:00,21.63,21.65,21.63,21.64,3100
HTLD,2017-07-21,15:01:00,21.65,21.65,21.65,21.65,1804
HTLD,2017-07-21,15:02:00,21.66,21.67,21.66,21.66,1200
HTLD,2017-07-21,15:03:00,21.67,21.67,21.65,21.65,2924
HTLD,2017-07-21,15:06:00,21.64,21.65,21.64,21.65,300
HTLD,2017-07-21,15:08:00,21.64,21.66,21.64,21.66,11166
HTLD,2017-07-21,15:09:00,21.66,21.66,21.66,21.66,400
HTLD,2017-07-21,15:11:00,21.65,21.66,21.63,21.63,10897
HTLD,2017-07-21,15:12:00,21.64,21.65,21.63,21.65,1450
HTLD,2017-07-21,15:13:00,21.65,21.65,21.64,21.65,500
HTLD,2017-07-21,15:14:00,21.64,21.64,21.63,21.64,1100
HTLD,2017-07-21,15:15:00,21.63,21.64,21.63,21.64,700
HTLD,2017-07-21,15:16:00,21.63,21.63,21.62,21.62,1200
HTLD,2017-07-21,15:17:00,21.62,21.62,21.61,21.61,2375
HTLD,2017-07-21,15:18:00,21.62,21.62,21.62,21.62,2100
HTLD,2017-07-21,15:19:00,21.61,21.61,21.61,21.61,200
HTLD,2017-07-21,15:20:00,21.62,21.62,21.61,21.62,4492
HTLD,2017-07-21,15:21:00,21.62,21.62,21.61,21.61,1000
HTLD,2017-07-21,15:22:00,21.61,21.61,21.61,21.61,200
HTLD,2017-07-21,15:23:00,21.60,21.60,21.59,21.59,1500
HTLD,2017-07-21,15:24:00,21.59,21.59,21.59,21.59,100
HTLD,2017-07-21,15:25:00,21.59,21.59,21.58,21.59,475
HTLD,2017-07-21,15:26:00,21.58,21.58,21.58,21.58,529
HTLD,2017-07-21,15:27:00,21.58,21.58,21.58,21.58,1500
HTLD,2017-07-21,15:28:00,21.58,21.59,21.58,21.59,1750
HTLD,2017-07-21,15:29:00,21.60,21.61,21.59,21.61,5300
HTLD,2017-07-21,15:30:00,21.61,21.61,21.60,21.61,1300
HTLD,2017-07-21,15:31:00,21.61,21.63,21.61,21.62,3400
HTLD,2017-07-21,15:32:00,21.62,21.63,21.62,21.62,800
HTLD,2017-07-21,15:33:00,21.63,21.64,21.62,21.63,4331
HTLD,2017-07-21,15:34:00,21.64,21.64,21.63,21.63,200
HTLD,2017-07-21,15:35:00,21.64,21.64,21.63,21.63,1000
HTLD,2017-07-21,15:36:00,21.63,21.64,21.63,21.63,1619
HTLD,2017-07-21,15:37:00,21.63,21.64,21.62,21.63,6308
HTLD,2017-07-21,15:38:00,21.63,21.63,21.62,21.63,2200
HTLD,2017-07-21,15:39:00,21.62,21.63,21.62,21.62,700
HTLD,2017-07-21,15:40:00,21.62,21.63,21.62,21.62,3700
HTLD,2017-07-21,15:41:00,21.63,21.64,21.63,21.64,1519
HTLD,2017-07-21,15:42:00,21.64,21.64,21.62,21.63,6194
HTLD,2017-07-21,15:43:00,21.62,21.63,21.62,21.62,2400
HTLD,2017-07-21,15:44:00,21.63,21.65,21.62,21.64,7638
HTLD,2017-07-21,15:45:00,21.63,21.64,21.63,21.63,950
HTLD,2017-07-21,15:46:00,21.64,21.64,21.63,21.64,1100
HTLD,2017-07-21,15:47:00,21.64,21.64,21.63,21.63,1000
HTLD,2017-07-21,15:48:00,21.63,21.64,21.63,21.64,2200
HTLD,2017-07-21,15:49:00,21.64,21.64,21.63,21.63,2000
HTLD,2017-07-21,15:50:00,21.63,21.64,21.59,21.61,13823
HTLD,2017-07-21,15:51:00,21.61,21.61,21.60,21.61,2000
HTLD,2017-07-21,15:52:00,21.61,21.61,21.60,21.61,1147
HTLD,2017-07-21,15:53:00,21.61,21.61,21.60,21.61,700
HTLD,2017-07-21,15:54:00,21.61,21.61,21.57,21.58,12442
HTLD,2017-07-21,15:55:00,21.58,21.59,21.58,21.59,1900
HTLD,2017-07-21,15:56:00,21.59,21.59,21.58,21.59,4064
HTLD,2017-07-21,15:57:00,21.58,21.59,21.58,21.59,4541
HTLD,2017-07-21,15:58:00,21.58,21.58,21.57,21.57,6387
HTLD,2017-07-21,15:59:00,21.57,21.57,21.56,21.57,9835
HTLD,2017-07-21,16:00:00,21.57,21.58,21.55,21.58,38646
