INVH,2017-07-18,09:30:00,21.56,21.56,21.56,21.56,2400
INVH,2017-07-18,09:40:00,21.55,21.55,21.55,21.55,400
INVH,2017-07-18,09:46:00,21.57,21.59,21.57,21.58,800
INVH,2017-07-18,09:48:00,21.59,21.59,21.59,21.59,200
INVH,2017-07-18,09:49:00,21.59,21.59,21.59,21.59,300
INVH,2017-07-18,09:51:00,21.58,21.59,21.58,21.59,200
INVH,2017-07-18,09:56:00,21.59,21.59,21.59,21.59,200
INVH,2017-07-18,09:57:00,21.58,21.59,21.54,21.55,1803
INVH,2017-07-18,10:00:00,21.55,21.55,21.55,21.55,200
INVH,2017-07-18,10:01:00,21.55,21.55,21.55,21.55,100
INVH,2017-07-18,10:03:00,21.54,21.57,21.53,21.57,5957
INVH,2017-07-18,10:04:00,21.56,21.56,21.56,21.56,100
INVH,2017-07-18,10:05:00,21.56,21.56,21.56,21.56,100
INVH,2017-07-18,10:06:00,21.55,21.56,21.55,21.56,200
INVH,2017-07-18,10:07:00,21.56,21.56,21.56,21.56,200
INVH,2017-07-18,10:08:00,21.56,21.56,21.56,21.56,100
INVH,2017-07-18,10:09:00,21.55,21.57,21.55,21.57,200
INVH,2017-07-18,10:10:00,21.55,21.55,21.55,21.55,686
INVH,2017-07-18,10:11:00,21.56,21.56,21.56,21.56,100
INVH,2017-07-18,10:12:00,21.56,21.56,21.54,21.55,2802
INVH,2017-07-18,10:13:00,21.55,21.55,21.55,21.55,200
INVH,2017-07-18,10:14:00,21.55,21.55,21.55,21.55,6072
INVH,2017-07-18,10:15:00,21.55,21.56,21.55,21.56,700
INVH,2017-07-18,10:16:00,21.55,21.57,21.55,21.57,2200
INVH,2017-07-18,10:17:00,21.57,21.61,21.57,21.60,2400
INVH,2017-07-18,10:18:00,21.60,21.63,21.60,21.63,1901
INVH,2017-07-18,10:19:00,21.64,21.64,21.64,21.64,200
INVH,2017-07-18,10:20:00,21.65,21.65,21.65,21.65,200
INVH,2017-07-18,10:21:00,21.64,21.64,21.64,21.64,1600
INVH,2017-07-18,10:22:00,21.64,21.64,21.64,21.64,100
INVH,2017-07-18,10:24:00,21.64,21.64,21.64,21.64,100
INVH,2017-07-18,10:25:00,21.65,21.65,21.65,21.65,250
INVH,2017-07-18,10:27:00,21.64,21.64,21.64,21.64,400
INVH,2017-07-18,10:28:00,21.64,21.64,21.62,21.62,2493
INVH,2017-07-18,10:29:00,21.61,21.62,21.61,21.62,3700
INVH,2017-07-18,10:30:00,21.62,21.65,21.62,21.63,99599
INVH,2017-07-18,10:31:00,21.62,21.63,21.61,21.61,1900
INVH,2017-07-18,10:32:00,21.61,21.62,21.61,21.62,700
INVH,2017-07-18,10:33:00,21.61,21.61,21.61,21.61,814
INVH,2017-07-18,10:38:00,21.61,21.62,21.61,21.62,2102
INVH,2017-07-18,10:39:00,21.62,21.62,21.62,21.62,800
INVH,2017-07-18,10:40:00,21.62,21.62,21.62,21.62,100
INVH,2017-07-18,10:41:00,21.62,21.64,21.62,21.64,2600
INVH,2017-07-18,10:42:00,21.64,21.64,21.63,21.63,2300
INVH,2017-07-18,10:43:00,21.62,21.62,21.61,21.61,1000
INVH,2017-07-18,10:45:00,21.61,21.61,21.61,21.61,200
INVH,2017-07-18,10:46:00,21.61,21.61,21.61,21.61,100
INVH,2017-07-18,10:47:00,21.60,21.60,21.60,21.60,100
INVH,2017-07-18,10:49:00,21.61,21.61,21.61,21.61,125
INVH,2017-07-18,10:50:00,21.61,21.61,21.60,21.60,338
INVH,2017-07-18,10:51:00,21.61,21.61,21.61,21.61,200
INVH,2017-07-18,10:52:00,21.61,21.61,21.61,21.61,300
INVH,2017-07-18,10:53:00,21.61,21.61,21.61,21.61,300
INVH,2017-07-18,10:54:00,21.61,21.62,21.61,21.62,2700
INVH,2017-07-18,10:55:00,21.62,21.62,21.62,21.62,400
INVH,2017-07-18,10:56:00,21.62,21.62,21.61,21.61,200
INVH,2017-07-18,10:57:00,21.62,21.63,21.61,21.63,600
INVH,2017-07-18,10:58:00,21.65,21.65,21.64,21.65,400
INVH,2017-07-18,10:59:00,21.65,21.65,21.64,21.64,400
INVH,2017-07-18,11:00:00,21.64,21.65,21.64,21.64,1798
INVH,2017-07-18,11:01:00,21.65,21.65,21.65,21.65,100
INVH,2017-07-18,11:03:00,21.64,21.64,21.64,21.64,100
INVH,2017-07-18,11:05:00,21.65,21.65,21.65,21.65,200
INVH,2017-07-18,11:06:00,21.64,21.65,21.64,21.64,500
INVH,2017-07-18,11:07:00,21.64,21.65,21.64,21.65,200
INVH,2017-07-18,11:08:00,21.65,21.65,21.65,21.65,100
INVH,2017-07-18,11:09:00,21.65,21.65,21.65,21.65,200
INVH,2017-07-18,11:10:00,21.65,21.65,21.65,21.65,200
INVH,2017-07-18,11:11:00,21.65,21.65,21.64,21.65,1133
INVH,2017-07-18,11:12:00,21.64,21.64,21.64,21.64,502
INVH,2017-07-18,11:15:00,21.65,21.65,21.64,21.64,200
INVH,2017-07-18,11:16:00,21.64,21.65,21.64,21.65,200
INVH,2017-07-18,11:17:00,21.65,21.65,21.64,21.64,800
INVH,2017-07-18,11:18:00,21.65,21.65,21.65,21.65,300
INVH,2017-07-18,11:19:00,21.65,21.65,21.65,21.65,400
INVH,2017-07-18,11:20:00,21.65,21.65,21.65,21.65,200
INVH,2017-07-18,11:21:00,21.65,21.65,21.64,21.64,2114
INVH,2017-07-18,11:22:00,21.65,21.65,21.65,21.65,300
INVH,2017-07-18,11:23:00,21.65,21.65,21.64,21.65,1000
INVH,2017-07-18,11:24:00,21.65,21.66,21.65,21.66,1895
INVH,2017-07-18,11:25:00,21.66,21.66,21.66,21.66,400
INVH,2017-07-18,11:26:00,21.66,21.66,21.65,21.66,1300
INVH,2017-07-18,11:27:00,21.65,21.66,21.65,21.66,800
INVH,2017-07-18,11:28:00,21.66,21.66,21.63,21.63,3562
INVH,2017-07-18,11:29:00,21.61,21.61,21.61,21.61,400
INVH,2017-07-18,11:31:00,21.62,21.62,21.62,21.62,700
INVH,2017-07-18,11:34:00,21.62,21.62,21.62,21.62,100
INVH,2017-07-18,11:35:00,21.62,21.63,21.62,21.62,800
INVH,2017-07-18,11:36:00,21.63,21.63,21.62,21.62,1558
INVH,2017-07-18,11:38:00,21.61,21.61,21.61,21.61,500
INVH,2017-07-18,11:40:00,21.62,21.62,21.61,21.61,240
INVH,2017-07-18,11:42:00,21.62,21.62,21.62,21.62,1400
INVH,2017-07-18,11:44:00,21.63,21.63,21.63,21.63,200
INVH,2017-07-18,11:45:00,21.63,21.63,21.63,21.63,300
INVH,2017-07-18,11:46:00,21.64,21.64,21.63,21.63,1100
INVH,2017-07-18,11:47:00,21.64,21.64,21.64,21.64,200
INVH,2017-07-18,11:48:00,21.64,21.64,21.64,21.64,200
INVH,2017-07-18,11:49:00,21.64,21.64,21.64,21.64,400
INVH,2017-07-18,11:51:00,21.65,21.65,21.65,21.65,300
INVH,2017-07-18,11:52:00,21.65,21.65,21.64,21.65,300
INVH,2017-07-18,11:53:00,21.65,21.65,21.65,21.65,200
INVH,2017-07-18,11:54:00,21.65,21.65,21.64,21.65,300
INVH,2017-07-18,11:55:00,21.64,21.65,21.64,21.65,300
INVH,2017-07-18,11:56:00,21.65,21.65,21.63,21.63,3474
INVH,2017-07-18,11:57:00,21.62,21.62,21.62,21.62,444
INVH,2017-07-18,11:59:00,21.62,21.63,21.62,21.63,1200
INVH,2017-07-18,12:03:00,21.62,21.62,21.62,21.62,100
INVH,2017-07-18,12:05:00,21.63,21.63,21.63,21.63,200
INVH,2017-07-18,12:06:00,21.62,21.64,21.62,21.63,1200
INVH,2017-07-18,12:07:00,21.64,21.64,21.64,21.64,100
INVH,2017-07-18,12:08:00,21.64,21.64,21.63,21.63,997
INVH,2017-07-18,12:09:00,21.64,21.64,21.64,21.64,200
INVH,2017-07-18,12:10:00,21.65,21.65,21.64,21.65,500
INVH,2017-07-18,12:11:00,21.64,21.65,21.64,21.65,400
INVH,2017-07-18,12:12:00,21.65,21.65,21.64,21.64,600
INVH,2017-07-18,12:13:00,21.65,21.65,21.65,21.65,200
INVH,2017-07-18,12:14:00,21.65,21.65,21.64,21.64,200
INVH,2017-07-18,12:15:00,21.65,21.65,21.61,21.61,2860
INVH,2017-07-18,12:16:00,21.61,21.61,21.61,21.61,100
INVH,2017-07-18,12:17:00,21.62,21.63,21.62,21.63,900
INVH,2017-07-18,12:19:00,21.64,21.64,21.64,21.64,100
INVH,2017-07-18,12:20:00,21.63,21.63,21.63,21.63,400
INVH,2017-07-18,12:24:00,21.63,21.63,21.63,21.63,100
INVH,2017-07-18,12:25:00,21.64,21.64,21.64,21.64,200
INVH,2017-07-18,12:26:00,21.63,21.63,21.63,21.63,100
INVH,2017-07-18,12:27:00,21.64,21.64,21.64,21.64,300
INVH,2017-07-18,12:28:00,21.64,21.64,21.64,21.64,200
INVH,2017-07-18,12:29:00,21.64,21.64,21.64,21.64,100
INVH,2017-07-18,12:30:00,21.64,21.64,21.64,21.64,200
INVH,2017-07-18,12:31:00,21.64,21.64,21.63,21.63,200
INVH,2017-07-18,12:32:00,21.64,21.64,21.63,21.64,300
INVH,2017-07-18,12:33:00,21.64,21.64,21.63,21.63,200
INVH,2017-07-18,12:35:00,21.64,21.64,21.64,21.64,1200
INVH,2017-07-18,12:36:00,21.64,21.64,21.64,21.64,100
INVH,2017-07-18,12:37:00,21.64,21.64,21.64,21.64,200
INVH,2017-07-18,12:39:00,21.65,21.65,21.64,21.64,1300
INVH,2017-07-18,12:40:00,21.64,21.64,21.64,21.64,100
INVH,2017-07-18,12:43:00,21.64,21.64,21.64,21.64,600
INVH,2017-07-18,12:46:00,21.64,21.64,21.64,21.64,300
INVH,2017-07-18,12:47:00,21.64,21.65,21.64,21.65,655
INVH,2017-07-18,12:49:00,21.64,21.65,21.64,21.64,450
INVH,2017-07-18,12:50:00,21.65,21.65,21.65,21.65,100
INVH,2017-07-18,12:53:00,21.65,21.65,21.65,21.65,200
INVH,2017-07-18,12:55:00,21.65,21.65,21.65,21.65,300
INVH,2017-07-18,12:56:00,21.64,21.65,21.64,21.65,500
INVH,2017-07-18,12:57:00,21.65,21.65,21.65,21.65,200
INVH,2017-07-18,12:58:00,21.65,21.65,21.65,21.65,100
INVH,2017-07-18,12:59:00,21.65,21.65,21.64,21.64,300
INVH,2017-07-18,13:00:00,21.65,21.65,21.65,21.65,100
INVH,2017-07-18,13:01:00,21.65,21.65,21.64,21.64,1800
INVH,2017-07-18,13:03:00,21.65,21.65,21.65,21.65,200
INVH,2017-07-18,13:04:00,21.64,21.65,21.64,21.64,1000
INVH,2017-07-18,13:05:00,21.65,21.65,21.65,21.65,200
INVH,2017-07-18,13:06:00,21.64,21.65,21.64,21.64,400
INVH,2017-07-18,13:07:00,21.65,21.65,21.65,21.65,100
INVH,2017-07-18,13:08:00,21.65,21.65,21.65,21.65,200
INVH,2017-07-18,13:09:00,21.65,21.65,21.65,21.65,100
INVH,2017-07-18,13:11:00,21.65,21.65,21.65,21.65,100
INVH,2017-07-18,13:12:00,21.65,21.65,21.64,21.65,700
INVH,2017-07-18,13:13:00,21.65,21.65,21.65,21.65,200
INVH,2017-07-18,13:14:00,21.65,21.65,21.65,21.65,800
INVH,2017-07-18,13:15:00,21.64,21.64,21.64,21.64,100
INVH,2017-07-18,13:17:00,21.65,21.65,21.65,21.65,100
INVH,2017-07-18,13:19:00,21.64,21.64,21.64,21.64,100
INVH,2017-07-18,13:20:00,21.64,21.64,21.64,21.64,100
INVH,2017-07-18,13:21:00,21.64,21.64,21.64,21.64,100
INVH,2017-07-18,13:22:00,21.64,21.64,21.64,21.64,100
INVH,2017-07-18,13:23:00,21.64,21.64,21.64,21.64,700
INVH,2017-07-18,13:24:00,21.64,21.64,21.61,21.61,3600
INVH,2017-07-18,13:25:00,21.60,21.61,21.60,21.61,200
INVH,2017-07-18,13:26:00,21.60,21.60,21.57,21.57,800
INVH,2017-07-18,13:27:00,21.58,21.58,21.57,21.58,1200
INVH,2017-07-18,13:28:00,21.59,21.59,21.59,21.59,100
INVH,2017-07-18,13:29:00,21.59,21.59,21.58,21.58,300
INVH,2017-07-18,13:34:00,21.59,21.59,21.59,21.59,200
INVH,2017-07-18,13:35:00,21.59,21.59,21.59,21.59,100
INVH,2017-07-18,13:37:00,21.59,21.59,21.59,21.59,100
INVH,2017-07-18,13:38:00,21.58,21.58,21.57,21.57,700
INVH,2017-07-18,13:40:00,21.56,21.56,21.55,21.55,400
INVH,2017-07-18,13:43:00,21.55,21.55,21.55,21.55,2300
INVH,2017-07-18,13:46:00,21.55,21.55,21.55,21.55,100
INVH,2017-07-18,13:47:00,21.55,21.55,21.55,21.55,100
INVH,2017-07-18,13:48:00,21.55,21.55,21.55,21.55,100
INVH,2017-07-18,13:51:00,21.55,21.55,21.55,21.55,100
INVH,2017-07-18,13:52:00,21.55,21.55,21.55,21.55,600
INVH,2017-07-18,13:53:00,21.53,21.54,21.53,21.54,400
INVH,2017-07-18,13:54:00,21.53,21.53,21.53,21.53,700
INVH,2017-07-18,13:55:00,21.53,21.53,21.53,21.53,100
INVH,2017-07-18,13:58:00,21.54,21.55,21.54,21.55,1000
INVH,2017-07-18,13:59:00,21.55,21.55,21.55,21.55,100
INVH,2017-07-18,14:03:00,21.54,21.55,21.54,21.55,200
INVH,2017-07-18,14:04:00,21.54,21.55,21.53,21.53,800
INVH,2017-07-18,14:07:00,21.54,21.54,21.54,21.54,100
INVH,2017-07-18,14:08:00,21.54,21.54,21.54,21.54,100
INVH,2017-07-18,14:09:00,21.53,21.53,21.53,21.53,100
INVH,2017-07-18,14:10:00,21.54,21.54,21.53,21.53,1000
INVH,2017-07-18,14:11:00,21.54,21.54,21.54,21.54,100
INVH,2017-07-18,14:12:00,21.53,21.53,21.53,21.53,200
INVH,2017-07-18,14:14:00,21.54,21.54,21.53,21.53,300
INVH,2017-07-18,14:15:00,21.54,21.54,21.54,21.54,200
INVH,2017-07-18,14:16:00,21.53,21.54,21.53,21.53,400
INVH,2017-07-18,14:17:00,21.53,21.53,21.51,21.51,5469
INVH,2017-07-18,14:18:00,21.51,21.52,21.51,21.51,4900
INVH,2017-07-18,14:19:00,21.52,21.55,21.52,21.55,4100
INVH,2017-07-18,14:20:00,21.55,21.55,21.55,21.55,100
INVH,2017-07-18,14:23:00,21.55,21.55,21.55,21.55,800
INVH,2017-07-18,14:25:00,21.55,21.56,21.55,21.55,300
INVH,2017-07-18,14:28:00,21.55,21.55,21.55,21.55,100
INVH,2017-07-18,14:29:00,21.55,21.55,21.55,21.55,100
INVH,2017-07-18,14:30:00,21.56,21.56,21.56,21.56,400
INVH,2017-07-18,14:33:00,21.55,21.55,21.53,21.53,2700
INVH,2017-07-18,14:35:00,21.54,21.54,21.54,21.54,168
INVH,2017-07-18,14:36:00,21.54,21.55,21.54,21.54,2400
INVH,2017-07-18,14:40:00,21.54,21.54,21.54,21.54,100
INVH,2017-07-18,14:43:00,21.54,21.55,21.54,21.54,1000
INVH,2017-07-18,14:44:00,21.54,21.54,21.54,21.54,1000
INVH,2017-07-18,14:45:00,21.53,21.53,21.53,21.53,100
INVH,2017-07-18,14:46:00,21.54,21.54,21.54,21.54,100
INVH,2017-07-18,14:47:00,21.53,21.53,21.53,21.53,100
INVH,2017-07-18,14:49:00,21.54,21.54,21.54,21.54,100
INVH,2017-07-18,14:51:00,21.54,21.54,21.53,21.54,1006
INVH,2017-07-18,14:52:00,21.54,21.54,21.54,21.54,200
INVH,2017-07-18,14:54:00,21.54,21.54,21.54,21.54,200
INVH,2017-07-18,14:55:00,21.54,21.54,21.54,21.54,100
INVH,2017-07-18,14:57:00,21.54,21.54,21.54,21.54,600
INVH,2017-07-18,14:59:00,21.53,21.54,21.53,21.53,1300
INVH,2017-07-18,15:00:00,21.54,21.54,21.53,21.54,300
INVH,2017-07-18,15:01:00,21.54,21.54,21.54,21.54,100
INVH,2017-07-18,15:02:00,21.54,21.54,21.54,21.54,100
INVH,2017-07-18,15:04:00,21.54,21.54,21.53,21.54,400
INVH,2017-07-18,15:06:00,21.54,21.54,21.53,21.53,4295
INVH,2017-07-18,15:07:00,21.53,21.54,21.53,21.54,400
INVH,2017-07-18,15:09:00,21.53,21.53,21.53,21.53,600
INVH,2017-07-18,15:10:00,21.53,21.53,21.53,21.53,100
INVH,2017-07-18,15:11:00,21.54,21.54,21.53,21.54,600
INVH,2017-07-18,15:12:00,21.53,21.54,21.53,21.53,800
INVH,2017-07-18,15:13:00,21.54,21.54,21.53,21.53,200
INVH,2017-07-18,15:14:00,21.53,21.54,21.53,21.53,1300
INVH,2017-07-18,15:15:00,21.53,21.54,21.53,21.54,300
INVH,2017-07-18,15:16:00,21.53,21.54,21.53,21.54,700
INVH,2017-07-18,15:17:00,21.53,21.53,21.53,21.53,400
INVH,2017-07-18,15:18:00,21.53,21.53,21.53,21.53,200
INVH,2017-07-18,15:19:00,21.53,21.54,21.53,21.54,500
INVH,2017-07-18,15:20:00,21.53,21.54,21.53,21.54,300
INVH,2017-07-18,15:21:00,21.53,21.54,21.53,21.54,1800
INVH,2017-07-18,15:22:00,21.54,21.54,21.53,21.53,700
INVH,2017-07-18,15:23:00,21.53,21.53,21.53,21.53,200
INVH,2017-07-18,15:24:00,21.53,21.54,21.53,21.54,200
INVH,2017-07-18,15:25:00,21.53,21.53,21.53,21.53,100
INVH,2017-07-18,15:26:00,21.54,21.54,21.53,21.53,600
INVH,2017-07-18,15:27:00,21.54,21.54,21.53,21.54,500
INVH,2017-07-18,15:28:00,21.54,21.54,21.52,21.53,12183
INVH,2017-07-18,15:29:00,21.52,21.53,21.52,21.53,1236
INVH,2017-07-18,15:30:00,21.52,21.52,21.52,21.52,400
INVH,2017-07-18,15:31:00,21.52,21.52,21.46,21.46,3301
INVH,2017-07-18,15:32:00,21.46,21.50,21.46,21.49,3357
INVH,2017-07-18,15:33:00,21.50,21.50,21.50,21.50,200
INVH,2017-07-18,15:34:00,21.49,21.50,21.49,21.50,400
INVH,2017-07-18,15:35:00,21.50,21.50,21.49,21.49,400
INVH,2017-07-18,15:36:00,21.49,21.50,21.48,21.49,4563
INVH,2017-07-18,15:37:00,21.49,21.49,21.49,21.49,300
INVH,2017-07-18,15:38:00,21.50,21.50,21.50,21.50,100
INVH,2017-07-18,15:39:00,21.50,21.50,21.50,21.50,100
INVH,2017-07-18,15:40:00,21.50,21.50,21.49,21.50,300
INVH,2017-07-18,15:41:00,21.49,21.50,21.49,21.50,600
INVH,2017-07-18,15:42:00,21.49,21.50,21.48,21.48,1375
INVH,2017-07-18,15:43:00,21.48,21.48,21.47,21.48,1167
INVH,2017-07-18,15:44:00,21.47,21.48,21.46,21.46,1700
INVH,2017-07-18,15:45:00,21.46,21.47,21.44,21.47,10311
INVH,2017-07-18,15:46:00,21.46,21.47,21.46,21.46,1000
INVH,2017-07-18,15:47:00,21.46,21.46,21.46,21.46,300
INVH,2017-07-18,15:48:00,21.46,21.46,21.46,21.46,600
INVH,2017-07-18,15:49:00,21.46,21.47,21.46,21.47,1625
INVH,2017-07-18,15:50:00,21.46,21.47,21.46,21.46,600
INVH,2017-07-18,15:51:00,21.46,21.47,21.46,21.46,1600
INVH,2017-07-18,15:52:00,21.46,21.46,21.45,21.45,5245
INVH,2017-07-18,15:53:00,21.44,21.45,21.43,21.44,4500
INVH,2017-07-18,15:54:00,21.43,21.44,21.43,21.43,2400
INVH,2017-07-18,15:55:00,21.43,21.44,21.42,21.44,11208
INVH,2017-07-18,15:56:00,21.44,21.48,21.43,21.48,7655
INVH,2017-07-18,15:57:00,21.47,21.48,21.46,21.47,5100
INVH,2017-07-18,15:58:00,21.46,21.47,21.46,21.46,4939
INVH,2017-07-18,15:59:00,21.46,21.47,21.46,21.47,7364
INVH,2017-07-18,16:00:00,21.47,21.47,21.46,21.47,11192
INVH,2017-07-19,09:30:00,21.42,21.50,21.42,21.50,3305
INVH,2017-07-19,09:34:00,21.43,21.43,21.43,21.43,100
INVH,2017-07-19,09:35:00,21.43,21.43,21.43,21.43,200
INVH,2017-07-19,09:36:00,21.48,21.48,21.48,21.48,100
INVH,2017-07-19,09:38:00,21.45,21.45,21.45,21.45,100
INVH,2017-07-19,09:39:00,21.46,21.47,21.46,21.46,3300
INVH,2017-07-19,09:40:00,21.47,21.47,21.47,21.47,100
INVH,2017-07-19,09:42:00,21.45,21.45,21.45,21.45,100
INVH,2017-07-19,09:44:00,21.49,21.49,21.48,21.48,253
INVH,2017-07-19,09:45:00,21.49,21.51,21.49,21.51,2819
INVH,2017-07-19,09:46:00,21.51,21.53,21.51,21.51,300
INVH,2017-07-19,09:49:00,21.50,21.53,21.50,21.53,200
INVH,2017-07-19,09:50:00,21.52,21.52,21.52,21.52,200
INVH,2017-07-19,09:51:00,21.51,21.51,21.51,21.51,100
INVH,2017-07-19,09:52:00,21.53,21.53,21.53,21.53,300
INVH,2017-07-19,09:54:00,21.53,21.56,21.51,21.55,1903
INVH,2017-07-19,09:56:00,21.51,21.51,21.51,21.51,100
INVH,2017-07-19,09:58:00,21.54,21.54,21.54,21.54,100
INVH,2017-07-19,09:59:00,21.51,21.51,21.51,21.51,100
INVH,2017-07-19,10:00:00,21.54,21.54,21.54,21.54,400
INVH,2017-07-19,10:01:00,21.58,21.58,21.58,21.58,200
INVH,2017-07-19,10:02:00,21.56,21.57,21.56,21.57,300
INVH,2017-07-19,10:04:00,21.58,21.58,21.58,21.58,100
INVH,2017-07-19,10:05:00,21.60,21.60,21.58,21.59,400
INVH,2017-07-19,10:07:00,21.59,21.59,21.59,21.59,100
INVH,2017-07-19,10:09:00,21.59,21.59,21.58,21.58,800
INVH,2017-07-19,10:10:00,21.57,21.57,21.57,21.57,200
INVH,2017-07-19,10:14:00,21.58,21.58,21.57,21.57,200
INVH,2017-07-19,10:15:00,21.57,21.57,21.57,21.57,800
INVH,2017-07-19,10:16:00,21.57,21.57,21.57,21.57,100
INVH,2017-07-19,10:17:00,21.57,21.59,21.57,21.59,500
INVH,2017-07-19,10:18:00,21.57,21.57,21.57,21.57,100
INVH,2017-07-19,10:19:00,21.59,21.59,21.59,21.59,300
INVH,2017-07-19,10:21:00,21.61,21.61,21.60,21.60,200
INVH,2017-07-19,10:22:00,21.61,21.61,21.61,21.61,100
INVH,2017-07-19,10:23:00,21.61,21.61,21.61,21.61,100
INVH,2017-07-19,10:24:00,21.60,21.61,21.60,21.60,64788
INVH,2017-07-19,10:25:00,21.59,21.60,21.59,21.60,915
INVH,2017-07-19,10:26:00,21.60,21.60,21.58,21.58,1500
INVH,2017-07-19,10:27:00,21.58,21.58,21.58,21.58,100
INVH,2017-07-19,10:28:00,21.57,21.57,21.56,21.57,1900
INVH,2017-07-19,10:29:00,21.57,21.59,21.57,21.59,1800
INVH,2017-07-19,10:30:00,21.59,21.59,21.59,21.59,100
INVH,2017-07-19,10:31:00,21.59,21.59,21.59,21.59,862
INVH,2017-07-19,10:32:00,21.59,21.59,21.58,21.58,700
INVH,2017-07-19,10:33:00,21.59,21.59,21.59,21.59,500
INVH,2017-07-19,10:35:00,21.58,21.58,21.58,21.58,100
INVH,2017-07-19,10:36:00,21.58,21.58,21.58,21.58,100
INVH,2017-07-19,10:37:00,21.58,21.58,21.58,21.58,100
INVH,2017-07-19,10:39:00,21.59,21.59,21.59,21.59,200
INVH,2017-07-19,10:40:00,21.58,21.58,21.58,21.58,100
INVH,2017-07-19,10:42:00,21.59,21.60,21.59,21.60,790
INVH,2017-07-19,10:44:00,21.61,21.61,21.60,21.60,200
INVH,2017-07-19,10:45:00,21.61,21.62,21.61,21.62,4842
INVH,2017-07-19,10:46:00,21.63,21.63,21.62,21.63,1700
INVH,2017-07-19,10:47:00,21.64,21.66,21.64,21.66,900
INVH,2017-07-19,10:48:00,21.65,21.66,21.65,21.66,1770
INVH,2017-07-19,10:49:00,21.65,21.66,21.65,21.66,1494
INVH,2017-07-19,10:50:00,21.64,21.64,21.64,21.64,100
INVH,2017-07-19,10:51:00,21.65,21.65,21.65,21.65,200
INVH,2017-07-19,10:52:00,21.65,21.65,21.64,21.64,300
INVH,2017-07-19,10:54:00,21.64,21.64,21.63,21.63,1000
INVH,2017-07-19,10:55:00,21.63,21.63,21.63,21.63,100
INVH,2017-07-19,10:56:00,21.62,21.62,21.61,21.61,700
INVH,2017-07-19,10:57:00,21.61,21.63,21.61,21.63,900
INVH,2017-07-19,10:58:00,21.63,21.63,21.63,21.63,100
INVH,2017-07-19,11:01:00,21.63,21.64,21.63,21.64,400
INVH,2017-07-19,11:02:00,21.66,21.66,21.65,21.65,200
INVH,2017-07-19,11:03:00,21.65,21.65,21.65,21.65,300
INVH,2017-07-19,11:05:00,21.64,21.65,21.64,21.65,200
INVH,2017-07-19,11:06:00,21.64,21.65,21.64,21.65,300
INVH,2017-07-19,11:07:00,21.65,21.65,21.65,21.65,100
INVH,2017-07-19,11:08:00,21.66,21.66,21.66,21.66,650
INVH,2017-07-19,11:09:00,21.65,21.66,21.65,21.66,200
INVH,2017-07-19,11:10:00,21.65,21.65,21.65,21.65,200
INVH,2017-07-19,11:11:00,21.66,21.66,21.65,21.65,700
INVH,2017-07-19,11:12:00,21.66,21.66,21.66,21.66,200
INVH,2017-07-19,11:13:00,21.65,21.65,21.65,21.65,100
INVH,2017-07-19,11:14:00,21.65,21.65,21.65,21.65,100
INVH,2017-07-19,11:16:00,21.66,21.66,21.66,21.66,100
INVH,2017-07-19,11:17:00,21.65,21.66,21.65,21.66,500
INVH,2017-07-19,11:18:00,21.65,21.65,21.65,21.65,100
INVH,2017-07-19,11:19:00,21.65,21.65,21.64,21.65,1800
INVH,2017-07-19,11:20:00,21.66,21.66,21.66,21.66,100
INVH,2017-07-19,11:21:00,21.65,21.65,21.65,21.65,300
INVH,2017-07-19,11:22:00,21.66,21.66,21.66,21.66,100
INVH,2017-07-19,11:23:00,21.66,21.66,21.66,21.66,800
INVH,2017-07-19,11:25:00,21.66,21.66,21.66,21.66,100
INVH,2017-07-19,11:26:00,21.66,21.67,21.66,21.67,300
INVH,2017-07-19,11:29:00,21.66,21.66,21.66,21.66,900
INVH,2017-07-19,11:30:00,21.66,21.66,21.66,21.66,200
INVH,2017-07-19,11:31:00,21.66,21.67,21.66,21.67,1100
INVH,2017-07-19,11:32:00,21.66,21.67,21.66,21.67,400
INVH,2017-07-19,11:33:00,21.66,21.66,21.66,21.66,800
INVH,2017-07-19,11:34:00,21.66,21.66,21.66,21.66,100
INVH,2017-07-19,11:35:00,21.67,21.67,21.66,21.66,300
INVH,2017-07-19,11:38:00,21.66,21.67,21.66,21.66,900
INVH,2017-07-19,11:39:00,21.66,21.67,21.66,21.67,200
INVH,2017-07-19,11:40:00,21.66,21.66,21.66,21.66,200
INVH,2017-07-19,11:41:00,21.66,21.67,21.66,21.66,400
INVH,2017-07-19,11:42:00,21.66,21.66,21.66,21.66,400
INVH,2017-07-19,11:43:00,21.67,21.67,21.67,21.67,200
INVH,2017-07-19,11:44:00,21.67,21.67,21.62,21.62,5767
INVH,2017-07-19,11:45:00,21.64,21.64,21.64,21.64,300
INVH,2017-07-19,11:46:00,21.64,21.64,21.63,21.64,400
INVH,2017-07-19,11:47:00,21.64,21.64,21.63,21.63,2300
INVH,2017-07-19,11:48:00,21.63,21.63,21.63,21.63,100
INVH,2017-07-19,11:51:00,21.62,21.63,21.62,21.63,300
INVH,2017-07-19,11:52:00,21.62,21.62,21.58,21.58,3009
INVH,2017-07-19,11:53:00,21.60,21.60,21.60,21.60,700
INVH,2017-07-19,11:54:00,21.60,21.61,21.60,21.60,3144
INVH,2017-07-19,11:56:00,21.61,21.61,21.61,21.61,700
INVH,2017-07-19,11:57:00,21.64,21.64,21.62,21.62,200
INVH,2017-07-19,11:59:00,21.64,21.64,21.63,21.63,200
INVH,2017-07-19,12:00:00,21.63,21.63,21.63,21.63,100
INVH,2017-07-19,12:02:00,21.62,21.62,21.61,21.61,500
INVH,2017-07-19,12:03:00,21.61,21.61,21.61,21.61,200
INVH,2017-07-19,12:05:00,21.61,21.61,21.61,21.61,100
INVH,2017-07-19,12:07:00,21.61,21.61,21.61,21.61,100
INVH,2017-07-19,12:09:00,21.62,21.62,21.61,21.61,200
INVH,2017-07-19,12:10:00,21.61,21.61,21.61,21.61,900
INVH,2017-07-19,12:11:00,21.61,21.61,21.61,21.61,100
INVH,2017-07-19,12:13:00,21.61,21.61,21.61,21.61,100
INVH,2017-07-19,12:14:00,21.61,21.61,21.61,21.61,100
INVH,2017-07-19,12:16:00,21.61,21.62,21.61,21.62,932
INVH,2017-07-19,12:17:00,21.61,21.62,21.61,21.62,200
INVH,2017-07-19,12:18:00,21.63,21.63,21.63,21.63,100
INVH,2017-07-19,12:19:00,21.64,21.64,21.64,21.64,100
INVH,2017-07-19,12:20:00,21.64,21.64,21.64,21.64,200
INVH,2017-07-19,12:22:00,21.64,21.64,21.64,21.64,200
INVH,2017-07-19,12:23:00,21.63,21.64,21.63,21.64,500
INVH,2017-07-19,12:24:00,21.64,21.64,21.64,21.64,100
INVH,2017-07-19,12:25:00,21.64,21.64,21.64,21.64,100
INVH,2017-07-19,12:26:00,21.64,21.64,21.64,21.64,100
INVH,2017-07-19,12:28:00,21.64,21.64,21.62,21.62,1339
INVH,2017-07-19,12:30:00,21.62,21.62,21.59,21.59,600
INVH,2017-07-19,12:32:00,21.58,21.59,21.58,21.59,1586
INVH,2017-07-19,12:34:00,21.58,21.58,21.58,21.58,300
INVH,2017-07-19,12:37:00,21.58,21.58,21.58,21.58,100
INVH,2017-07-19,12:39:00,21.59,21.59,21.59,21.59,100
INVH,2017-07-19,12:40:00,21.59,21.59,21.58,21.58,600
INVH,2017-07-19,12:42:00,21.59,21.59,21.59,21.59,100
INVH,2017-07-19,12:43:00,21.58,21.58,21.58,21.58,100
INVH,2017-07-19,12:46:00,21.59,21.59,21.59,21.59,100
INVH,2017-07-19,12:48:00,21.59,21.59,21.59,21.59,100
INVH,2017-07-19,12:49:00,21.59,21.59,21.58,21.58,791
INVH,2017-07-19,12:50:00,21.57,21.57,21.57,21.57,100
INVH,2017-07-19,12:51:00,21.57,21.57,21.55,21.57,1500
INVH,2017-07-19,12:52:00,21.57,21.57,21.57,21.57,200
INVH,2017-07-19,12:53:00,21.58,21.58,21.58,21.58,250
INVH,2017-07-19,12:54:00,21.58,21.58,21.58,21.58,200
INVH,2017-07-19,12:55:00,21.57,21.57,21.57,21.57,505
INVH,2017-07-19,12:56:00,21.57,21.59,21.57,21.59,200
INVH,2017-07-19,12:57:00,21.58,21.58,21.58,21.58,664
INVH,2017-07-19,12:58:00,21.58,21.58,21.58,21.58,400
INVH,2017-07-19,13:05:00,21.57,21.57,21.57,21.57,100
INVH,2017-07-19,13:08:00,21.57,21.57,21.57,21.57,100
INVH,2017-07-19,13:09:00,21.57,21.57,21.57,21.57,100
INVH,2017-07-19,13:10:00,21.57,21.57,21.57,21.57,600
INVH,2017-07-19,13:11:00,21.57,21.57,21.57,21.57,400
INVH,2017-07-19,13:12:00,21.57,21.57,21.57,21.57,100
INVH,2017-07-19,13:15:00,21.57,21.57,21.57,21.57,200
INVH,2017-07-19,13:16:00,21.57,21.57,21.57,21.57,100
INVH,2017-07-19,13:18:00,21.57,21.58,21.57,21.58,200
INVH,2017-07-19,13:19:00,21.58,21.58,21.58,21.58,300
INVH,2017-07-19,13:20:00,21.57,21.57,21.57,21.57,100
INVH,2017-07-19,13:21:00,21.58,21.58,21.58,21.58,200
INVH,2017-07-19,13:22:00,21.58,21.60,21.58,21.60,1200
INVH,2017-07-19,13:23:00,21.61,21.61,21.60,21.60,300
INVH,2017-07-19,13:26:00,21.61,21.61,21.61,21.61,100
INVH,2017-07-19,13:29:00,21.61,21.61,21.61,21.61,200
INVH,2017-07-19,13:30:00,21.61,21.61,21.61,21.61,100
INVH,2017-07-19,13:32:00,21.60,21.60,21.59,21.59,1200
INVH,2017-07-19,13:35:00,21.59,21.59,21.59,21.59,100
INVH,2017-07-19,13:37:00,21.59,21.59,21.59,21.59,100
INVH,2017-07-19,13:38:00,21.59,21.59,21.59,21.59,600
INVH,2017-07-19,13:41:00,21.59,21.59,21.59,21.59,200
INVH,2017-07-19,13:44:00,21.59,21.59,21.59,21.59,100
INVH,2017-07-19,13:46:00,21.59,21.59,21.59,21.59,300
INVH,2017-07-19,13:47:00,21.59,21.59,21.59,21.59,100
INVH,2017-07-19,13:48:00,21.60,21.60,21.60,21.60,100
INVH,2017-07-19,13:49:00,21.60,21.60,21.60,21.60,100
INVH,2017-07-19,13:50:00,21.60,21.60,21.60,21.60,100
INVH,2017-07-19,13:51:00,21.59,21.59,21.59,21.59,400
INVH,2017-07-19,13:52:00,21.59,21.59,21.59,21.59,200
INVH,2017-07-19,13:53:00,21.59,21.59,21.59,21.59,100
INVH,2017-07-19,13:54:00,21.60,21.60,21.60,21.60,100
INVH,2017-07-19,13:55:00,21.59,21.60,21.59,21.60,300
INVH,2017-07-19,13:56:00,21.60,21.60,21.60,21.60,100
INVH,2017-07-19,13:58:00,21.59,21.59,21.59,21.59,100
INVH,2017-07-19,14:00:00,21.59,21.59,21.59,21.59,100
INVH,2017-07-19,14:01:00,21.59,21.61,21.59,21.61,1950
INVH,2017-07-19,14:02:00,21.61,21.62,21.61,21.62,800
INVH,2017-07-19,14:04:00,21.62,21.63,21.62,21.62,500
INVH,2017-07-19,14:06:00,21.63,21.63,21.63,21.63,200
INVH,2017-07-19,14:07:00,21.63,21.63,21.62,21.62,200
INVH,2017-07-19,14:08:00,21.62,21.62,21.62,21.62,1506
INVH,2017-07-19,14:10:00,21.61,21.62,21.61,21.62,200
INVH,2017-07-19,14:12:00,21.61,21.61,21.61,21.61,100
INVH,2017-07-19,14:14:00,21.62,21.63,21.62,21.62,1356
INVH,2017-07-19,14:15:00,21.62,21.63,21.62,21.63,325
INVH,2017-07-19,14:16:00,21.63,21.63,21.63,21.63,100
INVH,2017-07-19,14:17:00,21.62,21.63,21.62,21.63,1100
INVH,2017-07-19,14:18:00,21.64,21.64,21.64,21.64,200
INVH,2017-07-19,14:19:00,21.64,21.64,21.64,21.64,200
INVH,2017-07-19,14:20:00,21.64,21.64,21.64,21.64,400
INVH,2017-07-19,14:22:00,21.64,21.64,21.64,21.64,200
INVH,2017-07-19,14:23:00,21.64,21.64,21.64,21.64,300
INVH,2017-07-19,14:24:00,21.64,21.64,21.64,21.64,300
INVH,2017-07-19,14:25:00,21.64,21.64,21.64,21.64,100
INVH,2017-07-19,14:27:00,21.64,21.64,21.63,21.64,26300
INVH,2017-07-19,14:28:00,21.64,21.65,21.64,21.65,300
INVH,2017-07-19,14:30:00,21.64,21.64,21.64,21.64,200
INVH,2017-07-19,14:31:00,21.65,21.65,21.64,21.64,500
INVH,2017-07-19,14:32:00,21.64,21.66,21.64,21.66,9371
INVH,2017-07-19,14:33:00,21.66,21.66,21.66,21.66,400
INVH,2017-07-19,14:34:00,21.66,21.66,21.65,21.65,600
INVH,2017-07-19,14:35:00,21.66,21.66,21.66,21.66,300
INVH,2017-07-19,14:36:00,21.66,21.66,21.65,21.65,2445
INVH,2017-07-19,14:37:00,21.64,21.64,21.64,21.64,100
INVH,2017-07-19,14:40:00,21.64,21.65,21.64,21.64,2000
INVH,2017-07-19,14:42:00,21.63,21.64,21.63,21.64,200
INVH,2017-07-19,14:44:00,21.63,21.64,21.63,21.64,200
INVH,2017-07-19,14:45:00,21.63,21.63,21.63,21.63,400
INVH,2017-07-19,14:46:00,21.64,21.64,21.64,21.64,700
INVH,2017-07-19,14:47:00,21.64,21.64,21.64,21.64,2600
INVH,2017-07-19,14:48:00,21.64,21.64,21.64,21.64,200
INVH,2017-07-19,14:49:00,21.64,21.64,21.64,21.64,100
INVH,2017-07-19,14:50:00,21.64,21.64,21.64,21.64,200
INVH,2017-07-19,14:51:00,21.64,21.64,21.64,21.64,100
INVH,2017-07-19,14:52:00,21.64,21.64,21.64,21.64,700
INVH,2017-07-19,14:53:00,21.64,21.64,21.64,21.64,300
INVH,2017-07-19,14:54:00,21.64,21.64,21.64,21.64,700
INVH,2017-07-19,14:55:00,21.65,21.65,21.64,21.65,600
INVH,2017-07-19,14:56:00,21.65,21.65,21.65,21.65,100
INVH,2017-07-19,14:57:00,21.65,21.66,21.65,21.66,4775
INVH,2017-07-19,14:58:00,21.66,21.66,21.66,21.66,100
INVH,2017-07-19,15:00:00,21.66,21.66,21.65,21.65,350
INVH,2017-07-19,15:01:00,21.66,21.66,21.66,21.66,100
INVH,2017-07-19,15:02:00,21.65,21.66,21.65,21.66,300
INVH,2017-07-19,15:03:00,21.66,21.66,21.66,21.66,200
INVH,2017-07-19,15:05:00,21.66,21.66,21.65,21.65,600
INVH,2017-07-19,15:07:00,21.66,21.66,21.66,21.66,100
INVH,2017-07-19,15:09:00,21.65,21.66,21.65,21.66,400
INVH,2017-07-19,15:11:00,21.66,21.66,21.66,21.66,400
INVH,2017-07-19,15:12:00,21.66,21.66,21.65,21.65,700
INVH,2017-07-19,15:13:00,21.66,21.66,21.66,21.66,100
INVH,2017-07-19,15:14:00,21.66,21.66,21.65,21.66,556
INVH,2017-07-19,15:15:00,21.66,21.66,21.66,21.66,721
INVH,2017-07-19,15:16:00,21.66,21.66,21.66,21.66,200
INVH,2017-07-19,15:17:00,21.65,21.66,21.65,21.66,200
INVH,2017-07-19,15:18:00,21.66,21.66,21.65,21.65,300
INVH,2017-07-19,15:19:00,21.66,21.66,21.66,21.66,200
INVH,2017-07-19,15:20:00,21.66,21.66,21.66,21.66,100
INVH,2017-07-19,15:21:00,21.65,21.65,21.65,21.65,1480
INVH,2017-07-19,15:23:00,21.65,21.65,21.65,21.65,1400
INVH,2017-07-19,15:24:00,21.66,21.66,21.66,21.66,100
INVH,2017-07-19,15:25:00,21.65,21.65,21.65,21.65,100
INVH,2017-07-19,15:26:00,21.65,21.65,21.65,21.65,100
INVH,2017-07-19,15:27:00,21.66,21.66,21.66,21.66,306
INVH,2017-07-19,15:28:00,21.66,21.66,21.65,21.65,200
INVH,2017-07-19,15:29:00,21.65,21.66,21.64,21.65,5744
INVH,2017-07-19,15:30:00,21.66,21.66,21.66,21.66,1701
INVH,2017-07-19,15:31:00,21.66,21.66,21.66,21.66,400
INVH,2017-07-19,15:32:00,21.66,21.66,21.66,21.66,700
INVH,2017-07-19,15:33:00,21.66,21.66,21.66,21.66,100
INVH,2017-07-19,15:35:00,21.66,21.66,21.66,21.66,100
INVH,2017-07-19,15:36:00,21.65,21.66,21.65,21.66,200
INVH,2017-07-19,15:37:00,21.66,21.66,21.65,21.65,1800
INVH,2017-07-19,15:38:00,21.65,21.66,21.65,21.66,200
INVH,2017-07-19,15:39:00,21.65,21.65,21.65,21.65,100
INVH,2017-07-19,15:40:00,21.66,21.66,21.66,21.66,100
INVH,2017-07-19,15:42:00,21.66,21.66,21.66,21.66,100
INVH,2017-07-19,15:43:00,21.66,21.66,21.65,21.65,600
INVH,2017-07-19,15:44:00,21.66,21.66,21.65,21.65,14800
INVH,2017-07-19,15:45:00,21.65,21.66,21.65,21.66,884
INVH,2017-07-19,15:46:00,21.65,21.66,21.65,21.66,23200
INVH,2017-07-19,15:47:00,21.66,21.66,21.65,21.66,300
INVH,2017-07-19,15:48:00,21.66,21.66,21.66,21.66,2800
INVH,2017-07-19,15:49:00,21.66,21.67,21.66,21.67,3895
INVH,2017-07-19,15:50:00,21.67,21.67,21.66,21.66,500
INVH,2017-07-19,15:51:00,21.66,21.67,21.66,21.67,600
INVH,2017-07-19,15:52:00,21.67,21.67,21.66,21.67,700
INVH,2017-07-19,15:53:00,21.66,21.67,21.66,21.66,2300
INVH,2017-07-19,15:54:00,21.66,21.66,21.66,21.66,400
INVH,2017-07-19,15:55:00,21.66,21.66,21.66,21.66,1200
INVH,2017-07-19,15:56:00,21.66,21.67,21.66,21.67,2700
INVH,2017-07-19,15:57:00,21.67,21.67,21.66,21.67,2810
INVH,2017-07-19,15:58:00,21.66,21.67,21.66,21.67,1900
INVH,2017-07-19,15:59:00,21.67,21.67,21.66,21.66,4265
INVH,2017-07-19,16:00:00,21.66,21.67,21.66,21.67,8076
INVH,2017-07-20,09:30:00,21.60,21.60,21.60,21.60,3547
INVH,2017-07-20,09:32:00,21.64,21.64,21.64,21.64,400
INVH,2017-07-20,09:33:00,21.69,21.69,21.67,21.68,600
INVH,2017-07-20,09:34:00,21.69,21.70,21.69,21.70,900
INVH,2017-07-20,09:38:00,21.74,21.75,21.72,21.72,700
INVH,2017-07-20,09:39:00,21.75,21.75,21.71,21.71,1000
INVH,2017-07-20,09:41:00,21.71,21.71,21.67,21.69,8749
INVH,2017-07-20,09:42:00,21.71,21.72,21.71,21.72,400
INVH,2017-07-20,09:43:00,21.72,21.73,21.70,21.70,902
INVH,2017-07-20,09:44:00,21.70,21.70,21.69,21.69,1500
INVH,2017-07-20,09:45:00,21.69,21.75,21.69,21.75,500
INVH,2017-07-20,09:46:00,21.75,21.77,21.75,21.77,935
INVH,2017-07-20,09:47:00,21.77,21.77,21.77,21.77,100
INVH,2017-07-20,09:48:00,21.78,21.78,21.78,21.78,200
INVH,2017-07-20,09:53:00,21.76,21.79,21.76,21.76,600
INVH,2017-07-20,09:57:00,21.76,21.76,21.76,21.76,100
INVH,2017-07-20,09:58:00,21.76,21.76,21.76,21.76,100
INVH,2017-07-20,09:59:00,21.76,21.76,21.76,21.76,600
INVH,2017-07-20,10:00:00,21.76,21.77,21.75,21.77,2000
INVH,2017-07-20,10:01:00,21.76,21.76,21.74,21.76,2049
INVH,2017-07-20,10:02:00,21.76,21.77,21.76,21.77,500
INVH,2017-07-20,10:03:00,21.76,21.76,21.76,21.76,100
INVH,2017-07-20,10:05:00,21.76,21.76,21.76,21.76,100
INVH,2017-07-20,10:06:00,21.77,21.77,21.76,21.76,300
INVH,2017-07-20,10:08:00,21.74,21.74,21.74,21.74,100
INVH,2017-07-20,10:10:00,21.74,21.74,21.74,21.74,200
INVH,2017-07-20,10:11:00,21.71,21.71,21.71,21.71,100
INVH,2017-07-20,10:12:00,21.72,21.73,21.72,21.72,25700
INVH,2017-07-20,10:13:00,21.72,21.72,21.70,21.72,1800
INVH,2017-07-20,10:14:00,21.72,21.72,21.71,21.71,1200
INVH,2017-07-20,10:15:00,21.71,21.71,21.71,21.71,100
INVH,2017-07-20,10:16:00,21.71,21.71,21.69,21.70,1506
INVH,2017-07-20,10:17:00,21.70,21.70,21.70,21.70,100
INVH,2017-07-20,10:18:00,21.71,21.71,21.71,21.71,700
INVH,2017-07-20,10:21:00,21.71,21.71,21.71,21.71,200
INVH,2017-07-20,10:22:00,21.71,21.71,21.71,21.71,100
INVH,2017-07-20,10:24:00,21.71,21.71,21.71,21.71,125
INVH,2017-07-20,10:25:00,21.72,21.73,21.69,21.70,15066
INVH,2017-07-20,10:26:00,21.70,21.70,21.69,21.69,2200
INVH,2017-07-20,10:27:00,21.70,21.70,21.70,21.70,1200
INVH,2017-07-20,10:28:00,21.70,21.70,21.70,21.70,400
INVH,2017-07-20,10:29:00,21.71,21.71,21.70,21.71,800
INVH,2017-07-20,10:30:00,21.70,21.71,21.70,21.71,800
INVH,2017-07-20,10:31:00,21.70,21.70,21.70,21.70,300
INVH,2017-07-20,10:32:00,21.70,21.70,21.70,21.70,200
INVH,2017-07-20,10:33:00,21.70,21.70,21.70,21.70,100
INVH,2017-07-20,10:34:00,21.71,21.72,21.71,21.71,1308
INVH,2017-07-20,10:35:00,21.72,21.72,21.72,21.72,300
INVH,2017-07-20,10:36:00,21.71,21.72,21.71,21.72,800
INVH,2017-07-20,10:38:00,21.73,21.73,21.73,21.73,200
INVH,2017-07-20,10:39:00,21.73,21.73,21.73,21.73,600
INVH,2017-07-20,10:40:00,21.73,21.73,21.73,21.73,400
INVH,2017-07-20,10:41:00,21.73,21.73,21.73,21.73,500
INVH,2017-07-20,10:42:00,21.73,21.73,21.73,21.73,200
INVH,2017-07-20,10:43:00,21.73,21.74,21.72,21.72,2200
INVH,2017-07-20,10:44:00,21.72,21.72,21.69,21.69,2400
INVH,2017-07-20,10:45:00,21.69,21.69,21.69,21.69,1200
INVH,2017-07-20,10:46:00,21.70,21.71,21.70,21.71,1000
INVH,2017-07-20,10:47:00,21.71,21.71,21.70,21.70,101439
INVH,2017-07-20,10:48:00,21.70,21.70,21.70,21.70,700
INVH,2017-07-20,10:55:00,21.71,21.71,21.70,21.70,300
INVH,2017-07-20,10:56:00,21.71,21.71,21.70,21.70,200
INVH,2017-07-20,10:57:00,21.71,21.73,21.71,21.73,1100
INVH,2017-07-20,10:58:00,21.73,21.74,21.73,21.74,1100
INVH,2017-07-20,10:59:00,21.74,21.75,21.74,21.74,400
INVH,2017-07-20,11:00:00,21.75,21.75,21.74,21.74,1300
INVH,2017-07-20,11:01:00,21.75,21.75,21.72,21.72,3201
INVH,2017-07-20,11:02:00,21.71,21.71,21.71,21.71,100
INVH,2017-07-20,11:03:00,21.71,21.72,21.71,21.72,700
INVH,2017-07-20,11:07:00,21.71,21.71,21.71,21.71,300
INVH,2017-07-20,11:09:00,21.71,21.71,21.71,21.71,100
INVH,2017-07-20,11:10:00,21.71,21.71,21.71,21.71,200
INVH,2017-07-20,11:11:00,21.71,21.72,21.71,21.72,200
INVH,2017-07-20,11:13:00,21.71,21.71,21.71,21.71,100
INVH,2017-07-20,11:14:00,21.71,21.71,21.71,21.71,100
INVH,2017-07-20,11:16:00,21.71,21.71,21.71,21.71,600
INVH,2017-07-20,11:17:00,21.72,21.72,21.72,21.72,100
INVH,2017-07-20,11:18:00,21.72,21.72,21.72,21.72,290
INVH,2017-07-20,11:20:00,21.71,21.71,21.71,21.71,500
INVH,2017-07-20,11:21:00,21.72,21.72,21.71,21.72,300
INVH,2017-07-20,11:22:00,21.72,21.72,21.72,21.72,100
INVH,2017-07-20,11:24:00,21.72,21.72,21.72,21.72,100
INVH,2017-07-20,11:25:00,21.71,21.71,21.71,21.71,200
INVH,2017-07-20,11:26:00,21.71,21.72,21.71,21.71,1000
INVH,2017-07-20,11:27:00,21.72,21.72,21.72,21.72,100
INVH,2017-07-20,11:28:00,21.71,21.71,21.71,21.71,100
INVH,2017-07-20,11:29:00,21.72,21.72,21.70,21.72,9700
INVH,2017-07-20,11:30:00,21.72,21.72,21.70,21.70,1910
INVH,2017-07-20,11:32:00,21.70,21.70,21.70,21.70,100
INVH,2017-07-20,11:34:00,21.71,21.71,21.71,21.71,839
INVH,2017-07-20,11:35:00,21.70,21.71,21.70,21.70,3000
INVH,2017-07-20,11:36:00,21.71,21.71,21.70,21.70,900
INVH,2017-07-20,11:38:00,21.70,21.70,21.70,21.70,600
INVH,2017-07-20,11:41:00,21.71,21.71,21.70,21.70,1300
INVH,2017-07-20,11:43:00,21.71,21.71,21.71,21.71,200
INVH,2017-07-20,11:45:00,21.71,21.71,21.70,21.70,600
INVH,2017-07-20,11:46:00,21.71,21.71,21.71,21.71,323
INVH,2017-07-20,11:47:00,21.71,21.72,21.70,21.70,400
INVH,2017-07-20,11:48:00,21.72,21.72,21.72,21.72,100
INVH,2017-07-20,11:49:00,21.70,21.70,21.70,21.70,128
INVH,2017-07-20,11:52:00,21.72,21.72,21.70,21.70,900
INVH,2017-07-20,11:53:00,21.70,21.70,21.70,21.70,100
INVH,2017-07-20,11:54:00,21.70,21.70,21.70,21.70,200
INVH,2017-07-20,11:55:00,21.71,21.71,21.71,21.71,200
INVH,2017-07-20,11:56:00,21.70,21.70,21.70,21.70,100
INVH,2017-07-20,11:58:00,21.70,21.70,21.70,21.70,2400
INVH,2017-07-20,11:59:00,21.70,21.70,21.70,21.70,100
INVH,2017-07-20,12:00:00,21.70,21.71,21.70,21.70,1000
INVH,2017-07-20,12:01:00,21.69,21.70,21.69,21.70,700
INVH,2017-07-20,12:03:00,21.70,21.70,21.69,21.69,500
INVH,2017-07-20,12:05:00,21.69,21.69,21.69,21.69,100
INVH,2017-07-20,12:06:00,21.70,21.70,21.70,21.70,900
INVH,2017-07-20,12:07:00,21.70,21.70,21.69,21.69,250
INVH,2017-07-20,12:08:00,21.70,21.70,21.70,21.70,100
INVH,2017-07-20,12:09:00,21.70,21.71,21.70,21.71,1897
INVH,2017-07-20,12:10:00,21.72,21.72,21.71,21.71,600
INVH,2017-07-20,12:13:00,21.72,21.72,21.72,21.72,400
INVH,2017-07-20,12:14:00,21.72,21.73,21.72,21.73,1700
INVH,2017-07-20,12:15:00,21.73,21.73,21.73,21.73,7500
INVH,2017-07-20,12:18:00,21.74,21.74,21.73,21.73,300
INVH,2017-07-20,12:20:00,21.74,21.74,21.73,21.74,300
INVH,2017-07-20,12:21:00,21.74,21.75,21.74,21.75,600
INVH,2017-07-20,12:22:00,21.75,21.75,21.74,21.75,1779
INVH,2017-07-20,12:23:00,21.74,21.74,21.74,21.74,100
INVH,2017-07-20,12:29:00,21.74,21.74,21.73,21.73,300
INVH,2017-07-20,12:30:00,21.74,21.74,21.74,21.74,500
INVH,2017-07-20,12:36:00,21.75,21.75,21.75,21.75,300
INVH,2017-07-20,12:38:00,21.75,21.75,21.75,21.75,300
INVH,2017-07-20,12:39:00,21.75,21.75,21.75,21.75,100
INVH,2017-07-20,12:40:00,21.75,21.75,21.75,21.75,100
INVH,2017-07-20,12:42:00,21.75,21.75,21.72,21.72,6395
INVH,2017-07-20,12:43:00,21.73,21.73,21.73,21.73,100
INVH,2017-07-20,12:45:00,21.73,21.74,21.73,21.74,1100
INVH,2017-07-20,12:49:00,21.73,21.73,21.73,21.73,100
INVH,2017-07-20,12:53:00,21.73,21.73,21.73,21.73,1000
INVH,2017-07-20,12:55:00,21.73,21.73,21.73,21.73,100
INVH,2017-07-20,12:56:00,21.73,21.74,21.72,21.72,2000
INVH,2017-07-20,12:58:00,21.72,21.73,21.72,21.72,600
INVH,2017-07-20,13:01:00,21.71,21.71,21.71,21.71,1700
INVH,2017-07-20,13:02:00,21.71,21.71,21.71,21.71,233
INVH,2017-07-20,13:03:00,21.71,21.71,21.71,21.71,500
INVH,2017-07-20,13:04:00,21.71,21.71,21.71,21.71,100
INVH,2017-07-20,13:07:00,21.72,21.72,21.72,21.72,100
INVH,2017-07-20,13:10:00,21.71,21.71,21.71,21.71,100
INVH,2017-07-20,13:11:00,21.71,21.71,21.71,21.71,100
INVH,2017-07-20,13:14:00,21.72,21.72,21.71,21.71,200
INVH,2017-07-20,13:15:00,21.72,21.72,21.72,21.72,200
INVH,2017-07-20,13:16:00,21.72,21.72,21.72,21.72,100
INVH,2017-07-20,13:18:00,21.72,21.72,21.72,21.72,200
INVH,2017-07-20,13:19:00,21.72,21.72,21.72,21.72,100
INVH,2017-07-20,13:20:00,21.71,21.71,21.71,21.71,200
INVH,2017-07-20,13:22:00,21.72,21.72,21.71,21.71,200
INVH,2017-07-20,13:23:00,21.71,21.72,21.71,21.72,300
INVH,2017-07-20,13:24:00,21.71,21.71,21.71,21.71,400
INVH,2017-07-20,13:27:00,21.72,21.72,21.72,21.72,200
INVH,2017-07-20,13:29:00,21.72,21.72,21.71,21.71,700
INVH,2017-07-20,13:30:00,21.71,21.71,21.71,21.71,100
INVH,2017-07-20,13:32:00,21.72,21.72,21.72,21.72,100
INVH,2017-07-20,13:33:00,21.71,21.71,21.71,21.71,200
INVH,2017-07-20,13:35:00,21.72,21.72,21.72,21.72,100
INVH,2017-07-20,13:36:00,21.72,21.72,21.72,21.72,100
INVH,2017-07-20,13:37:00,21.72,21.72,21.72,21.72,400
INVH,2017-07-20,13:40:00,21.72,21.72,21.72,21.72,100
INVH,2017-07-20,13:41:00,21.72,21.72,21.72,21.72,100
INVH,2017-07-20,13:43:00,21.71,21.72,21.71,21.72,600
INVH,2017-07-20,13:45:00,21.72,21.72,21.72,21.72,100
INVH,2017-07-20,13:46:00,21.72,21.72,21.72,21.72,100
INVH,2017-07-20,13:49:00,21.72,21.72,21.71,21.71,300
INVH,2017-07-20,13:50:00,21.72,21.72,21.72,21.72,100
INVH,2017-07-20,13:53:00,21.72,21.72,21.72,21.72,100
INVH,2017-07-20,13:54:00,21.72,21.72,21.72,21.72,200
INVH,2017-07-20,13:56:00,21.72,21.72,21.70,21.70,4510
INVH,2017-07-20,13:57:00,21.71,21.72,21.70,21.72,1700
INVH,2017-07-20,13:58:00,21.72,21.72,21.72,21.72,100
INVH,2017-07-20,14:00:00,21.72,21.72,21.72,21.72,100
INVH,2017-07-20,14:01:00,21.72,21.72,21.72,21.72,100
INVH,2017-07-20,14:08:00,21.71,21.71,21.71,21.71,200
INVH,2017-07-20,14:09:00,21.71,21.71,21.71,21.71,380
INVH,2017-07-20,14:12:00,21.71,21.72,21.71,21.72,700
INVH,2017-07-20,14:13:00,21.71,21.71,21.71,21.71,100
INVH,2017-07-20,14:16:00,21.71,21.71,21.71,21.71,100
INVH,2017-07-20,14:17:00,21.71,21.71,21.71,21.71,100
INVH,2017-07-20,14:18:00,21.71,21.71,21.71,21.71,100
INVH,2017-07-20,14:19:00,21.72,21.72,21.71,21.71,200
INVH,2017-07-20,14:20:00,21.71,21.71,21.71,21.71,100
INVH,2017-07-20,14:22:00,21.71,21.71,21.70,21.71,1500
INVH,2017-07-20,14:23:00,21.71,21.72,21.71,21.72,200
INVH,2017-07-20,14:24:00,21.72,21.72,21.72,21.72,100
INVH,2017-07-20,14:31:00,21.72,21.72,21.71,21.71,1027
INVH,2017-07-20,14:32:00,21.72,21.72,21.72,21.72,100
INVH,2017-07-20,14:33:00,21.72,21.72,21.72,21.72,100
INVH,2017-07-20,14:34:00,21.71,21.71,21.71,21.71,100
INVH,2017-07-20,14:37:00,21.72,21.72,21.71,21.72,600
INVH,2017-07-20,14:39:00,21.72,21.72,21.72,21.72,200
INVH,2017-07-20,14:41:00,21.72,21.72,21.72,21.72,200
INVH,2017-07-20,14:42:00,21.72,21.74,21.72,21.74,1600
INVH,2017-07-20,14:43:00,21.74,21.75,21.74,21.75,200
INVH,2017-07-20,14:44:00,21.75,21.75,21.75,21.75,100
INVH,2017-07-20,14:45:00,21.75,21.75,21.75,21.75,100
INVH,2017-07-20,14:46:00,21.75,21.75,21.75,21.75,200
INVH,2017-07-20,14:47:00,21.75,21.76,21.75,21.76,1222
INVH,2017-07-20,14:48:00,21.75,21.75,21.75,21.75,100
INVH,2017-07-20,14:51:00,21.75,21.75,21.75,21.75,100
INVH,2017-07-20,14:52:00,21.76,21.76,21.76,21.76,100
INVH,2017-07-20,14:54:00,21.75,21.76,21.75,21.76,400
INVH,2017-07-20,14:56:00,21.75,21.75,21.75,21.75,800
INVH,2017-07-20,14:57:00,21.76,21.76,21.76,21.76,100
INVH,2017-07-20,14:58:00,21.76,21.76,21.76,21.76,100
INVH,2017-07-20,14:59:00,21.75,21.76,21.75,21.76,300
INVH,2017-07-20,15:01:00,21.75,21.76,21.75,21.76,200
INVH,2017-07-20,15:02:00,21.76,21.76,21.75,21.76,3080
INVH,2017-07-20,15:03:00,21.76,21.76,21.75,21.76,800
INVH,2017-07-20,15:04:00,21.76,21.76,21.75,21.76,1900
INVH,2017-07-20,15:05:00,21.76,21.77,21.74,21.74,4367
INVH,2017-07-20,15:07:00,21.74,21.74,21.73,21.73,500
INVH,2017-07-20,15:08:00,21.73,21.73,21.73,21.73,183
INVH,2017-07-20,15:11:00,21.73,21.74,21.73,21.73,1200
INVH,2017-07-20,15:12:00,21.74,21.74,21.74,21.74,100
INVH,2017-07-20,15:13:00,21.74,21.74,21.74,21.74,200
INVH,2017-07-20,15:14:00,21.73,21.73,21.73,21.73,100
INVH,2017-07-20,15:15:00,21.74,21.74,21.73,21.74,400
INVH,2017-07-20,15:17:00,21.73,21.74,21.73,21.74,1300
INVH,2017-07-20,15:18:00,21.74,21.74,21.74,21.74,300
INVH,2017-07-20,15:19:00,21.74,21.74,21.74,21.74,100
INVH,2017-07-20,15:20:00,21.73,21.74,21.73,21.74,200
INVH,2017-07-20,15:21:00,21.74,21.74,21.74,21.74,200
INVH,2017-07-20,15:22:00,21.73,21.74,21.73,21.73,900
INVH,2017-07-20,15:25:00,21.73,21.73,21.71,21.71,3660
INVH,2017-07-20,15:28:00,21.71,21.71,21.71,21.71,100
INVH,2017-07-20,15:29:00,21.71,21.71,21.71,21.71,1800
INVH,2017-07-20,15:30:00,21.70,21.70,21.69,21.69,50200
INVH,2017-07-20,15:31:00,21.69,21.71,21.69,21.71,1508
INVH,2017-07-20,15:32:00,21.69,21.70,21.69,21.70,200
INVH,2017-07-20,15:33:00,21.69,21.69,21.68,21.68,1639
INVH,2017-07-20,15:34:00,21.68,21.68,21.68,21.68,2474
INVH,2017-07-20,15:35:00,21.66,21.66,21.64,21.64,800
INVH,2017-07-20,15:36:00,21.64,21.64,21.60,21.61,10600
INVH,2017-07-20,15:37:00,21.62,21.64,21.62,21.63,2619
INVH,2017-07-20,15:38:00,21.63,21.64,21.63,21.64,977
INVH,2017-07-20,15:39:00,21.64,21.64,21.64,21.64,200
INVH,2017-07-20,15:40:00,21.64,21.65,21.64,21.65,1419
INVH,2017-07-20,15:41:00,21.66,21.66,21.66,21.66,400
INVH,2017-07-20,15:42:00,21.66,21.66,21.66,21.66,1200
INVH,2017-07-20,15:43:00,21.66,21.67,21.66,21.67,900
INVH,2017-07-20,15:44:00,21.67,21.68,21.67,21.68,2500
INVH,2017-07-20,15:45:00,21.68,21.68,21.68,21.68,700
INVH,2017-07-20,15:46:00,21.68,21.68,21.63,21.64,5265
INVH,2017-07-20,15:47:00,21.63,21.64,21.61,21.61,3153
INVH,2017-07-20,15:48:00,21.60,21.64,21.59,21.64,7763
INVH,2017-07-20,15:49:00,21.64,21.64,21.64,21.64,1300
INVH,2017-07-20,15:50:00,21.64,21.64,21.63,21.64,2000
INVH,2017-07-20,15:51:00,21.64,21.64,21.63,21.64,900
INVH,2017-07-20,15:52:00,21.64,21.64,21.64,21.64,3400
INVH,2017-07-20,15:53:00,21.64,21.66,21.64,21.66,6604
INVH,2017-07-20,15:54:00,21.66,21.66,21.65,21.66,4000
INVH,2017-07-20,15:55:00,21.66,21.67,21.66,21.67,2710
INVH,2017-07-20,15:56:00,21.67,21.67,21.67,21.67,1100
INVH,2017-07-20,15:57:00,21.67,21.67,21.66,21.66,8200
INVH,2017-07-20,15:58:00,21.67,21.67,21.66,21.66,9946
INVH,2017-07-20,15:59:00,21.66,21.67,21.65,21.65,10052
INVH,2017-07-20,16:00:00,21.65,21.66,21.64,21.66,14758
INVH,2017-07-21,09:30:00,21.65,21.65,21.65,21.65,856
INVH,2017-07-21,09:41:00,21.69,21.70,21.69,21.70,1100
INVH,2017-07-21,09:42:00,21.69,21.75,21.68,21.75,3290
INVH,2017-07-21,09:43:00,21.74,21.74,21.74,21.74,300
INVH,2017-07-21,09:44:00,21.75,21.75,21.75,21.75,100
INVH,2017-07-21,09:46:00,21.75,21.75,21.75,21.75,200
INVH,2017-07-21,09:51:00,21.75,21.78,21.71,21.77,3156
INVH,2017-07-21,09:52:00,21.73,21.76,21.73,21.74,600
INVH,2017-07-21,09:53:00,21.74,21.77,21.74,21.77,13000
INVH,2017-07-21,09:55:00,21.78,21.78,21.78,21.78,800
INVH,2017-07-21,09:58:00,21.77,21.77,21.77,21.77,300
INVH,2017-07-21,09:59:00,21.76,21.78,21.76,21.78,200
INVH,2017-07-21,10:00:00,21.76,21.79,21.76,21.78,1000
INVH,2017-07-21,10:01:00,21.71,21.78,21.71,21.73,400
INVH,2017-07-21,10:02:00,21.72,21.79,21.72,21.79,1600
INVH,2017-07-21,10:03:00,21.78,21.79,21.78,21.79,200
INVH,2017-07-21,10:05:00,21.77,21.80,21.77,21.79,14900
INVH,2017-07-21,10:06:00,21.79,21.79,21.76,21.77,6500
INVH,2017-07-21,10:07:00,21.79,21.79,21.77,21.77,5800
INVH,2017-07-21,10:08:00,21.79,21.79,21.77,21.77,1100
INVH,2017-07-21,10:09:00,21.77,21.77,21.76,21.76,300
INVH,2017-07-21,10:11:00,21.75,21.75,21.75,21.75,100
INVH,2017-07-21,10:12:00,21.72,21.74,21.72,21.72,400
INVH,2017-07-21,10:13:00,21.70,21.70,21.70,21.70,100
INVH,2017-07-21,10:17:00,21.73,21.73,21.73,21.73,188
INVH,2017-07-21,10:18:00,21.71,21.71,21.70,21.70,1500
INVH,2017-07-21,10:19:00,21.70,21.70,21.70,21.70,100
INVH,2017-07-21,10:20:00,21.70,21.70,21.70,21.70,600
INVH,2017-07-21,10:21:00,21.70,21.70,21.68,21.68,600
INVH,2017-07-21,10:36:00,21.68,21.69,21.67,21.69,800
INVH,2017-07-21,10:37:00,21.69,21.69,21.68,21.68,400
INVH,2017-07-21,10:38:00,21.68,21.68,21.67,21.68,2713
INVH,2017-07-21,10:43:00,21.67,21.67,21.67,21.67,123
INVH,2017-07-21,10:49:00,21.68,21.68,21.68,21.68,100
INVH,2017-07-21,10:51:00,21.67,21.68,21.67,21.68,225
INVH,2017-07-21,10:53:00,21.66,21.68,21.66,21.68,700
INVH,2017-07-21,10:55:00,21.68,21.68,21.68,21.68,100
INVH,2017-07-21,10:56:00,21.66,21.67,21.65,21.66,2100
INVH,2017-07-21,10:57:00,21.66,21.68,21.66,21.68,1810
INVH,2017-07-21,11:02:00,21.68,21.69,21.68,21.68,1100
INVH,2017-07-21,11:03:00,21.67,21.67,21.67,21.67,300
INVH,2017-07-21,11:05:00,21.67,21.67,21.67,21.67,200
INVH,2017-07-21,11:06:00,21.68,21.68,21.68,21.68,100
INVH,2017-07-21,11:07:00,21.68,21.68,21.67,21.67,600
INVH,2017-07-21,11:09:00,21.67,21.69,21.67,21.69,2900
INVH,2017-07-21,11:10:00,21.70,21.72,21.70,21.71,831
INVH,2017-07-21,11:19:00,21.71,21.71,21.71,21.71,500
INVH,2017-07-21,11:23:00,21.69,21.70,21.69,21.69,1300
INVH,2017-07-21,11:24:00,21.70,21.70,21.70,21.70,100
INVH,2017-07-21,11:26:00,21.68,21.68,21.68,21.68,200
INVH,2017-07-21,11:28:00,21.70,21.70,21.70,21.70,100
INVH,2017-07-21,11:32:00,21.69,21.69,21.68,21.68,1100
INVH,2017-07-21,11:33:00,21.68,21.70,21.67,21.68,4281
INVH,2017-07-21,11:34:00,21.68,21.68,21.68,21.68,1100
INVH,2017-07-21,11:35:00,21.68,21.68,21.68,21.68,100
INVH,2017-07-21,11:37:00,21.68,21.68,21.68,21.68,100
INVH,2017-07-21,11:38:00,21.68,21.68,21.68,21.68,100
INVH,2017-07-21,11:39:00,21.68,21.68,21.68,21.68,1000
INVH,2017-07-21,11:40:00,21.68,21.68,21.68,21.68,100
INVH,2017-07-21,11:46:00,21.69,21.70,21.69,21.70,1200
INVH,2017-07-21,11:47:00,21.70,21.70,21.70,21.70,200
INVH,2017-07-21,11:48:00,21.70,21.70,21.70,21.70,1300
INVH,2017-07-21,11:49:00,21.71,21.71,21.71,21.71,100
INVH,2017-07-21,11:50:00,21.69,21.69,21.69,21.69,100
INVH,2017-07-21,12:00:00,21.67,21.67,21.67,21.67,700
INVH,2017-07-21,12:01:00,21.67,21.67,21.67,21.67,200
INVH,2017-07-21,12:03:00,21.69,21.69,21.69,21.69,531
INVH,2017-07-21,12:07:00,21.69,21.69,21.69,21.69,100
INVH,2017-07-21,12:08:00,21.68,21.68,21.68,21.68,700
INVH,2017-07-21,12:09:00,21.67,21.67,21.67,21.67,100
INVH,2017-07-21,12:10:00,21.67,21.67,21.67,21.67,600
INVH,2017-07-21,12:11:00,21.68,21.68,21.68,21.68,100
INVH,2017-07-21,12:13:00,21.68,21.68,21.68,21.68,400
INVH,2017-07-21,12:14:00,21.69,21.69,21.69,21.69,100
INVH,2017-07-21,12:16:00,21.69,21.69,21.68,21.68,200
INVH,2017-07-21,12:17:00,21.69,21.70,21.69,21.69,1930
INVH,2017-07-21,12:18:00,21.70,21.70,21.69,21.69,200
INVH,2017-07-21,12:20:00,21.69,21.70,21.69,21.70,900
INVH,2017-07-21,12:25:00,21.69,21.70,21.69,21.70,1400
INVH,2017-07-21,12:26:00,21.69,21.69,21.69,21.69,100
INVH,2017-07-21,12:29:00,21.70,21.70,21.70,21.70,400
INVH,2017-07-21,12:30:00,21.70,21.70,21.70,21.70,900
INVH,2017-07-21,12:35:00,21.70,21.71,21.70,21.71,2200
INVH,2017-07-21,12:36:00,21.70,21.70,21.70,21.70,2100
INVH,2017-07-21,12:37:00,21.69,21.69,21.69,21.69,200
INVH,2017-07-21,12:38:00,21.70,21.70,21.70,21.70,100
INVH,2017-07-21,12:39:00,21.70,21.70,21.70,21.70,614
INVH,2017-07-21,12:40:00,21.69,21.70,21.69,21.70,200
INVH,2017-07-21,12:51:00,21.69,21.69,21.69,21.69,500
INVH,2017-07-21,12:54:00,21.69,21.69,21.68,21.68,1500
INVH,2017-07-21,12:58:00,21.69,21.69,21.68,21.69,1100
INVH,2017-07-21,12:59:00,21.68,21.68,21.68,21.68,100
INVH,2017-07-21,13:02:00,21.69,21.71,21.69,21.71,1231
INVH,2017-07-21,13:06:00,21.70,21.70,21.70,21.70,100
INVH,2017-07-21,13:17:00,21.71,21.71,21.71,21.71,1100
INVH,2017-07-21,13:18:00,21.70,21.70,21.70,21.70,100
INVH,2017-07-21,13:20:00,21.71,21.71,21.71,21.71,3090
INVH,2017-07-21,13:22:00,21.70,21.70,21.70,21.70,100
INVH,2017-07-21,13:23:00,21.72,21.72,21.72,21.72,300
INVH,2017-07-21,13:24:00,21.70,21.71,21.70,21.71,401
INVH,2017-07-21,13:25:00,21.70,21.70,21.70,21.70,100
INVH,2017-07-21,13:26:00,21.70,21.70,21.69,21.69,1200
INVH,2017-07-21,13:27:00,21.68,21.68,21.68,21.68,100
INVH,2017-07-21,13:29:00,21.68,21.68,21.68,21.68,115
INVH,2017-07-21,13:35:00,21.69,21.69,21.68,21.68,200
INVH,2017-07-21,13:37:00,21.68,21.68,21.68,21.68,100
INVH,2017-07-21,13:38:00,21.68,21.68,21.68,21.68,600
INVH,2017-07-21,13:40:00,21.69,21.69,21.69,21.69,100
INVH,2017-07-21,13:43:00,21.69,21.69,21.69,21.69,200
INVH,2017-07-21,13:47:00,21.69,21.69,21.69,21.69,200
INVH,2017-07-21,13:50:00,21.68,21.69,21.68,21.68,3630
INVH,2017-07-21,13:55:00,21.69,21.71,21.69,21.70,1617
INVH,2017-07-21,13:56:00,21.70,21.71,21.70,21.71,300
INVH,2017-07-21,13:57:00,21.72,21.72,21.72,21.72,100
INVH,2017-07-21,13:58:00,21.72,21.74,21.72,21.72,700
INVH,2017-07-21,13:59:00,21.73,21.73,21.73,21.73,100
INVH,2017-07-21,14:00:00,21.73,21.73,21.73,21.73,100
INVH,2017-07-21,14:02:00,21.73,21.73,21.72,21.72,200
INVH,2017-07-21,14:04:00,21.73,21.73,21.72,21.73,400
INVH,2017-07-21,14:05:00,21.72,21.72,21.71,21.72,500
INVH,2017-07-21,14:07:00,21.71,21.72,21.71,21.72,282
INVH,2017-07-21,14:09:00,21.73,21.73,21.73,21.73,100
INVH,2017-07-21,14:10:00,21.73,21.73,21.73,21.73,300
INVH,2017-07-21,14:11:00,21.73,21.73,21.73,21.73,600
INVH,2017-07-21,14:12:00,21.74,21.74,21.73,21.74,400
INVH,2017-07-21,14:13:00,21.74,21.74,21.74,21.74,100
INVH,2017-07-21,14:14:00,21.73,21.74,21.73,21.73,600
INVH,2017-07-21,14:17:00,21.74,21.74,21.74,21.74,100
INVH,2017-07-21,14:18:00,21.74,21.75,21.74,21.75,3185
INVH,2017-07-21,14:19:00,21.75,21.75,21.74,21.75,2300
INVH,2017-07-21,14:25:00,21.75,21.75,21.75,21.75,100
INVH,2017-07-21,14:27:00,21.75,21.75,21.75,21.75,200
INVH,2017-07-21,14:28:00,21.75,21.75,21.75,21.75,100
INVH,2017-07-21,14:30:00,21.74,21.75,21.74,21.75,700
INVH,2017-07-21,14:33:00,21.75,21.75,21.75,21.75,300
INVH,2017-07-21,14:35:00,21.75,21.75,21.75,21.75,100
INVH,2017-07-21,14:38:00,21.75,21.75,21.75,21.75,100
INVH,2017-07-21,14:39:00,21.75,21.75,21.74,21.75,800
INVH,2017-07-21,14:41:00,21.74,21.74,21.74,21.74,200
INVH,2017-07-21,14:46:00,21.75,21.75,21.74,21.74,1100
INVH,2017-07-21,14:48:00,21.75,21.75,21.75,21.75,100
INVH,2017-07-21,14:50:00,21.75,21.75,21.75,21.75,100
INVH,2017-07-21,14:52:00,21.75,21.75,21.75,21.75,700
INVH,2017-07-21,14:53:00,21.75,21.75,21.75,21.75,100
INVH,2017-07-21,14:54:00,21.75,21.76,21.75,21.75,5265
INVH,2017-07-21,14:55:00,21.75,21.75,21.74,21.75,3700
INVH,2017-07-21,14:56:00,21.74,21.74,21.74,21.74,100
INVH,2017-07-21,14:57:00,21.74,21.75,21.74,21.74,300
INVH,2017-07-21,14:58:00,21.74,21.74,21.74,21.74,200
INVH,2017-07-21,14:59:00,21.74,21.74,21.73,21.73,2342
INVH,2017-07-21,15:01:00,21.73,21.73,21.73,21.73,100
INVH,2017-07-21,15:02:00,21.73,21.74,21.73,21.73,300
INVH,2017-07-21,15:03:00,21.74,21.74,21.73,21.73,400
INVH,2017-07-21,15:04:00,21.73,21.73,21.73,21.73,300
INVH,2017-07-21,15:05:00,21.74,21.74,21.73,21.74,600
INVH,2017-07-21,15:06:00,21.73,21.73,21.73,21.73,200
INVH,2017-07-21,15:07:00,21.73,21.74,21.73,21.74,300
INVH,2017-07-21,15:08:00,21.74,21.74,21.74,21.74,300
INVH,2017-07-21,15:09:00,21.74,21.74,21.74,21.74,300
INVH,2017-07-21,15:10:00,21.75,21.75,21.75,21.75,700
INVH,2017-07-21,15:11:00,21.75,21.75,21.75,21.75,400
INVH,2017-07-21,15:12:00,21.75,21.75,21.75,21.75,300
INVH,2017-07-21,15:13:00,21.75,21.75,21.74,21.75,2600
INVH,2017-07-21,15:14:00,21.75,21.75,21.74,21.75,2221
INVH,2017-07-21,15:15:00,21.75,21.75,21.75,21.75,300
INVH,2017-07-21,15:16:00,21.75,21.75,21.75,21.75,500
INVH,2017-07-21,15:17:00,21.75,21.75,21.75,21.75,500
INVH,2017-07-21,15:18:00,21.75,21.75,21.75,21.75,900
INVH,2017-07-21,15:19:00,21.75,21.75,21.75,21.75,300
INVH,2017-07-21,15:20:00,21.75,21.75,21.75,21.75,500
INVH,2017-07-21,15:21:00,21.75,21.75,21.75,21.75,200
INVH,2017-07-21,15:22:00,21.75,21.75,21.75,21.75,500
INVH,2017-07-21,15:23:00,21.74,21.75,21.74,21.75,1300
INVH,2017-07-21,15:24:00,21.75,21.75,21.75,21.75,200
INVH,2017-07-21,15:25:00,21.75,21.75,21.75,21.75,300
INVH,2017-07-21,15:26:00,21.75,21.75,21.74,21.75,600
INVH,2017-07-21,15:27:00,21.75,21.75,21.74,21.74,1800
INVH,2017-07-21,15:28:00,21.75,21.75,21.73,21.73,2943
INVH,2017-07-21,15:29:00,21.73,21.74,21.73,21.74,400
INVH,2017-07-21,15:30:00,21.74,21.75,21.73,21.75,1300
INVH,2017-07-21,15:31:00,21.75,21.75,21.74,21.75,1600
INVH,2017-07-21,15:32:00,21.75,21.75,21.75,21.75,500
INVH,2017-07-21,15:33:00,21.75,21.75,21.75,21.75,300
INVH,2017-07-21,15:34:00,21.75,21.77,21.75,21.77,18854
INVH,2017-07-21,15:35:00,21.77,21.77,21.77,21.77,900
INVH,2017-07-21,15:36:00,21.77,21.77,21.76,21.77,1200
INVH,2017-07-21,15:37:00,21.77,21.77,21.77,21.77,1800
INVH,2017-07-21,15:38:00,21.77,21.77,21.75,21.75,5963
INVH,2017-07-21,15:39:00,21.75,21.75,21.74,21.74,2200
INVH,2017-07-21,15:40:00,21.75,21.75,21.74,21.74,500
INVH,2017-07-21,15:41:00,21.75,21.75,21.74,21.75,1408
INVH,2017-07-21,15:42:00,21.75,21.75,21.75,21.75,400
INVH,2017-07-21,15:43:00,21.75,21.75,21.74,21.75,1200
INVH,2017-07-21,15:44:00,21.75,21.75,21.75,21.75,3498
INVH,2017-07-21,15:45:00,21.75,21.75,21.75,21.75,4760
INVH,2017-07-21,15:46:00,21.75,21.75,21.75,21.75,4302
INVH,2017-07-21,15:47:00,21.75,21.75,21.75,21.75,700
INVH,2017-07-21,15:48:00,21.75,21.75,21.75,21.75,1200
INVH,2017-07-21,15:49:00,21.75,21.75,21.75,21.75,3552
INVH,2017-07-21,15:50:00,21.75,21.75,21.75,21.75,1427
INVH,2017-07-21,15:51:00,21.75,21.75,21.75,21.75,1700
INVH,2017-07-21,15:52:00,21.75,21.75,21.73,21.73,10195
INVH,2017-07-21,15:53:00,21.73,21.73,21.73,21.73,1200
INVH,2017-07-21,15:54:00,21.73,21.73,21.73,21.73,1400
INVH,2017-07-21,15:55:00,21.73,21.74,21.73,21.73,1400
INVH,2017-07-21,15:56:00,21.73,21.75,21.73,21.75,6211
INVH,2017-07-21,15:57:00,21.75,21.76,21.75,21.75,13389
INVH,2017-07-21,15:58:00,21.75,21.75,21.74,21.75,10691
INVH,2017-07-21,15:59:00,21.75,21.75,21.73,21.74,15485
INVH,2017-07-21,16:00:00,21.74,21.75,21.73,21.75,18380
