NRG,2017-07-18,09:30:00,22.96,22.96,22.96,22.96,600
NRG,2017-07-18,09:31:00,22.99,23.07,22.83,22.89,84517
NRG,2017-07-18,09:32:00,22.88,22.96,22.86,22.94,9833
NRG,2017-07-18,09:33:00,22.97,22.97,22.89,22.89,11658
NRG,2017-07-18,09:34:00,22.91,22.97,22.85,22.96,15943
NRG,2017-07-18,09:35:00,22.96,22.96,22.93,22.96,8207
NRG,2017-07-18,09:36:00,22.96,22.96,22.90,22.94,6818
NRG,2017-07-18,09:37:00,22.94,22.97,22.93,22.96,5476
NRG,2017-07-18,09:38:00,22.97,22.98,22.96,22.97,3100
NRG,2017-07-18,09:39:00,22.98,23.00,22.96,22.98,13683
NRG,2017-07-18,09:40:00,22.97,23.00,22.90,22.91,18500
NRG,2017-07-18,09:41:00,22.90,22.97,22.90,22.95,7899
NRG,2017-07-18,09:42:00,22.95,23.00,22.95,22.99,14640
NRG,2017-07-18,09:43:00,22.99,23.00,22.97,23.00,4100
NRG,2017-07-18,09:44:00,22.99,22.99,22.95,22.97,4100
NRG,2017-07-18,09:45:00,22.98,23.00,22.97,22.98,8500
NRG,2017-07-18,09:46:00,22.98,22.99,22.96,22.97,12378
NRG,2017-07-18,09:47:00,22.97,22.97,22.89,22.90,31668
NRG,2017-07-18,09:48:00,22.91,22.95,22.91,22.94,18704
NRG,2017-07-18,09:49:00,22.95,22.95,22.94,22.95,4318
NRG,2017-07-18,09:50:00,22.94,22.94,22.83,22.83,17348
NRG,2017-07-18,09:51:00,22.83,22.91,22.82,22.90,9822
NRG,2017-07-18,09:52:00,22.90,22.94,22.90,22.91,6270
NRG,2017-07-18,09:53:00,22.91,22.91,22.88,22.88,5488
NRG,2017-07-18,09:54:00,22.89,22.90,22.89,22.90,1000
NRG,2017-07-18,09:55:00,22.90,22.92,22.89,22.91,11146
NRG,2017-07-18,09:56:00,22.90,22.90,22.86,22.86,7453
NRG,2017-07-18,09:57:00,22.86,22.86,22.83,22.86,3100
NRG,2017-07-18,09:58:00,22.86,22.91,22.86,22.91,5050
NRG,2017-07-18,09:59:00,22.91,22.95,22.91,22.94,16936
NRG,2017-07-18,10:00:00,22.93,22.96,22.93,22.95,24225
NRG,2017-07-18,10:01:00,22.95,22.95,22.91,22.93,10411
NRG,2017-07-18,10:02:00,22.93,22.95,22.90,22.91,8437
NRG,2017-07-18,10:03:00,22.92,22.95,22.91,22.95,23863
NRG,2017-07-18,10:04:00,22.95,23.00,22.94,22.99,10798
NRG,2017-07-18,10:05:00,22.99,22.99,22.99,22.99,700
NRG,2017-07-18,10:06:00,22.99,23.00,22.94,22.94,22511
NRG,2017-07-18,10:07:00,22.93,22.98,22.91,22.95,14997
NRG,2017-07-18,10:08:00,22.95,22.95,22.92,22.92,4210
NRG,2017-07-18,10:09:00,22.93,22.98,22.93,22.98,7181
NRG,2017-07-18,10:10:00,22.98,22.99,22.97,22.99,29581
NRG,2017-07-18,10:11:00,22.98,22.98,22.91,22.91,20112
NRG,2017-07-18,10:12:00,22.91,22.91,22.90,22.90,3500
NRG,2017-07-18,10:13:00,22.89,22.89,22.88,22.89,2673
NRG,2017-07-18,10:14:00,22.88,22.88,22.85,22.85,5700
NRG,2017-07-18,10:15:00,22.86,22.89,22.86,22.86,12945
NRG,2017-07-18,10:16:00,22.85,22.89,22.85,22.86,9228
NRG,2017-07-18,10:17:00,22.85,22.86,22.82,22.83,4240
NRG,2017-07-18,10:18:00,22.82,22.84,22.82,22.84,6975
NRG,2017-07-18,10:19:00,22.84,22.86,22.84,22.86,13290
NRG,2017-07-18,10:20:00,22.86,22.86,22.84,22.85,3610
NRG,2017-07-18,10:21:00,22.86,22.86,22.83,22.83,5590
NRG,2017-07-18,10:22:00,22.83,22.83,22.78,22.79,12560
NRG,2017-07-18,10:23:00,22.79,22.81,22.77,22.79,9151
NRG,2017-07-18,10:24:00,22.80,22.81,22.77,22.80,19165
NRG,2017-07-18,10:25:00,22.80,22.80,22.78,22.78,20596
NRG,2017-07-18,10:26:00,22.78,22.80,22.77,22.79,8294
NRG,2017-07-18,10:27:00,22.79,22.80,22.77,22.77,10445
NRG,2017-07-18,10:28:00,22.77,22.78,22.75,22.76,26950
NRG,2017-07-18,10:29:00,22.75,22.76,22.74,22.75,5396
NRG,2017-07-18,10:30:00,22.74,22.75,22.72,22.74,15209
NRG,2017-07-18,10:31:00,22.74,22.74,22.72,22.73,24631
NRG,2017-07-18,10:32:00,22.73,22.74,22.73,22.73,24346
NRG,2017-07-18,10:33:00,22.74,22.81,22.74,22.80,14961
NRG,2017-07-18,10:34:00,22.81,22.84,22.81,22.82,9600
NRG,2017-07-18,10:35:00,22.82,22.84,22.73,22.74,94869
NRG,2017-07-18,10:36:00,22.75,22.75,22.72,22.72,13194
NRG,2017-07-18,10:37:00,22.73,22.76,22.71,22.76,19909
NRG,2017-07-18,10:38:00,22.76,22.79,22.75,22.79,4005
NRG,2017-07-18,10:39:00,22.79,22.82,22.77,22.82,14751
NRG,2017-07-18,10:40:00,22.82,22.84,22.81,22.81,19300
NRG,2017-07-18,10:41:00,22.81,22.84,22.81,22.82,28520
NRG,2017-07-18,10:42:00,22.82,22.84,22.78,22.79,55705
NRG,2017-07-18,10:43:00,22.78,22.80,22.75,22.75,26398
NRG,2017-07-18,10:44:00,22.75,22.80,22.75,22.79,8900
NRG,2017-07-18,10:45:00,22.80,22.80,22.75,22.77,20886
NRG,2017-07-18,10:46:00,22.77,22.77,22.73,22.74,26686
NRG,2017-07-18,10:47:00,22.74,22.77,22.74,22.75,13684
NRG,2017-07-18,10:48:00,22.75,22.76,22.73,22.75,11152
NRG,2017-07-18,10:49:00,22.75,22.76,22.75,22.75,3262
NRG,2017-07-18,10:50:00,22.75,22.75,22.71,22.71,7854
NRG,2017-07-18,10:51:00,22.72,22.76,22.71,22.73,22042
NRG,2017-07-18,10:52:00,22.73,22.74,22.72,22.73,4400
NRG,2017-07-18,10:53:00,22.72,22.72,22.67,22.72,18994
NRG,2017-07-18,10:54:00,22.73,22.76,22.72,22.72,9035
NRG,2017-07-18,10:55:00,22.72,22.72,22.67,22.68,36008
NRG,2017-07-18,10:56:00,22.68,22.73,22.67,22.73,45031
NRG,2017-07-18,10:57:00,22.73,22.78,22.73,22.77,28418
NRG,2017-07-18,10:58:00,22.78,22.87,22.77,22.86,17775
NRG,2017-07-18,10:59:00,22.87,22.90,22.83,22.84,42707
NRG,2017-07-18,11:00:00,22.85,22.91,22.85,22.91,6818
NRG,2017-07-18,11:01:00,22.90,22.90,22.86,22.86,8865
NRG,2017-07-18,11:02:00,22.87,22.91,22.87,22.89,8100
NRG,2017-07-18,11:03:00,22.89,22.89,22.86,22.89,7220
NRG,2017-07-18,11:04:00,22.90,22.91,22.87,22.87,6581
NRG,2017-07-18,11:05:00,22.86,22.86,22.83,22.85,5064
NRG,2017-07-18,11:06:00,22.86,22.91,22.86,22.89,7550
NRG,2017-07-18,11:07:00,22.89,22.89,22.88,22.88,1000
NRG,2017-07-18,11:08:00,22.88,22.88,22.86,22.86,3624
NRG,2017-07-18,11:09:00,22.86,22.89,22.86,22.89,2931
NRG,2017-07-18,11:10:00,22.90,22.92,22.90,22.90,3500
NRG,2017-07-18,11:11:00,22.91,22.94,22.91,22.94,13524
NRG,2017-07-18,11:12:00,22.94,22.94,22.91,22.93,6419
NRG,2017-07-18,11:15:00,22.93,22.93,22.90,22.91,9331
NRG,2017-07-18,11:16:00,22.93,22.93,22.89,22.91,12114
NRG,2017-07-18,11:17:00,22.90,22.91,22.89,22.89,10194
NRG,2017-07-18,11:18:00,22.90,22.91,22.88,22.90,10495
NRG,2017-07-18,11:19:00,22.90,22.90,22.87,22.90,2742
NRG,2017-07-18,11:20:00,22.90,22.91,22.89,22.89,4200
NRG,2017-07-18,11:21:00,22.89,22.94,22.89,22.92,6063
NRG,2017-07-18,11:22:00,22.92,22.96,22.91,22.95,7643
NRG,2017-07-18,11:23:00,22.95,22.99,22.95,22.98,5234
NRG,2017-07-18,11:24:00,22.98,22.98,22.96,22.96,2200
NRG,2017-07-18,11:25:00,22.95,22.95,22.93,22.93,7269
NRG,2017-07-18,11:26:00,22.94,22.97,22.94,22.97,2901
NRG,2017-07-18,11:27:00,22.97,22.97,22.95,22.96,7126
NRG,2017-07-18,11:28:00,22.96,22.98,22.95,22.96,5284
NRG,2017-07-18,11:29:00,22.95,22.96,22.94,22.95,6159
NRG,2017-07-18,11:30:00,22.94,22.96,22.94,22.95,10378
NRG,2017-07-18,11:31:00,22.94,22.94,22.90,22.92,9998
NRG,2017-07-18,11:32:00,22.92,22.94,22.92,22.92,3152
NRG,2017-07-18,11:33:00,22.91,22.91,22.89,22.89,8502
NRG,2017-07-18,11:34:00,22.89,22.94,22.88,22.93,11207
NRG,2017-07-18,11:35:00,22.94,22.95,22.91,22.92,9934
NRG,2017-07-18,11:36:00,22.92,22.95,22.92,22.93,6483
NRG,2017-07-18,11:37:00,22.94,22.97,22.91,22.92,9169
NRG,2017-07-18,11:38:00,22.91,22.93,22.91,22.92,1425
NRG,2017-07-18,11:39:00,22.93,22.97,22.93,22.97,19816
NRG,2017-07-18,11:40:00,22.97,22.98,22.95,22.97,25718
NRG,2017-07-18,11:41:00,22.98,23.00,22.98,23.00,8222
NRG,2017-07-18,11:42:00,22.99,23.05,22.99,23.05,30460
NRG,2017-07-18,11:43:00,23.04,23.04,23.00,23.03,88375
NRG,2017-07-18,11:44:00,23.04,23.05,22.99,23.04,18406
NRG,2017-07-18,11:45:00,23.04,23.05,23.04,23.04,8553
NRG,2017-07-18,11:46:00,23.03,23.08,23.03,23.06,15990
NRG,2017-07-18,11:47:00,23.07,23.07,23.07,23.07,4292
NRG,2017-07-18,11:48:00,23.07,23.08,23.04,23.04,13538
NRG,2017-07-18,11:49:00,23.04,23.08,23.04,23.08,6465
NRG,2017-07-18,11:50:00,23.08,23.09,23.06,23.06,7400
NRG,2017-07-18,11:51:00,23.07,23.08,23.07,23.08,3700
NRG,2017-07-18,11:52:00,23.09,23.10,23.07,23.10,6498
NRG,2017-07-18,11:53:00,23.10,23.12,23.10,23.11,12623
NRG,2017-07-18,11:54:00,23.11,23.14,23.08,23.09,22376
NRG,2017-07-18,11:55:00,23.09,23.09,23.02,23.05,46009
NRG,2017-07-18,11:56:00,23.04,23.06,23.04,23.05,28409
NRG,2017-07-18,11:57:00,23.05,23.08,23.05,23.07,15485
NRG,2017-07-18,11:58:00,23.07,23.07,23.00,23.02,469225
NRG,2017-07-18,11:59:00,23.02,23.03,23.02,23.02,41453
NRG,2017-07-18,12:00:00,23.02,23.05,23.02,23.04,19028
NRG,2017-07-18,12:01:00,23.03,23.03,23.02,23.02,3900
NRG,2017-07-18,12:02:00,23.02,23.02,23.00,23.02,3917
NRG,2017-07-18,12:03:00,23.02,23.02,23.01,23.02,24653
NRG,2017-07-18,12:04:00,23.01,23.04,23.00,23.03,151877
NRG,2017-07-18,12:05:00,23.05,23.12,23.05,23.12,22653
NRG,2017-07-18,12:06:00,23.13,23.13,23.08,23.09,63576
NRG,2017-07-18,12:07:00,23.08,23.12,23.08,23.11,9316
NRG,2017-07-18,12:08:00,23.11,23.14,23.11,23.12,7064
NRG,2017-07-18,12:09:00,23.12,23.14,23.11,23.14,12920
NRG,2017-07-18,12:10:00,23.13,23.13,23.12,23.12,4708
NRG,2017-07-18,12:11:00,23.12,23.13,23.10,23.10,6048
NRG,2017-07-18,12:12:00,23.11,23.12,23.11,23.11,9200
NRG,2017-07-18,12:13:00,23.11,23.11,23.11,23.11,9000
NRG,2017-07-18,12:14:00,23.11,23.12,23.10,23.11,9464
NRG,2017-07-18,12:15:00,23.12,23.12,23.09,23.09,15452
NRG,2017-07-18,12:16:00,23.09,23.11,23.07,23.11,22754
NRG,2017-07-18,12:17:00,23.11,23.11,23.10,23.11,15374
NRG,2017-07-18,12:18:00,23.11,23.11,23.04,23.05,53061
NRG,2017-07-18,12:19:00,23.06,23.10,23.06,23.10,12022
NRG,2017-07-18,12:20:00,23.10,23.10,23.08,23.09,28308
NRG,2017-07-18,12:21:00,23.08,23.09,23.05,23.05,20290
NRG,2017-07-18,12:22:00,23.05,23.07,23.04,23.05,45322
NRG,2017-07-18,12:23:00,23.04,23.06,23.04,23.06,24991
NRG,2017-07-18,12:24:00,23.06,23.06,23.04,23.05,19798
NRG,2017-07-18,12:25:00,23.05,23.08,23.05,23.06,19662
NRG,2017-07-18,12:26:00,23.06,23.07,23.03,23.03,13711
NRG,2017-07-18,12:27:00,23.03,23.04,23.00,23.00,25966
NRG,2017-07-18,12:28:00,23.00,23.02,23.00,23.00,17707
NRG,2017-07-18,12:29:00,23.00,23.02,23.00,23.02,19641
NRG,2017-07-18,12:30:00,23.02,23.02,23.00,23.01,19843
NRG,2017-07-18,12:31:00,23.02,23.02,23.00,23.00,36944
NRG,2017-07-18,12:32:00,23.01,23.01,23.00,23.00,11917
NRG,2017-07-18,12:33:00,23.01,23.01,23.00,23.00,206700
NRG,2017-07-18,12:34:00,23.00,23.01,23.00,23.00,10700
NRG,2017-07-18,12:35:00,23.00,23.03,23.00,23.01,158682
NRG,2017-07-18,12:36:00,23.01,23.05,23.00,23.05,26026
NRG,2017-07-18,12:37:00,23.04,23.06,23.02,23.06,12159
NRG,2017-07-18,12:38:00,23.07,23.09,23.07,23.07,3635
NRG,2017-07-18,12:39:00,23.07,23.08,23.06,23.08,12773
NRG,2017-07-18,12:40:00,23.08,23.09,23.08,23.08,3723
NRG,2017-07-18,12:41:00,23.08,23.08,23.07,23.08,3951
NRG,2017-07-18,12:42:00,23.08,23.09,23.07,23.09,6353
NRG,2017-07-18,12:43:00,23.09,23.11,23.09,23.09,11337
NRG,2017-07-18,12:44:00,23.09,23.09,23.06,23.07,9708
NRG,2017-07-18,12:45:00,23.07,23.08,23.06,23.07,4907
NRG,2017-07-18,12:46:00,23.06,23.08,23.06,23.08,6406
NRG,2017-07-18,12:47:00,23.07,23.07,23.05,23.06,12532
NRG,2017-07-18,12:48:00,23.06,23.06,23.04,23.04,3400
NRG,2017-07-18,12:49:00,23.04,23.04,23.01,23.02,20942
NRG,2017-07-18,12:50:00,23.01,23.02,23.01,23.01,7554
NRG,2017-07-18,12:51:00,23.01,23.02,23.00,23.01,15333
NRG,2017-07-18,12:52:00,23.02,23.04,23.00,23.04,67806
NRG,2017-07-18,12:53:00,23.04,23.04,23.03,23.03,10671
NRG,2017-07-18,12:54:00,23.02,23.04,23.00,23.04,31964
NRG,2017-07-18,12:55:00,23.04,23.04,23.03,23.04,6431
NRG,2017-07-18,12:56:00,23.04,23.04,23.03,23.04,5900
NRG,2017-07-18,12:57:00,23.04,23.05,23.03,23.05,7711
NRG,2017-07-18,12:58:00,23.05,23.05,23.03,23.03,15288
NRG,2017-07-18,12:59:00,23.03,23.05,23.03,23.05,6132
NRG,2017-07-18,13:00:00,23.04,23.04,23.01,23.01,11096
NRG,2017-07-18,13:01:00,23.01,23.02,23.01,23.01,10049
NRG,2017-07-18,13:02:00,23.00,23.02,23.00,23.02,19770
NRG,2017-07-18,13:03:00,23.02,23.05,23.02,23.05,8721
NRG,2017-07-18,13:04:00,23.05,23.05,23.02,23.03,10600
NRG,2017-07-18,13:05:00,23.03,23.05,23.03,23.05,3200
NRG,2017-07-18,13:06:00,23.05,23.05,23.03,23.04,4200
NRG,2017-07-18,13:07:00,23.03,23.03,23.01,23.02,4444
NRG,2017-07-18,13:08:00,23.01,23.02,23.01,23.01,6601
NRG,2017-07-18,13:09:00,23.02,23.03,23.02,23.03,4667
NRG,2017-07-18,13:10:00,23.03,23.04,23.02,23.04,3900
NRG,2017-07-18,13:11:00,23.04,23.04,23.02,23.02,4931
NRG,2017-07-18,13:12:00,23.02,23.02,23.02,23.02,4732
NRG,2017-07-18,13:13:00,23.02,23.03,23.01,23.01,7610
NRG,2017-07-18,13:14:00,23.01,23.02,23.01,23.02,3192
NRG,2017-07-18,13:15:00,23.02,23.02,23.01,23.01,1700
NRG,2017-07-18,13:16:00,23.02,23.02,23.01,23.01,5211
NRG,2017-07-18,13:17:00,23.02,23.02,23.02,23.02,5887
NRG,2017-07-18,13:18:00,23.03,23.03,23.01,23.01,10390
NRG,2017-07-18,13:19:00,23.01,23.02,23.00,23.02,12568
NRG,2017-07-18,13:20:00,23.02,23.02,23.01,23.02,1479
NRG,2017-07-18,13:21:00,23.02,23.02,23.01,23.01,4664
NRG,2017-07-18,13:22:00,23.02,23.02,23.01,23.01,7649
NRG,2017-07-18,13:23:00,23.02,23.05,23.02,23.03,13248
NRG,2017-07-18,13:24:00,23.02,23.03,23.01,23.03,10563
NRG,2017-07-18,13:25:00,23.03,23.03,23.02,23.03,800
NRG,2017-07-18,13:26:00,23.03,23.03,23.00,23.01,8800
NRG,2017-07-18,13:27:00,23.01,23.02,23.01,23.02,6500
NRG,2017-07-18,13:28:00,23.02,23.04,23.02,23.02,6166
NRG,2017-07-18,13:29:00,23.02,23.03,23.01,23.02,7404
NRG,2017-07-18,13:30:00,23.01,23.02,23.00,23.01,4164
NRG,2017-07-18,13:31:00,23.00,23.01,23.00,23.01,5170
NRG,2017-07-18,13:32:00,23.00,23.02,23.00,23.01,15797
NRG,2017-07-18,13:33:00,23.00,23.01,23.00,23.00,106407
NRG,2017-07-18,13:34:00,23.00,23.01,23.00,23.01,3904
NRG,2017-07-18,13:35:00,23.01,23.01,23.00,23.01,1032
NRG,2017-07-18,13:36:00,23.00,23.04,23.00,23.04,40482
NRG,2017-07-18,13:37:00,23.03,23.04,23.03,23.03,5332
NRG,2017-07-18,13:38:00,23.03,23.03,23.01,23.02,4932
NRG,2017-07-18,13:39:00,23.02,23.02,23.00,23.01,17197
NRG,2017-07-18,13:40:00,23.01,23.02,23.01,23.02,1000
NRG,2017-07-18,13:41:00,23.01,23.04,23.01,23.03,12673
NRG,2017-07-18,13:42:00,23.03,23.06,23.03,23.05,7295
NRG,2017-07-18,13:43:00,23.06,23.06,23.04,23.04,6539
NRG,2017-07-18,13:44:00,23.04,23.05,23.02,23.04,12100
NRG,2017-07-18,13:45:00,23.04,23.05,23.03,23.04,2799
NRG,2017-07-18,13:46:00,23.05,23.07,23.04,23.04,5622
NRG,2017-07-18,13:47:00,23.03,23.05,23.02,23.05,7122
NRG,2017-07-18,13:48:00,23.04,23.04,23.03,23.04,2731
NRG,2017-07-18,13:49:00,23.04,23.04,23.02,23.02,2100
NRG,2017-07-18,13:50:00,23.01,23.01,23.01,23.01,1400
NRG,2017-07-18,13:51:00,23.01,23.04,23.00,23.04,13470
NRG,2017-07-18,13:52:00,23.03,23.04,23.02,23.03,8512
NRG,2017-07-18,13:53:00,23.02,23.03,23.00,23.02,6715
NRG,2017-07-18,13:54:00,23.02,23.02,23.02,23.02,1700
NRG,2017-07-18,13:55:00,23.01,23.02,23.00,23.02,18916
NRG,2017-07-18,13:56:00,23.02,23.03,23.02,23.03,3301
NRG,2017-07-18,13:57:00,23.03,23.04,23.02,23.03,9899
NRG,2017-07-18,13:58:00,23.03,23.04,23.03,23.03,3102
NRG,2017-07-18,13:59:00,23.04,23.04,23.03,23.04,5388
NRG,2017-07-18,14:02:00,23.01,23.02,23.00,23.00,23517
NRG,2017-07-18,14:03:00,23.00,23.01,23.00,23.00,4100
NRG,2017-07-18,14:04:00,23.01,23.02,23.01,23.01,11183
NRG,2017-07-18,14:05:00,23.02,23.02,23.01,23.01,3067
NRG,2017-07-18,14:06:00,23.01,23.03,23.01,23.03,4881
NRG,2017-07-18,14:07:00,23.02,23.03,23.01,23.01,8200
NRG,2017-07-18,14:08:00,23.02,23.02,23.01,23.01,4231
NRG,2017-07-18,14:09:00,23.00,23.01,23.00,23.00,2707
NRG,2017-07-18,14:10:00,23.00,23.02,22.99,23.02,49568
NRG,2017-07-18,14:11:00,23.03,23.03,23.01,23.01,7471
NRG,2017-07-18,14:12:00,23.00,23.01,23.00,23.01,2440
NRG,2017-07-18,14:13:00,23.00,23.02,23.00,23.01,4632
NRG,2017-07-18,14:14:00,23.00,23.01,23.00,23.01,900
NRG,2017-07-18,14:15:00,23.00,23.03,23.00,23.03,9370
NRG,2017-07-18,14:16:00,23.03,23.04,23.02,23.03,4800
NRG,2017-07-18,14:17:00,23.03,23.03,23.02,23.03,9000
NRG,2017-07-18,14:18:00,23.02,23.02,23.00,23.01,4490
NRG,2017-07-18,14:19:00,23.02,23.02,23.00,23.00,3373
NRG,2017-07-18,14:20:00,23.01,23.02,23.00,23.02,4222
NRG,2017-07-18,14:21:00,23.01,23.02,23.01,23.02,1700
NRG,2017-07-18,14:22:00,23.02,23.03,23.01,23.03,5864
NRG,2017-07-18,14:23:00,23.03,23.05,23.03,23.05,4264
NRG,2017-07-18,14:24:00,23.05,23.06,23.05,23.06,5400
NRG,2017-07-18,14:25:00,23.06,23.07,23.04,23.05,9000
NRG,2017-07-18,14:26:00,23.05,23.07,23.05,23.05,11200
NRG,2017-07-18,14:27:00,23.05,23.05,23.04,23.05,5144
NRG,2017-07-18,14:28:00,23.05,23.08,23.05,23.06,7200
NRG,2017-07-18,14:29:00,23.06,23.08,23.05,23.05,9856
NRG,2017-07-18,14:30:00,23.06,23.06,23.05,23.06,15664
NRG,2017-07-18,14:31:00,23.07,23.08,23.07,23.08,300
NRG,2017-07-18,14:33:00,23.08,23.11,23.08,23.11,46031
NRG,2017-07-18,14:34:00,23.11,23.12,23.10,23.10,18044
NRG,2017-07-18,14:35:00,23.11,23.12,23.10,23.12,15285
NRG,2017-07-18,14:36:00,23.11,23.12,23.11,23.12,3100
NRG,2017-07-18,14:37:00,23.11,23.12,23.11,23.11,8632
NRG,2017-07-18,14:38:00,23.12,23.13,23.12,23.13,3464
NRG,2017-07-18,14:39:00,23.13,23.13,23.12,23.13,1800
NRG,2017-07-18,14:40:00,23.13,23.13,23.12,23.13,1500
NRG,2017-07-18,14:41:00,23.12,23.14,23.11,23.13,15211
NRG,2017-07-18,14:42:00,23.13,23.14,23.13,23.13,4302
NRG,2017-07-18,14:43:00,23.14,23.15,23.13,23.14,9712
NRG,2017-07-18,14:44:00,23.15,23.17,23.15,23.16,15255
NRG,2017-07-18,14:45:00,23.16,23.18,23.16,23.17,6748
NRG,2017-07-18,14:46:00,23.16,23.17,23.16,23.17,14490
NRG,2017-07-18,14:47:00,23.18,23.19,23.18,23.19,13319
NRG,2017-07-18,14:48:00,23.18,23.18,23.16,23.16,26230
NRG,2017-07-18,14:49:00,23.16,23.17,23.15,23.16,8517
NRG,2017-07-18,14:50:00,23.16,23.16,23.16,23.16,9233
NRG,2017-07-18,14:51:00,23.16,23.19,23.16,23.19,8587
NRG,2017-07-18,14:52:00,23.19,23.21,23.18,23.20,10416
NRG,2017-07-18,14:53:00,23.20,23.22,23.20,23.22,17154
NRG,2017-07-18,14:54:00,23.22,23.22,23.20,23.22,21316
NRG,2017-07-18,14:55:00,23.21,23.22,23.20,23.20,6532
NRG,2017-07-18,14:56:00,23.20,23.21,23.19,23.19,23660
NRG,2017-07-18,14:57:00,23.19,23.20,23.19,23.20,9025
NRG,2017-07-18,14:58:00,23.20,23.21,23.19,23.21,29838
NRG,2017-07-18,14:59:00,23.21,23.25,23.21,23.25,17597
NRG,2017-07-18,15:00:00,23.25,23.25,23.24,23.25,29674
NRG,2017-07-18,15:01:00,23.25,23.28,23.24,23.27,24312
NRG,2017-07-18,15:02:00,23.28,23.30,23.27,23.30,18392
NRG,2017-07-18,15:03:00,23.30,23.30,23.27,23.27,35291
NRG,2017-07-18,15:04:00,23.28,23.28,23.25,23.25,47223
NRG,2017-07-18,15:05:00,23.25,23.25,23.25,23.25,5300
NRG,2017-07-18,15:06:00,23.25,23.28,23.25,23.27,17465
NRG,2017-07-18,15:07:00,23.27,23.30,23.26,23.30,30375
NRG,2017-07-18,15:08:00,23.31,23.31,23.30,23.30,4844
NRG,2017-07-18,15:09:00,23.31,23.31,23.27,23.28,62902
NRG,2017-07-18,15:10:00,23.29,23.30,23.28,23.28,6301
NRG,2017-07-18,15:11:00,23.28,23.29,23.27,23.28,24674
NRG,2017-07-18,15:12:00,23.28,23.29,23.27,23.29,15972
NRG,2017-07-18,15:13:00,23.28,23.29,23.25,23.25,12096
NRG,2017-07-18,15:14:00,23.25,23.27,23.25,23.27,8300
NRG,2017-07-18,15:15:00,23.27,23.31,23.27,23.30,10847
NRG,2017-07-18,15:16:00,23.30,23.32,23.30,23.32,13225
NRG,2017-07-18,15:17:00,23.32,23.38,23.32,23.37,49073
NRG,2017-07-18,15:18:00,23.36,23.36,23.34,23.34,10048
NRG,2017-07-18,15:19:00,23.34,23.37,23.34,23.37,6611
NRG,2017-07-18,15:20:00,23.37,23.37,23.34,23.36,11705
NRG,2017-07-18,15:21:00,23.37,23.37,23.35,23.36,30701
NRG,2017-07-18,15:22:00,23.36,23.37,23.34,23.37,15387
NRG,2017-07-18,15:23:00,23.37,23.42,23.36,23.41,20291
NRG,2017-07-18,15:24:00,23.41,23.41,23.40,23.41,10527
NRG,2017-07-18,15:25:00,23.41,23.43,23.40,23.43,11132
NRG,2017-07-18,15:26:00,23.43,23.43,23.41,23.42,19600
NRG,2017-07-18,15:27:00,23.42,23.46,23.40,23.42,76447
NRG,2017-07-18,15:28:00,23.42,23.43,23.41,23.43,66536
NRG,2017-07-18,15:29:00,23.43,23.45,23.41,23.44,45555
NRG,2017-07-18,15:30:00,23.45,23.47,23.42,23.43,34768
NRG,2017-07-18,15:31:00,23.42,23.44,23.40,23.43,115155
NRG,2017-07-18,15:32:00,23.43,23.43,23.42,23.43,9398
NRG,2017-07-18,15:33:00,23.43,23.43,23.41,23.43,55146
NRG,2017-07-18,15:34:00,23.43,23.43,23.34,23.34,53201
NRG,2017-07-18,15:35:00,23.36,23.38,23.34,23.35,58217
NRG,2017-07-18,15:36:00,23.34,23.38,23.34,23.34,57202
NRG,2017-07-18,15:37:00,23.34,23.35,23.32,23.33,31448
NRG,2017-07-18,15:38:00,23.33,23.34,23.31,23.34,56858
NRG,2017-07-18,15:39:00,23.34,23.36,23.34,23.36,15482
NRG,2017-07-18,15:40:00,23.36,23.36,23.30,23.30,47271
NRG,2017-07-18,15:41:00,23.30,23.33,23.28,23.31,64734
NRG,2017-07-18,15:42:00,23.31,23.32,23.31,23.31,14016
NRG,2017-07-18,15:43:00,23.31,23.32,23.30,23.30,39454
NRG,2017-07-18,15:44:00,23.30,23.33,23.30,23.33,38540
NRG,2017-07-18,15:45:00,23.32,23.35,23.32,23.35,46006
NRG,2017-07-18,15:46:00,23.35,23.37,23.33,23.34,50224
NRG,2017-07-18,15:47:00,23.33,23.34,23.31,23.32,65136
NRG,2017-07-18,15:48:00,23.32,23.34,23.32,23.32,37682
NRG,2017-07-18,15:49:00,23.32,23.32,23.26,23.30,101788
NRG,2017-07-18,15:50:00,23.29,23.32,23.29,23.32,50190
NRG,2017-07-18,15:51:00,23.32,23.34,23.31,23.33,70160
NRG,2017-07-18,15:52:00,23.34,23.35,23.32,23.32,150390
NRG,2017-07-18,15:53:00,23.32,23.33,23.32,23.32,20875
NRG,2017-07-18,15:54:00,23.32,23.33,23.32,23.33,46285
NRG,2017-07-18,15:55:00,23.33,23.34,23.31,23.34,130980
NRG,2017-07-18,15:56:00,23.34,23.41,23.34,23.41,134785
NRG,2017-07-18,15:57:00,23.41,23.43,23.41,23.43,61715
NRG,2017-07-18,15:58:00,23.43,23.43,23.42,23.43,85741
NRG,2017-07-18,15:59:00,23.42,23.43,23.42,23.42,88203
NRG,2017-07-18,16:00:00,23.42,23.43,23.42,23.42,161246
NRG,2017-07-19,09:31:00,23.42,23.42,23.42,23.42,200
NRG,2017-07-19,09:32:00,23.43,23.43,23.30,23.30,42460
NRG,2017-07-19,09:33:00,23.32,23.32,23.19,23.27,9841
NRG,2017-07-19,09:34:00,23.27,23.39,23.27,23.39,6350
NRG,2017-07-19,09:35:00,23.38,23.38,23.33,23.33,3548
NRG,2017-07-19,09:36:00,23.31,23.39,23.31,23.39,6700
NRG,2017-07-19,09:37:00,23.34,23.42,23.34,23.41,4004
NRG,2017-07-19,09:38:00,23.41,23.41,23.37,23.41,3890
NRG,2017-07-19,09:39:00,23.41,23.45,23.37,23.37,6323
NRG,2017-07-19,09:40:00,23.41,23.47,23.39,23.44,10362
NRG,2017-07-19,09:41:00,23.45,23.45,23.36,23.36,29060
NRG,2017-07-19,09:42:00,23.36,23.36,23.33,23.34,10292
NRG,2017-07-19,09:43:00,23.34,23.38,23.33,23.37,20479
NRG,2017-07-19,09:44:00,23.38,23.38,23.36,23.38,27300
NRG,2017-07-19,09:45:00,23.38,23.38,23.36,23.36,21914
NRG,2017-07-19,09:46:00,23.36,23.37,23.34,23.34,58310
NRG,2017-07-19,09:47:00,23.34,23.34,23.30,23.32,25990
NRG,2017-07-19,09:48:00,23.32,23.32,23.32,23.32,3700
NRG,2017-07-19,09:49:00,23.32,23.33,23.30,23.32,25208
NRG,2017-07-19,09:50:00,23.32,23.36,23.32,23.36,79105
NRG,2017-07-19,09:51:00,23.37,23.38,23.36,23.36,50975
NRG,2017-07-19,09:52:00,23.36,23.38,23.36,23.38,85527
NRG,2017-07-19,09:53:00,23.38,23.38,23.35,23.38,101739
NRG,2017-07-19,09:54:00,23.39,23.42,23.39,23.42,25004
NRG,2017-07-19,09:55:00,23.41,23.42,23.38,23.39,39139
NRG,2017-07-19,09:56:00,23.40,23.41,23.35,23.35,28603
NRG,2017-07-19,09:57:00,23.35,23.35,23.29,23.30,10743
NRG,2017-07-19,09:58:00,23.30,23.30,23.23,23.25,25489
NRG,2017-07-19,09:59:00,23.25,23.25,23.21,23.22,35450
NRG,2017-07-19,10:00:00,23.22,23.27,23.22,23.24,19929
NRG,2017-07-19,10:01:00,23.24,23.25,23.16,23.16,21160
NRG,2017-07-19,10:02:00,23.16,23.19,23.13,23.15,28753
NRG,2017-07-19,10:03:00,23.16,23.16,23.12,23.16,24345
NRG,2017-07-19,10:04:00,23.16,23.20,23.13,23.19,34441
NRG,2017-07-19,10:05:00,23.21,23.31,23.21,23.31,31971
NRG,2017-07-19,10:06:00,23.30,23.30,23.22,23.25,27615
NRG,2017-07-19,10:07:00,23.25,23.26,23.20,23.21,10788
NRG,2017-07-19,10:08:00,23.21,23.21,23.14,23.14,18477
NRG,2017-07-19,10:09:00,23.15,23.16,23.14,23.14,21216
NRG,2017-07-19,10:10:00,23.14,23.19,23.10,23.16,40651
NRG,2017-07-19,10:11:00,23.16,23.17,23.14,23.16,12182
NRG,2017-07-19,10:12:00,23.15,23.15,23.10,23.10,7572
NRG,2017-07-19,10:13:00,23.10,23.18,23.09,23.18,24273
NRG,2017-07-19,10:14:00,23.18,23.19,23.13,23.19,23868
NRG,2017-07-19,10:15:00,23.19,23.28,23.19,23.27,26868
NRG,2017-07-19,10:16:00,23.27,23.32,23.26,23.32,28485
NRG,2017-07-19,10:17:00,23.32,23.36,23.31,23.36,32667
NRG,2017-07-19,10:18:00,23.36,23.38,23.30,23.32,32117
NRG,2017-07-19,10:19:00,23.32,23.32,23.27,23.27,11892
NRG,2017-07-19,10:20:00,23.27,23.30,23.26,23.29,28343
NRG,2017-07-19,10:21:00,23.29,23.34,23.29,23.34,8418
NRG,2017-07-19,10:22:00,23.34,23.34,23.32,23.32,5604
NRG,2017-07-19,10:23:00,23.32,23.34,23.32,23.34,8880
NRG,2017-07-19,10:24:00,23.34,23.35,23.32,23.35,8129
NRG,2017-07-19,10:25:00,23.34,23.35,23.32,23.35,10100
NRG,2017-07-19,10:26:00,23.35,23.35,23.34,23.35,3100
NRG,2017-07-19,10:27:00,23.34,23.37,23.34,23.36,18203
NRG,2017-07-19,10:28:00,23.37,23.37,23.35,23.36,6700
NRG,2017-07-19,10:29:00,23.35,23.35,23.32,23.33,14090
NRG,2017-07-19,10:30:00,23.34,23.39,23.32,23.38,39850
NRG,2017-07-19,10:31:00,23.38,23.40,23.36,23.37,39822
NRG,2017-07-19,10:32:00,23.37,23.42,23.35,23.40,56615
NRG,2017-07-19,10:33:00,23.40,23.44,23.39,23.44,36866
NRG,2017-07-19,10:34:00,23.43,23.49,23.43,23.49,46412
NRG,2017-07-19,10:35:00,23.49,23.49,23.44,23.45,30005
NRG,2017-07-19,10:36:00,23.45,23.53,23.45,23.50,55439
NRG,2017-07-19,10:37:00,23.50,23.54,23.49,23.52,61161
NRG,2017-07-19,10:38:00,23.52,23.52,23.50,23.51,16058
NRG,2017-07-19,10:39:00,23.50,23.52,23.49,23.50,39228
NRG,2017-07-19,10:40:00,23.50,23.52,23.49,23.52,60406
NRG,2017-07-19,10:41:00,23.52,23.53,23.50,23.50,19676
NRG,2017-07-19,10:42:00,23.50,23.54,23.50,23.54,14465
NRG,2017-07-19,10:43:00,23.54,23.54,23.50,23.50,7021
NRG,2017-07-19,10:44:00,23.50,23.51,23.50,23.50,9560
NRG,2017-07-19,10:45:00,23.50,23.53,23.50,23.52,8143
NRG,2017-07-19,10:46:00,23.53,23.58,23.52,23.58,16410
NRG,2017-07-19,10:47:00,23.58,23.58,23.57,23.57,8500
NRG,2017-07-19,10:48:00,23.57,23.57,23.54,23.54,22741
NRG,2017-07-19,10:49:00,23.54,23.54,23.50,23.52,12337
NRG,2017-07-19,10:50:00,23.52,23.52,23.51,23.52,8862
NRG,2017-07-19,10:51:00,23.51,23.54,23.51,23.54,15313
NRG,2017-07-19,10:52:00,23.54,23.54,23.53,23.54,2700
NRG,2017-07-19,10:53:00,23.54,23.56,23.53,23.56,17787
NRG,2017-07-19,10:54:00,23.55,23.55,23.47,23.48,19147
NRG,2017-07-19,10:55:00,23.48,23.50,23.48,23.50,29487
NRG,2017-07-19,10:56:00,23.50,23.52,23.49,23.52,10514
NRG,2017-07-19,10:57:00,23.53,23.54,23.52,23.54,6669
NRG,2017-07-19,10:58:00,23.55,23.55,23.48,23.50,25889
NRG,2017-07-19,10:59:00,23.51,23.55,23.51,23.55,8800
NRG,2017-07-19,11:00:00,23.55,23.56,23.54,23.54,13529
NRG,2017-07-19,11:01:00,23.54,23.55,23.54,23.55,5947
NRG,2017-07-19,11:02:00,23.54,23.55,23.52,23.55,9494
NRG,2017-07-19,11:03:00,23.54,23.55,23.50,23.50,14001
NRG,2017-07-19,11:04:00,23.50,23.51,23.48,23.50,25798
NRG,2017-07-19,11:05:00,23.50,23.52,23.50,23.52,18421
NRG,2017-07-19,11:06:00,23.52,23.53,23.49,23.50,24347
NRG,2017-07-19,11:07:00,23.49,23.55,23.48,23.53,33555
NRG,2017-07-19,11:08:00,23.54,23.54,23.53,23.54,10403
NRG,2017-07-19,11:09:00,23.54,23.55,23.51,23.55,22087
NRG,2017-07-19,11:10:00,23.54,23.54,23.51,23.52,12330
NRG,2017-07-19,11:11:00,23.52,23.54,23.52,23.52,13737
NRG,2017-07-19,11:12:00,23.52,23.52,23.50,23.51,8464
NRG,2017-07-19,11:13:00,23.52,23.52,23.49,23.50,9835
NRG,2017-07-19,11:14:00,23.50,23.55,23.49,23.54,20429
NRG,2017-07-19,11:15:00,23.54,23.54,23.52,23.54,6401
NRG,2017-07-19,11:16:00,23.54,23.55,23.53,23.53,10524
NRG,2017-07-19,11:17:00,23.52,23.53,23.50,23.50,10104
NRG,2017-07-19,11:18:00,23.50,23.54,23.50,23.53,8351
NRG,2017-07-19,11:19:00,23.54,23.58,23.54,23.55,15154
NRG,2017-07-19,11:20:00,23.55,23.60,23.54,23.59,21681
NRG,2017-07-19,11:21:00,23.60,23.62,23.56,23.59,22520
NRG,2017-07-19,11:22:00,23.59,23.59,23.54,23.57,28016
NRG,2017-07-19,11:23:00,23.57,23.58,23.52,23.53,8728
NRG,2017-07-19,11:24:00,23.54,23.54,23.51,23.51,5749
NRG,2017-07-19,11:25:00,23.52,23.52,23.50,23.50,12561
NRG,2017-07-19,11:26:00,23.50,23.52,23.50,23.52,8276
NRG,2017-07-19,11:27:00,23.52,23.52,23.50,23.50,9284
NRG,2017-07-19,11:28:00,23.50,23.52,23.50,23.52,17280
NRG,2017-07-19,11:29:00,23.52,23.53,23.50,23.52,11126
NRG,2017-07-19,11:30:00,23.53,23.56,23.52,23.55,9692
NRG,2017-07-19,11:31:00,23.55,23.55,23.51,23.51,14358
NRG,2017-07-19,11:32:00,23.51,23.55,23.50,23.55,12012
NRG,2017-07-19,11:33:00,23.55,23.57,23.54,23.57,11286
NRG,2017-07-19,11:34:00,23.57,23.57,23.55,23.55,6223
NRG,2017-07-19,11:35:00,23.55,23.56,23.54,23.54,19880
NRG,2017-07-19,11:36:00,23.53,23.53,23.50,23.50,12460
NRG,2017-07-19,11:37:00,23.50,23.52,23.50,23.52,13953
NRG,2017-07-19,11:38:00,23.51,23.51,23.50,23.50,5566
NRG,2017-07-19,11:39:00,23.50,23.51,23.49,23.50,160672
NRG,2017-07-19,11:40:00,23.50,23.50,23.48,23.50,53935
NRG,2017-07-19,11:41:00,23.50,23.50,23.49,23.50,9080
NRG,2017-07-19,11:42:00,23.49,23.53,23.49,23.50,101168
NRG,2017-07-19,11:43:00,23.51,23.52,23.50,23.51,8768
NRG,2017-07-19,11:44:00,23.52,23.52,23.51,23.51,25466
NRG,2017-07-19,11:45:00,23.52,23.52,23.50,23.52,27726
NRG,2017-07-19,11:46:00,23.52,23.53,23.51,23.51,32484
NRG,2017-07-19,11:47:00,23.52,23.54,23.52,23.54,25244
NRG,2017-07-19,11:48:00,23.54,23.54,23.52,23.53,14353
NRG,2017-07-19,11:49:00,23.52,23.55,23.52,23.53,21591
NRG,2017-07-19,11:50:00,23.54,23.55,23.52,23.53,5053
NRG,2017-07-19,11:51:00,23.52,23.54,23.52,23.54,12270
NRG,2017-07-19,11:52:00,23.54,23.55,23.53,23.55,10579
NRG,2017-07-19,11:53:00,23.55,23.56,23.55,23.56,15686
NRG,2017-07-19,11:54:00,23.55,23.56,23.54,23.55,9928
NRG,2017-07-19,11:55:00,23.56,23.56,23.54,23.54,8112
NRG,2017-07-19,11:56:00,23.55,23.55,23.53,23.53,3299
NRG,2017-07-19,11:57:00,23.53,23.54,23.50,23.52,10392
NRG,2017-07-19,11:58:00,23.52,23.53,23.48,23.49,11611
NRG,2017-07-19,11:59:00,23.49,23.50,23.46,23.50,15329
NRG,2017-07-19,12:00:00,23.49,23.54,23.48,23.51,27146
NRG,2017-07-19,12:01:00,23.52,23.54,23.52,23.54,11658
NRG,2017-07-19,12:02:00,23.54,23.54,23.53,23.53,2891
NRG,2017-07-19,12:03:00,23.54,23.54,23.53,23.54,4700
NRG,2017-07-19,12:04:00,23.53,23.56,23.53,23.54,24206
NRG,2017-07-19,12:05:00,23.54,23.57,23.53,23.56,28919
NRG,2017-07-19,12:06:00,23.57,23.58,23.55,23.57,14744
NRG,2017-07-19,12:07:00,23.57,23.59,23.57,23.59,20211
NRG,2017-07-19,12:08:00,23.59,23.64,23.58,23.63,38698
NRG,2017-07-19,12:09:00,23.63,23.64,23.61,23.61,8767
NRG,2017-07-19,12:10:00,23.61,23.64,23.60,23.64,22419
NRG,2017-07-19,12:11:00,23.64,23.65,23.62,23.62,49816
NRG,2017-07-19,12:12:00,23.63,23.63,23.61,23.63,30614
NRG,2017-07-19,12:13:00,23.62,23.66,23.61,23.65,24997
NRG,2017-07-19,12:14:00,23.66,23.66,23.61,23.66,26250
NRG,2017-07-19,12:15:00,23.66,23.69,23.66,23.68,22524
NRG,2017-07-19,12:16:00,23.68,23.70,23.66,23.68,19361
NRG,2017-07-19,12:17:00,23.68,23.68,23.67,23.68,14461
NRG,2017-07-19,12:18:00,23.68,23.69,23.68,23.68,8600
NRG,2017-07-19,12:19:00,23.68,23.70,23.66,23.67,27054
NRG,2017-07-19,12:20:00,23.68,23.68,23.67,23.67,2200
NRG,2017-07-19,12:21:00,23.67,23.68,23.65,23.66,11234
NRG,2017-07-19,12:22:00,23.65,23.66,23.65,23.66,2951
NRG,2017-07-19,12:23:00,23.66,23.66,23.65,23.65,6696
NRG,2017-07-19,12:24:00,23.65,23.68,23.65,23.67,16619
NRG,2017-07-19,12:25:00,23.67,23.68,23.66,23.68,6773
NRG,2017-07-19,12:26:00,23.68,23.68,23.60,23.66,402084
NRG,2017-07-19,12:27:00,23.66,23.70,23.66,23.69,30316
NRG,2017-07-19,12:28:00,23.69,23.70,23.68,23.68,9326
NRG,2017-07-19,12:29:00,23.68,23.73,23.68,23.72,26759
NRG,2017-07-19,12:30:00,23.71,23.71,23.68,23.68,55031
NRG,2017-07-19,12:31:00,23.68,23.71,23.68,23.68,36492
NRG,2017-07-19,12:32:00,23.68,23.69,23.66,23.66,11718
NRG,2017-07-19,12:33:00,23.66,23.67,23.66,23.66,18853
NRG,2017-07-19,12:34:00,23.66,23.68,23.65,23.66,43626
NRG,2017-07-19,12:35:00,23.65,23.68,23.65,23.66,59402
NRG,2017-07-19,12:36:00,23.66,23.68,23.65,23.68,11841
NRG,2017-07-19,12:37:00,23.68,23.70,23.68,23.70,15673
NRG,2017-07-19,12:38:00,23.70,23.70,23.68,23.70,13749
NRG,2017-07-19,12:39:00,23.70,23.71,23.70,23.70,6000
NRG,2017-07-19,12:40:00,23.70,23.73,23.70,23.71,11056
NRG,2017-07-19,12:41:00,23.71,23.73,23.71,23.72,5506
NRG,2017-07-19,12:42:00,23.73,23.73,23.71,23.71,3409
NRG,2017-07-19,12:43:00,23.71,23.73,23.71,23.72,16457
NRG,2017-07-19,12:44:00,23.72,23.74,23.71,23.73,15543
NRG,2017-07-19,12:45:00,23.74,23.76,23.74,23.75,11420
NRG,2017-07-19,12:46:00,23.75,23.78,23.74,23.77,40404
NRG,2017-07-19,12:47:00,23.76,23.77,23.76,23.76,11820
NRG,2017-07-19,12:48:00,23.77,23.77,23.75,23.75,12792
NRG,2017-07-19,12:49:00,23.75,23.77,23.75,23.75,16357
NRG,2017-07-19,12:50:00,23.76,23.76,23.75,23.76,2678
NRG,2017-07-19,12:51:00,23.75,23.75,23.72,23.75,30449
NRG,2017-07-19,12:52:00,23.75,23.75,23.70,23.73,24759
NRG,2017-07-19,12:53:00,23.73,23.75,23.73,23.74,16663
NRG,2017-07-19,12:54:00,23.74,23.74,23.73,23.74,4995
NRG,2017-07-19,12:55:00,23.73,23.73,23.70,23.70,11900
NRG,2017-07-19,12:56:00,23.69,23.73,23.69,23.72,22841
NRG,2017-07-19,12:57:00,23.71,23.71,23.70,23.71,19362
NRG,2017-07-19,12:58:00,23.71,23.73,23.71,23.72,4567
NRG,2017-07-19,12:59:00,23.73,23.74,23.72,23.73,9283
NRG,2017-07-19,13:00:00,23.74,23.75,23.72,23.73,10540
NRG,2017-07-19,13:01:00,23.73,23.73,23.72,23.73,8808
NRG,2017-07-19,13:02:00,23.73,23.74,23.73,23.73,8390
NRG,2017-07-19,13:03:00,23.73,23.74,23.73,23.73,3210
NRG,2017-07-19,13:04:00,23.74,23.74,23.73,23.73,12096
NRG,2017-07-19,13:05:00,23.73,23.75,23.73,23.75,15606
NRG,2017-07-19,13:06:00,23.75,23.75,23.74,23.75,6840
NRG,2017-07-19,13:07:00,23.75,23.75,23.74,23.75,26753
NRG,2017-07-19,13:08:00,23.75,23.75,23.74,23.75,8491
NRG,2017-07-19,13:09:00,23.75,23.75,23.74,23.74,14721
NRG,2017-07-19,13:10:00,23.75,23.75,23.74,23.75,3100
NRG,2017-07-19,13:11:00,23.75,23.75,23.75,23.75,3700
NRG,2017-07-19,13:12:00,23.74,23.76,23.74,23.75,49690
NRG,2017-07-19,13:13:00,23.75,23.77,23.74,23.76,19959
NRG,2017-07-19,13:14:00,23.76,23.78,23.75,23.78,25290
NRG,2017-07-19,13:15:00,23.77,23.78,23.77,23.77,13756
NRG,2017-07-19,13:16:00,23.77,23.78,23.77,23.78,26450
NRG,2017-07-19,13:17:00,23.77,23.81,23.77,23.81,67010
NRG,2017-07-19,13:18:00,23.81,23.83,23.80,23.82,8800
NRG,2017-07-19,13:19:00,23.83,23.83,23.82,23.82,4200
NRG,2017-07-19,13:20:00,23.82,23.83,23.82,23.82,4540
NRG,2017-07-19,13:21:00,23.82,23.83,23.82,23.82,15728
NRG,2017-07-19,13:22:00,23.82,23.83,23.82,23.82,7812
NRG,2017-07-19,13:23:00,23.82,23.83,23.82,23.83,3100
NRG,2017-07-19,13:24:00,23.83,23.90,23.82,23.90,43343
NRG,2017-07-19,13:25:00,23.90,23.90,23.87,23.88,10779
NRG,2017-07-19,13:26:00,23.88,23.89,23.86,23.88,8068
NRG,2017-07-19,13:27:00,23.88,23.89,23.88,23.88,19526
NRG,2017-07-19,13:28:00,23.89,23.89,23.88,23.89,3604
NRG,2017-07-19,13:29:00,23.89,23.95,23.89,23.94,34640
NRG,2017-07-19,13:30:00,23.94,23.95,23.93,23.94,1900
NRG,2017-07-19,13:31:00,23.94,23.95,23.92,23.93,6792
NRG,2017-07-19,13:32:00,23.93,23.93,23.90,23.91,19432
NRG,2017-07-19,13:33:00,23.91,23.92,23.91,23.91,20146
NRG,2017-07-19,13:34:00,23.91,23.92,23.90,23.92,12938
NRG,2017-07-19,13:35:00,23.92,23.92,23.91,23.92,14300
NRG,2017-07-19,13:36:00,23.92,23.92,23.90,23.91,8626
NRG,2017-07-19,13:37:00,23.91,23.92,23.88,23.89,14560
NRG,2017-07-19,13:38:00,23.90,23.90,23.88,23.88,10318
NRG,2017-07-19,13:39:00,23.88,23.88,23.86,23.87,16211
NRG,2017-07-19,13:40:00,23.86,23.88,23.84,23.87,21945
NRG,2017-07-19,13:41:00,23.87,23.87,23.85,23.85,4400
NRG,2017-07-19,13:42:00,23.86,23.87,23.85,23.85,25105
NRG,2017-07-19,13:43:00,23.86,23.86,23.83,23.84,10398
NRG,2017-07-19,13:44:00,23.84,23.85,23.80,23.80,98434
NRG,2017-07-19,13:45:00,23.80,23.80,23.76,23.76,84242
NRG,2017-07-19,13:46:00,23.77,23.78,23.75,23.77,24747
NRG,2017-07-19,13:47:00,23.76,23.77,23.75,23.77,2828
NRG,2017-07-19,13:48:00,23.77,23.77,23.75,23.76,8800
NRG,2017-07-19,13:49:00,23.75,23.76,23.75,23.76,12149
NRG,2017-07-19,13:50:00,23.77,23.77,23.76,23.77,3528
NRG,2017-07-19,13:51:00,23.77,23.78,23.76,23.77,6628
NRG,2017-07-19,13:52:00,23.77,23.79,23.77,23.77,11550
NRG,2017-07-19,13:53:00,23.78,23.78,23.77,23.78,700
NRG,2017-07-19,13:54:00,23.78,23.78,23.77,23.77,1100
NRG,2017-07-19,13:55:00,23.77,23.79,23.77,23.77,18984
NRG,2017-07-19,13:56:00,23.77,23.78,23.77,23.77,1000
NRG,2017-07-19,13:57:00,23.77,23.79,23.77,23.79,7856
NRG,2017-07-19,13:58:00,23.79,23.80,23.78,23.80,7617
NRG,2017-07-19,13:59:00,23.80,23.80,23.78,23.80,10157
NRG,2017-07-19,14:00:00,23.79,23.80,23.77,23.80,19741
NRG,2017-07-19,14:01:00,23.80,23.80,23.78,23.78,16089
NRG,2017-07-19,14:02:00,23.78,23.80,23.78,23.80,13128
NRG,2017-07-19,14:03:00,23.80,23.80,23.79,23.79,2500
NRG,2017-07-19,14:04:00,23.79,23.80,23.79,23.79,3700
NRG,2017-07-19,14:05:00,23.80,23.82,23.80,23.80,31063
NRG,2017-07-19,14:06:00,23.81,23.81,23.80,23.80,7600
NRG,2017-07-19,14:07:00,23.80,23.81,23.80,23.80,2500
NRG,2017-07-19,14:08:00,23.80,23.82,23.78,23.81,52973
NRG,2017-07-19,14:09:00,23.81,23.81,23.79,23.80,29453
NRG,2017-07-19,14:10:00,23.80,23.80,23.78,23.80,30743
NRG,2017-07-19,14:11:00,23.80,23.80,23.77,23.79,25540
NRG,2017-07-19,14:12:00,23.79,23.80,23.78,23.78,10386
NRG,2017-07-19,14:13:00,23.78,23.80,23.78,23.80,21392
NRG,2017-07-19,14:14:00,23.79,23.79,23.77,23.77,12476
NRG,2017-07-19,14:15:00,23.77,23.80,23.76,23.80,11306
NRG,2017-07-19,14:16:00,23.80,23.80,23.78,23.78,13571
NRG,2017-07-19,14:17:00,23.78,23.78,23.77,23.77,17523
NRG,2017-07-19,14:18:00,23.77,23.78,23.77,23.77,10599
NRG,2017-07-19,14:19:00,23.77,23.77,23.76,23.76,11276
NRG,2017-07-19,14:20:00,23.77,23.77,23.76,23.76,2010
NRG,2017-07-19,14:21:00,23.76,23.77,23.75,23.76,18436
NRG,2017-07-19,14:22:00,23.77,23.78,23.77,23.77,22501
NRG,2017-07-19,14:23:00,23.77,23.77,23.75,23.75,25255
NRG,2017-07-19,14:24:00,23.76,23.76,23.75,23.76,1500
NRG,2017-07-19,14:25:00,23.76,23.80,23.75,23.80,59371
NRG,2017-07-19,14:26:00,23.80,23.81,23.80,23.81,16200
NRG,2017-07-19,14:27:00,23.80,23.80,23.80,23.80,3926
NRG,2017-07-19,14:28:00,23.80,23.80,23.80,23.80,1510
NRG,2017-07-19,14:29:00,23.80,23.82,23.80,23.80,20312
NRG,2017-07-19,14:30:00,23.80,23.81,23.80,23.80,1800
NRG,2017-07-19,14:31:00,23.80,23.83,23.80,23.83,12843
NRG,2017-07-19,14:32:00,23.82,23.82,23.82,23.82,5156
NRG,2017-07-19,14:33:00,23.82,23.83,23.82,23.82,7200
NRG,2017-07-19,14:34:00,23.82,23.83,23.82,23.82,3258
NRG,2017-07-19,14:35:00,23.83,23.83,23.81,23.81,9817
NRG,2017-07-19,14:36:00,23.81,23.82,23.80,23.82,21350
NRG,2017-07-19,14:37:00,23.83,23.85,23.82,23.85,8228
NRG,2017-07-19,14:38:00,23.85,23.85,23.84,23.84,7693
NRG,2017-07-19,14:39:00,23.83,23.84,23.83,23.83,4340
NRG,2017-07-19,14:40:00,23.84,23.84,23.83,23.83,5215
NRG,2017-07-19,14:41:00,23.83,23.84,23.82,23.82,10804
NRG,2017-07-19,14:42:00,23.82,23.83,23.82,23.82,2400
NRG,2017-07-19,14:43:00,23.82,23.82,23.82,23.82,6290
NRG,2017-07-19,14:44:00,23.82,23.83,23.82,23.82,5090
NRG,2017-07-19,14:45:00,23.82,23.83,23.82,23.82,5009
NRG,2017-07-19,14:46:00,23.82,23.83,23.80,23.81,17007
NRG,2017-07-19,14:47:00,23.81,23.83,23.81,23.81,29423
NRG,2017-07-19,14:48:00,23.81,23.82,23.80,23.80,20854
NRG,2017-07-19,14:49:00,23.80,23.80,23.80,23.80,1350
NRG,2017-07-19,14:50:00,23.80,23.80,23.80,23.80,3349
NRG,2017-07-19,14:51:00,23.80,23.81,23.79,23.81,15753
NRG,2017-07-19,14:52:00,23.80,23.82,23.80,23.82,17182
NRG,2017-07-19,14:53:00,23.82,23.83,23.82,23.83,9201
NRG,2017-07-19,14:54:00,23.82,23.83,23.82,23.82,1726
NRG,2017-07-19,14:55:00,23.83,23.83,23.82,23.83,5737
NRG,2017-07-19,14:56:00,23.82,23.83,23.82,23.83,6232
NRG,2017-07-19,14:57:00,23.82,23.86,23.82,23.86,28048
NRG,2017-07-19,14:58:00,23.86,23.87,23.86,23.87,12352
NRG,2017-07-19,14:59:00,23.86,23.87,23.85,23.87,14314
NRG,2017-07-19,15:00:00,23.87,23.88,23.86,23.87,7640
NRG,2017-07-19,15:01:00,23.88,23.90,23.88,23.90,8234
NRG,2017-07-19,15:02:00,23.90,23.91,23.89,23.91,7200
NRG,2017-07-19,15:03:00,23.91,23.91,23.90,23.91,1624
NRG,2017-07-19,15:04:00,23.91,23.91,23.89,23.89,21051
NRG,2017-07-19,15:05:00,23.90,23.91,23.90,23.91,7300
NRG,2017-07-19,15:06:00,23.91,23.91,23.91,23.91,10330
NRG,2017-07-19,15:07:00,23.91,23.92,23.89,23.91,36930
NRG,2017-07-19,15:08:00,23.91,23.92,23.91,23.91,2400
NRG,2017-07-19,15:09:00,23.91,23.93,23.91,23.93,7932
NRG,2017-07-19,15:10:00,23.92,23.94,23.92,23.94,8614
NRG,2017-07-19,15:11:00,23.94,23.94,23.93,23.93,7974
NRG,2017-07-19,15:12:00,23.93,23.94,23.93,23.93,9768
NRG,2017-07-19,15:13:00,23.93,23.94,23.93,23.94,5653
NRG,2017-07-19,15:14:00,23.93,23.95,23.93,23.95,8819
NRG,2017-07-19,15:15:00,23.95,23.98,23.93,23.98,97038
NRG,2017-07-19,15:16:00,23.98,23.98,23.97,23.98,41460
NRG,2017-07-19,15:17:00,23.98,23.98,23.97,23.98,35970
NRG,2017-07-19,15:18:00,23.98,24.00,23.98,24.00,32837
NRG,2017-07-19,15:19:00,24.00,24.02,23.98,24.02,135809
NRG,2017-07-19,15:20:00,24.02,24.02,24.00,24.01,15837
NRG,2017-07-19,15:21:00,24.00,24.01,24.00,24.00,7208
NRG,2017-07-19,15:22:00,24.00,24.02,24.00,24.02,28986
NRG,2017-07-19,15:23:00,24.02,24.02,24.00,24.00,14056
NRG,2017-07-19,15:24:00,24.01,24.01,23.99,24.00,51244
NRG,2017-07-19,15:25:00,24.00,24.07,23.98,24.06,181426
NRG,2017-07-19,15:26:00,24.05,24.05,24.01,24.01,123520
NRG,2017-07-19,15:27:00,24.02,24.05,24.02,24.05,6500
NRG,2017-07-19,15:28:00,24.04,24.07,24.04,24.07,9752
NRG,2017-07-19,15:29:00,24.06,24.07,24.05,24.06,17810
NRG,2017-07-19,15:30:00,24.05,24.06,24.03,24.03,15343
NRG,2017-07-19,15:31:00,24.03,24.06,24.03,24.06,21835
NRG,2017-07-19,15:32:00,24.06,24.09,24.05,24.09,21901
NRG,2017-07-19,15:33:00,24.09,24.09,24.06,24.07,36725
NRG,2017-07-19,15:34:00,24.07,24.07,24.04,24.04,30209
NRG,2017-07-19,15:35:00,24.05,24.05,24.02,24.05,49381
NRG,2017-07-19,15:36:00,24.05,24.09,24.04,24.07,30071
NRG,2017-07-19,15:37:00,24.08,24.08,24.05,24.05,15769
NRG,2017-07-19,15:38:00,24.05,24.06,24.05,24.05,15556
NRG,2017-07-19,15:39:00,24.05,24.12,24.05,24.09,77576
NRG,2017-07-19,15:40:00,24.09,24.10,24.08,24.09,25159
NRG,2017-07-19,15:41:00,24.08,24.11,24.08,24.11,21988
NRG,2017-07-19,15:42:00,24.11,24.11,24.09,24.09,47319
NRG,2017-07-19,15:43:00,24.09,24.10,24.09,24.09,20786
NRG,2017-07-19,15:44:00,24.09,24.12,24.08,24.11,97942
NRG,2017-07-19,15:45:00,24.12,24.12,24.07,24.07,82515
NRG,2017-07-19,15:46:00,24.07,24.09,24.02,24.02,146714
NRG,2017-07-19,15:47:00,24.02,24.03,23.99,23.99,69584
NRG,2017-07-19,15:48:00,24.00,24.00,23.96,23.98,65944
NRG,2017-07-19,15:49:00,23.98,23.98,23.95,23.95,17807
NRG,2017-07-19,15:50:00,23.95,23.95,23.91,23.91,31134
NRG,2017-07-19,15:51:00,23.92,23.95,23.91,23.93,61511
NRG,2017-07-19,15:52:00,23.93,23.94,23.93,23.93,21267
NRG,2017-07-19,15:53:00,23.94,23.94,23.93,23.94,43963
NRG,2017-07-19,15:54:00,23.93,23.96,23.93,23.95,75104
NRG,2017-07-19,15:55:00,23.96,23.98,23.95,23.96,93094
NRG,2017-07-19,15:56:00,23.97,23.98,23.96,23.98,68700
NRG,2017-07-19,15:57:00,23.98,24.01,23.97,24.00,49858
NRG,2017-07-19,15:58:00,24.01,24.01,23.99,24.00,128330
NRG,2017-07-19,15:59:00,23.99,24.00,23.98,23.98,134567
NRG,2017-07-19,16:00:00,23.98,24.00,23.97,24.00,151893
NRG,2017-07-20,09:31:00,24.00,24.00,23.96,23.96,55263
NRG,2017-07-20,09:32:00,23.94,23.98,23.86,23.86,7250
NRG,2017-07-20,09:33:00,23.86,23.87,23.81,23.85,13526
NRG,2017-07-20,09:34:00,23.84,23.90,23.81,23.88,13043
NRG,2017-07-20,09:35:00,23.87,23.89,23.85,23.87,6400
NRG,2017-07-20,09:36:00,23.87,23.92,23.87,23.89,11900
NRG,2017-07-20,09:37:00,23.88,23.91,23.80,23.81,13525
NRG,2017-07-20,09:38:00,23.81,23.84,23.80,23.82,4500
NRG,2017-07-20,09:39:00,23.82,23.89,23.80,23.87,11541
NRG,2017-07-20,09:40:00,23.88,23.89,23.85,23.87,6525
NRG,2017-07-20,09:41:00,23.87,23.88,23.86,23.86,3300
NRG,2017-07-20,09:42:00,23.85,23.85,23.80,23.82,32234
NRG,2017-07-20,09:43:00,23.82,23.87,23.82,23.87,11287
NRG,2017-07-20,09:44:00,23.86,23.87,23.84,23.84,4200
NRG,2017-07-20,09:45:00,23.84,23.87,23.84,23.85,5297
NRG,2017-07-20,09:46:00,23.85,23.85,23.82,23.83,9100
NRG,2017-07-20,09:47:00,23.83,23.84,23.82,23.83,11247
NRG,2017-07-20,09:48:00,23.84,23.86,23.82,23.86,11209
NRG,2017-07-20,09:49:00,23.85,23.87,23.84,23.84,7168
NRG,2017-07-20,09:50:00,23.84,23.86,23.83,23.86,9621
NRG,2017-07-20,09:51:00,23.85,23.87,23.85,23.86,5300
NRG,2017-07-20,09:52:00,23.86,23.88,23.85,23.85,9055
NRG,2017-07-20,09:53:00,23.85,23.86,23.84,23.84,2400
NRG,2017-07-20,09:54:00,23.84,23.87,23.84,23.85,6100
NRG,2017-07-20,09:55:00,23.85,23.86,23.84,23.85,4000
NRG,2017-07-20,09:56:00,23.84,23.86,23.84,23.86,6000
NRG,2017-07-20,09:57:00,23.86,23.87,23.86,23.86,4092
NRG,2017-07-20,09:58:00,23.85,23.87,23.84,23.84,8300
NRG,2017-07-20,09:59:00,23.84,23.84,23.82,23.82,35357
NRG,2017-07-20,10:00:00,23.82,23.85,23.78,23.85,75245
NRG,2017-07-20,10:01:00,23.85,23.86,23.84,23.85,12637
NRG,2017-07-20,10:02:00,23.86,23.86,23.84,23.84,5166
NRG,2017-07-20,10:03:00,23.84,23.84,23.75,23.75,41476
NRG,2017-07-20,10:04:00,23.75,23.76,23.68,23.69,22329
NRG,2017-07-20,10:05:00,23.68,23.69,23.67,23.69,9439
NRG,2017-07-20,10:06:00,23.68,23.73,23.68,23.72,72970
NRG,2017-07-20,10:07:00,23.73,23.74,23.73,23.74,35664
NRG,2017-07-20,10:08:00,23.75,23.78,23.75,23.78,8482
NRG,2017-07-20,10:09:00,23.79,23.85,23.78,23.81,33585
NRG,2017-07-20,10:10:00,23.82,23.83,23.80,23.83,9200
NRG,2017-07-20,10:11:00,23.84,23.86,23.84,23.85,10998
NRG,2017-07-20,10:12:00,23.86,23.86,23.85,23.86,15665
NRG,2017-07-20,10:13:00,23.86,23.86,23.86,23.86,5046
NRG,2017-07-20,10:14:00,23.86,23.87,23.85,23.86,4392
NRG,2017-07-20,10:15:00,23.86,23.87,23.85,23.86,6605
NRG,2017-07-20,10:16:00,23.86,23.86,23.80,23.80,14793
NRG,2017-07-20,10:17:00,23.80,23.80,23.79,23.80,5000
NRG,2017-07-20,10:18:00,23.80,23.82,23.80,23.81,14400
NRG,2017-07-20,10:19:00,23.80,23.86,23.80,23.80,20656
NRG,2017-07-20,10:20:00,23.80,23.86,23.80,23.83,11191
NRG,2017-07-20,10:21:00,23.83,23.88,23.83,23.85,8100
NRG,2017-07-20,10:22:00,23.84,23.86,23.84,23.84,9900
NRG,2017-07-20,10:23:00,23.84,23.86,23.83,23.84,7502
NRG,2017-07-20,10:24:00,23.84,23.87,23.84,23.86,4733
NRG,2017-07-20,10:25:00,23.86,23.87,23.84,23.85,10822
NRG,2017-07-20,10:26:00,23.84,23.86,23.83,23.84,9092
NRG,2017-07-20,10:27:00,23.84,23.91,23.84,23.91,13938
NRG,2017-07-20,10:28:00,23.91,23.93,23.91,23.91,14295
NRG,2017-07-20,10:29:00,23.92,23.95,23.91,23.93,30192
NRG,2017-07-20,10:30:00,23.95,24.00,23.94,24.00,25947
NRG,2017-07-20,10:31:00,24.00,24.03,24.00,24.01,28082
NRG,2017-07-20,10:32:00,24.01,24.04,24.00,24.02,33196
NRG,2017-07-20,10:33:00,24.02,24.02,23.99,24.00,22479
NRG,2017-07-20,10:34:00,24.00,24.05,24.00,24.05,41532
NRG,2017-07-20,10:35:00,24.06,24.06,24.00,24.02,30408
NRG,2017-07-20,10:36:00,24.03,24.06,24.03,24.05,30764
NRG,2017-07-20,10:37:00,24.05,24.09,24.05,24.09,30010
NRG,2017-07-20,10:38:00,24.08,24.11,24.08,24.11,18945
NRG,2017-07-20,10:39:00,24.12,24.12,24.09,24.09,43046
NRG,2017-07-20,10:40:00,24.09,24.09,24.08,24.08,31259
NRG,2017-07-20,10:41:00,24.08,24.09,24.04,24.05,37011
NRG,2017-07-20,10:42:00,24.04,24.05,23.99,24.00,30218
NRG,2017-07-20,10:43:00,24.01,24.02,24.01,24.02,14166
NRG,2017-07-20,10:44:00,24.02,24.04,23.98,24.00,40300
NRG,2017-07-20,10:45:00,24.00,24.01,24.00,24.00,8146
NRG,2017-07-20,10:46:00,24.01,24.03,24.00,24.02,16988
NRG,2017-07-20,10:47:00,24.03,24.03,24.02,24.02,3100
NRG,2017-07-20,10:48:00,24.02,24.03,24.00,24.00,26035
NRG,2017-07-20,10:49:00,24.00,24.02,23.96,23.96,53742
NRG,2017-07-20,10:50:00,23.96,23.98,23.96,23.97,7453
NRG,2017-07-20,10:51:00,23.98,23.98,23.94,23.95,12000
NRG,2017-07-20,10:52:00,23.95,23.97,23.94,23.96,13459
NRG,2017-07-20,10:53:00,23.96,24.00,23.95,23.96,30986
NRG,2017-07-20,10:54:00,23.96,24.01,23.96,24.00,13199
NRG,2017-07-20,10:55:00,24.00,24.01,23.99,23.99,7485
NRG,2017-07-20,10:56:00,23.99,24.04,23.99,24.03,30457
NRG,2017-07-20,10:57:00,24.03,24.05,24.02,24.02,18901
NRG,2017-07-20,10:58:00,24.02,24.03,24.00,24.03,8806
NRG,2017-07-20,10:59:00,24.03,24.05,24.03,24.05,7000
NRG,2017-07-20,11:00:00,24.05,24.07,24.05,24.07,32183
NRG,2017-07-20,11:01:00,24.08,24.10,24.07,24.08,20099
NRG,2017-07-20,11:02:00,24.08,24.08,24.02,24.05,34001
NRG,2017-07-20,11:03:00,24.04,24.04,24.02,24.02,11192
NRG,2017-07-20,11:04:00,24.03,24.03,23.98,23.98,20826
NRG,2017-07-20,11:05:00,23.98,24.00,23.96,24.00,29868
NRG,2017-07-20,11:06:00,24.00,24.00,23.99,23.99,900
NRG,2017-07-20,11:07:00,23.99,24.00,23.99,24.00,600
NRG,2017-07-20,11:08:00,24.00,24.01,23.96,23.96,64095
NRG,2017-07-20,11:09:00,23.96,23.98,23.96,23.97,2443
NRG,2017-07-20,11:10:00,23.98,24.00,23.98,23.99,18129
NRG,2017-07-20,11:11:00,23.98,24.02,23.97,23.97,35848
NRG,2017-07-20,11:12:00,23.98,23.98,23.97,23.97,4100
NRG,2017-07-20,11:13:00,23.97,23.98,23.96,23.97,14721
NRG,2017-07-20,11:14:00,23.98,23.98,23.93,23.93,15465
NRG,2017-07-20,11:15:00,23.93,23.94,23.87,23.87,41295
NRG,2017-07-20,11:16:00,23.87,23.88,23.86,23.86,43700
NRG,2017-07-20,11:17:00,23.86,23.87,23.84,23.84,27507
NRG,2017-07-20,11:18:00,23.84,23.87,23.84,23.87,6442
NRG,2017-07-20,11:19:00,23.86,23.91,23.86,23.91,18004
NRG,2017-07-20,11:20:00,23.91,23.91,23.87,23.87,28674
NRG,2017-07-20,11:21:00,23.87,23.91,23.86,23.91,11692
NRG,2017-07-20,11:22:00,23.91,23.91,23.88,23.89,5204
NRG,2017-07-20,11:23:00,23.90,23.91,23.89,23.90,5125
NRG,2017-07-20,11:24:00,23.89,23.95,23.89,23.95,5699
NRG,2017-07-20,11:25:00,23.95,23.96,23.91,23.91,19916
NRG,2017-07-20,11:26:00,23.91,23.91,23.88,23.91,17857
NRG,2017-07-20,11:27:00,23.91,23.91,23.88,23.88,15919
NRG,2017-07-20,11:28:00,23.88,23.90,23.88,23.89,7232
NRG,2017-07-20,11:29:00,23.89,23.90,23.88,23.89,6802
NRG,2017-07-20,11:30:00,23.89,23.90,23.89,23.89,7246
NRG,2017-07-20,11:31:00,23.89,23.92,23.88,23.89,33459
NRG,2017-07-20,11:32:00,23.89,23.91,23.89,23.91,11542
NRG,2017-07-20,11:33:00,23.90,23.91,23.90,23.91,1200
NRG,2017-07-20,11:34:00,23.91,23.91,23.89,23.89,4123
NRG,2017-07-20,11:35:00,23.89,23.89,23.87,23.88,10125
NRG,2017-07-20,11:36:00,23.88,23.88,23.87,23.88,3242
NRG,2017-07-20,11:37:00,23.88,23.88,23.86,23.86,6732
NRG,2017-07-20,11:38:00,23.87,23.87,23.84,23.86,16756
NRG,2017-07-20,11:39:00,23.87,23.88,23.86,23.86,22156
NRG,2017-07-20,11:40:00,23.85,23.86,23.84,23.84,17593
NRG,2017-07-20,11:41:00,23.83,23.84,23.83,23.84,9021
NRG,2017-07-20,11:42:00,23.83,23.84,23.80,23.81,11648
NRG,2017-07-20,11:43:00,23.81,23.89,23.81,23.86,18738
NRG,2017-07-20,11:44:00,23.87,23.93,23.87,23.91,10263
NRG,2017-07-20,11:45:00,23.91,23.96,23.90,23.95,14239
NRG,2017-07-20,11:46:00,23.95,23.99,23.95,23.96,18006
NRG,2017-07-20,11:47:00,23.97,24.01,23.97,23.99,20244
NRG,2017-07-20,11:48:00,23.99,24.01,23.96,23.98,17493
NRG,2017-07-20,11:49:00,23.98,24.01,23.98,24.00,9300
NRG,2017-07-20,11:50:00,24.02,24.02,24.00,24.00,13678
NRG,2017-07-20,11:51:00,24.00,24.02,23.98,23.98,14162
NRG,2017-07-20,11:52:00,23.98,24.01,23.98,24.00,17070
NRG,2017-07-20,11:53:00,23.98,24.00,23.98,24.00,6200
NRG,2017-07-20,11:54:00,24.00,24.00,23.98,24.00,8349
NRG,2017-07-20,11:55:00,24.00,24.00,23.98,23.98,7567
NRG,2017-07-20,11:56:00,23.98,24.01,23.98,24.00,20800
NRG,2017-07-20,11:57:00,23.99,24.00,23.98,23.98,12342
NRG,2017-07-20,11:58:00,23.98,24.05,23.98,24.04,19427
NRG,2017-07-20,11:59:00,24.05,24.05,24.02,24.02,22814
NRG,2017-07-20,12:00:00,24.02,24.02,24.00,24.00,12294
NRG,2017-07-20,12:01:00,24.00,24.01,23.99,23.99,28053
NRG,2017-07-20,12:02:00,24.00,24.00,23.95,23.97,14947
NRG,2017-07-20,12:03:00,23.96,23.97,23.95,23.96,8680
NRG,2017-07-20,12:04:00,23.97,23.97,23.96,23.96,2650
NRG,2017-07-20,12:05:00,23.96,23.97,23.96,23.96,2900
NRG,2017-07-20,12:06:00,23.96,23.96,23.95,23.95,13247
NRG,2017-07-20,12:07:00,23.95,23.96,23.95,23.95,4100
NRG,2017-07-20,12:08:00,23.96,23.96,23.95,23.95,11785
NRG,2017-07-20,12:09:00,23.95,23.97,23.95,23.96,11415
NRG,2017-07-20,12:10:00,23.96,23.98,23.95,23.98,23591
NRG,2017-07-20,12:11:00,23.98,24.06,23.98,24.06,36743
NRG,2017-07-20,12:12:00,24.06,24.09,24.06,24.09,16496
NRG,2017-07-20,12:13:00,24.08,24.08,24.03,24.03,15361
NRG,2017-07-20,12:14:00,24.03,24.04,24.03,24.03,13037
NRG,2017-07-20,12:15:00,24.03,24.04,24.03,24.04,5897
NRG,2017-07-20,12:16:00,24.03,24.04,24.03,24.04,14414
NRG,2017-07-20,12:17:00,24.04,24.04,24.03,24.03,2943
NRG,2017-07-20,12:18:00,24.03,24.03,24.00,24.01,21129
NRG,2017-07-20,12:19:00,24.01,24.01,24.00,24.00,22932
NRG,2017-07-20,12:20:00,24.01,24.01,24.00,24.00,3575
NRG,2017-07-20,12:21:00,24.00,24.01,23.97,24.00,72160
NRG,2017-07-20,12:22:00,24.00,24.00,23.96,23.96,25503
NRG,2017-07-20,12:23:00,23.96,24.00,23.96,23.98,24836
NRG,2017-07-20,12:24:00,23.99,23.99,23.99,23.99,800
NRG,2017-07-20,12:25:00,24.00,24.00,23.99,24.00,4650
NRG,2017-07-20,12:26:00,23.99,24.00,23.96,23.98,14402
NRG,2017-07-20,12:27:00,23.98,23.99,23.98,23.98,3900
NRG,2017-07-20,12:28:00,23.98,24.00,23.97,24.00,13566
NRG,2017-07-20,12:29:00,24.00,24.00,23.99,24.00,1024
NRG,2017-07-20,12:30:00,23.99,23.99,23.95,23.98,20192
NRG,2017-07-20,12:31:00,23.98,23.98,23.96,23.96,3700
NRG,2017-07-20,12:32:00,23.96,23.97,23.96,23.97,3456
NRG,2017-07-20,12:33:00,23.97,23.97,23.94,23.94,15742
NRG,2017-07-20,12:34:00,23.93,23.95,23.93,23.95,6716
NRG,2017-07-20,12:35:00,23.95,23.98,23.95,23.98,16469
NRG,2017-07-20,12:36:00,23.98,24.00,23.97,24.00,13750
NRG,2017-07-20,12:37:00,23.98,24.00,23.98,23.98,32059
NRG,2017-07-20,12:38:00,23.98,23.99,23.98,23.98,12636
NRG,2017-07-20,12:39:00,23.99,23.99,23.98,23.98,900
NRG,2017-07-20,12:40:00,23.99,23.99,23.98,23.98,1900
NRG,2017-07-20,12:41:00,23.98,24.00,23.98,24.00,15035
NRG,2017-07-20,12:42:00,24.00,24.00,24.00,24.00,1900
NRG,2017-07-20,12:43:00,24.00,24.00,23.99,24.00,3931
NRG,2017-07-20,12:44:00,24.00,24.00,23.98,24.00,10738
NRG,2017-07-20,12:45:00,24.00,24.00,23.98,24.00,23551
NRG,2017-07-20,12:46:00,24.01,24.01,24.00,24.00,2600
NRG,2017-07-20,12:47:00,24.00,24.02,23.98,23.98,19763
NRG,2017-07-20,12:48:00,23.98,23.99,23.98,23.99,8310
NRG,2017-07-20,12:49:00,23.98,23.99,23.98,23.98,1897
NRG,2017-07-20,12:50:00,23.98,23.99,23.97,23.98,10619
NRG,2017-07-20,12:51:00,23.98,24.01,23.98,24.00,17339
NRG,2017-07-20,12:52:00,23.99,24.01,23.99,24.00,11628
NRG,2017-07-20,12:53:00,24.00,24.00,23.99,24.00,4500
NRG,2017-07-20,12:54:00,24.00,24.01,24.00,24.00,6225
NRG,2017-07-20,12:55:00,24.00,24.01,23.99,24.00,10721
NRG,2017-07-20,12:56:00,24.00,24.02,24.00,24.02,7130
NRG,2017-07-20,12:57:00,24.01,24.01,24.00,24.01,10192
NRG,2017-07-20,12:58:00,24.01,24.01,24.00,24.00,7300
NRG,2017-07-20,12:59:00,24.01,24.01,24.00,24.00,22849
NRG,2017-07-20,13:00:00,24.00,24.01,24.00,24.00,5269
NRG,2017-07-20,13:01:00,24.00,24.01,24.00,24.00,4800
NRG,2017-07-20,13:02:00,24.01,24.01,23.98,24.00,32010
NRG,2017-07-20,13:03:00,24.00,24.00,24.00,24.00,5700
NRG,2017-07-20,13:04:00,24.00,24.01,24.00,24.00,2390
NRG,2017-07-20,13:05:00,24.00,24.01,24.00,24.00,2501
NRG,2017-07-20,13:06:00,24.01,24.01,24.00,24.00,3600
NRG,2017-07-20,13:07:00,24.01,24.02,24.00,24.00,15634
NRG,2017-07-20,13:08:00,24.00,24.01,24.00,24.01,16600
NRG,2017-07-20,13:09:00,24.00,24.01,24.00,24.00,1900
NRG,2017-07-20,13:10:00,24.00,24.01,24.00,24.00,2100
NRG,2017-07-20,13:11:00,24.00,24.01,24.00,24.00,6100
NRG,2017-07-20,13:12:00,24.00,24.00,24.00,24.00,8147
NRG,2017-07-20,13:13:00,23.99,24.00,23.98,24.00,32365
NRG,2017-07-20,13:14:00,24.00,24.00,24.00,24.00,9900
NRG,2017-07-20,13:15:00,24.00,24.01,23.98,23.99,40569
NRG,2017-07-20,13:16:00,24.00,24.00,23.98,23.99,24478
NRG,2017-07-20,13:17:00,23.99,24.00,23.98,23.99,3090
NRG,2017-07-20,13:18:00,24.00,24.00,23.99,23.99,1800
NRG,2017-07-20,13:19:00,24.00,24.00,23.99,24.00,1400
NRG,2017-07-20,13:20:00,23.99,24.00,23.99,24.00,4500
NRG,2017-07-20,13:21:00,24.00,24.00,23.98,23.98,9573
NRG,2017-07-20,13:22:00,23.98,24.00,23.98,24.00,10500
NRG,2017-07-20,13:23:00,24.00,24.00,23.97,23.97,25950
NRG,2017-07-20,13:24:00,23.98,23.98,23.95,23.95,9913
NRG,2017-07-20,13:25:00,23.95,23.95,23.92,23.93,13294
NRG,2017-07-20,13:26:00,23.94,23.96,23.93,23.95,10809
NRG,2017-07-20,13:27:00,23.95,23.95,23.93,23.93,2400
NRG,2017-07-20,13:28:00,23.94,23.94,23.93,23.94,4750
NRG,2017-07-20,13:29:00,23.93,23.93,23.93,23.93,1000
NRG,2017-07-20,13:30:00,23.94,23.94,23.93,23.93,2800
NRG,2017-07-20,13:31:00,23.93,23.94,23.93,23.93,3000
NRG,2017-07-20,13:32:00,23.94,23.94,23.89,23.91,29485
NRG,2017-07-20,13:33:00,23.91,23.92,23.91,23.91,10628
NRG,2017-07-20,13:34:00,23.91,23.92,23.91,23.91,4986
NRG,2017-07-20,13:35:00,23.92,23.92,23.91,23.91,3600
NRG,2017-07-20,13:36:00,23.92,23.92,23.91,23.91,2800
NRG,2017-07-20,13:37:00,23.92,23.92,23.91,23.91,7603
NRG,2017-07-20,13:38:00,23.90,23.91,23.89,23.90,17241
NRG,2017-07-20,13:39:00,23.90,23.91,23.89,23.89,13972
NRG,2017-07-20,13:40:00,23.90,23.90,23.89,23.89,2000
NRG,2017-07-20,13:41:00,23.90,23.93,23.89,23.89,29689
NRG,2017-07-20,13:42:00,23.89,23.90,23.87,23.87,9379
NRG,2017-07-20,13:43:00,23.88,23.88,23.87,23.88,700
NRG,2017-07-20,13:44:00,23.88,23.88,23.87,23.88,1800
NRG,2017-07-20,13:45:00,23.88,23.88,23.86,23.87,8126
NRG,2017-07-20,13:46:00,23.87,23.87,23.86,23.86,25489
NRG,2017-07-20,13:47:00,23.87,23.87,23.86,23.86,2686
NRG,2017-07-20,13:48:00,23.87,23.88,23.84,23.86,35955
NRG,2017-07-20,13:49:00,23.86,23.87,23.86,23.87,2600
NRG,2017-07-20,13:50:00,23.86,23.87,23.84,23.85,11510
NRG,2017-07-20,13:51:00,23.84,23.86,23.84,23.86,5900
NRG,2017-07-20,13:52:00,23.86,23.87,23.84,23.87,13679
NRG,2017-07-20,13:53:00,23.87,23.87,23.86,23.86,8213
NRG,2017-07-20,13:54:00,23.86,23.86,23.85,23.85,700
NRG,2017-07-20,13:55:00,23.86,23.86,23.86,23.86,2200
NRG,2017-07-20,13:56:00,23.86,23.86,23.85,23.86,3325
NRG,2017-07-20,13:57:00,23.86,23.86,23.85,23.86,3600
NRG,2017-07-20,13:58:00,23.85,23.86,23.84,23.86,9891
NRG,2017-07-20,13:59:00,23.86,23.86,23.86,23.86,2216
NRG,2017-07-20,14:00:00,23.86,23.86,23.85,23.86,4200
NRG,2017-07-20,14:01:00,23.86,23.86,23.84,23.84,8061
NRG,2017-07-20,14:02:00,23.84,23.84,23.82,23.82,23316
NRG,2017-07-20,14:03:00,23.82,23.82,23.81,23.81,2800
NRG,2017-07-20,14:04:00,23.82,23.85,23.81,23.85,17114
NRG,2017-07-20,14:05:00,23.85,23.85,23.84,23.84,1404
NRG,2017-07-20,14:06:00,23.85,23.88,23.84,23.88,15082
NRG,2017-07-20,14:07:00,23.88,23.88,23.86,23.86,10707
NRG,2017-07-20,14:08:00,23.87,23.88,23.87,23.88,3511
NRG,2017-07-20,14:09:00,23.88,23.89,23.88,23.89,6251
NRG,2017-07-20,14:10:00,23.89,23.89,23.86,23.86,13158
NRG,2017-07-20,14:11:00,23.86,23.88,23.86,23.88,8541
NRG,2017-07-20,14:12:00,23.88,23.88,23.87,23.87,1100
NRG,2017-07-20,14:13:00,23.88,23.93,23.88,23.92,22214
NRG,2017-07-20,14:14:00,23.93,23.96,23.93,23.96,11423
NRG,2017-07-20,14:15:00,23.95,23.98,23.95,23.98,14201
NRG,2017-07-20,14:16:00,23.98,23.99,23.97,23.97,9595
NRG,2017-07-20,14:17:00,23.98,23.98,23.95,23.98,13127
NRG,2017-07-20,14:18:00,23.98,23.98,23.97,23.98,2600
NRG,2017-07-20,14:19:00,23.98,23.98,23.97,23.98,4228
NRG,2017-07-20,14:20:00,23.97,23.98,23.94,23.95,14100
NRG,2017-07-20,14:21:00,23.96,23.97,23.95,23.96,9585
NRG,2017-07-20,14:22:00,23.96,23.97,23.96,23.96,3903
NRG,2017-07-20,14:23:00,23.96,23.99,23.95,23.98,14567
NRG,2017-07-20,14:24:00,23.98,24.01,23.98,24.00,27099
NRG,2017-07-20,14:25:00,23.99,24.00,23.98,23.99,8875
NRG,2017-07-20,14:26:00,23.99,24.01,23.99,24.00,18451
NRG,2017-07-20,14:27:00,23.99,24.00,23.97,24.00,11350
NRG,2017-07-20,14:28:00,24.00,24.00,23.97,23.98,14550
NRG,2017-07-20,14:29:00,23.98,23.98,23.97,23.98,2500
NRG,2017-07-20,14:30:00,23.98,24.00,23.98,23.98,26245
NRG,2017-07-20,14:31:00,23.98,23.98,23.97,23.98,4445
NRG,2017-07-20,14:32:00,23.98,23.99,23.98,23.99,6631
NRG,2017-07-20,14:33:00,23.99,23.99,23.98,23.98,10913
NRG,2017-07-20,14:34:00,23.99,23.99,23.98,23.98,1600
NRG,2017-07-20,14:35:00,23.98,24.00,23.98,24.00,8172
NRG,2017-07-20,14:36:00,24.00,24.02,23.98,24.00,53045
NRG,2017-07-20,14:37:00,24.00,24.00,23.98,23.98,9846
NRG,2017-07-20,14:38:00,23.98,23.99,23.98,23.98,754
NRG,2017-07-20,14:39:00,23.98,23.99,23.98,23.98,9299
NRG,2017-07-20,14:40:00,23.99,23.99,23.96,23.97,21331
NRG,2017-07-20,14:41:00,23.98,23.98,23.97,23.97,5200
NRG,2017-07-20,14:42:00,23.98,23.99,23.98,23.98,22028
NRG,2017-07-20,14:43:00,23.98,23.99,23.98,23.98,1700
NRG,2017-07-20,14:44:00,23.98,23.99,23.98,23.98,2569
NRG,2017-07-20,14:45:00,23.99,23.99,23.98,23.98,5099
NRG,2017-07-20,14:46:00,23.99,23.99,23.97,23.98,9418
NRG,2017-07-20,14:47:00,23.98,23.99,23.98,23.98,13011
NRG,2017-07-20,14:48:00,23.98,24.00,23.98,24.00,15637
NRG,2017-07-20,14:49:00,24.00,24.00,23.99,24.00,3624
NRG,2017-07-20,14:50:00,23.99,24.00,23.98,23.98,16400
NRG,2017-07-20,14:51:00,23.98,23.99,23.98,23.98,2200
NRG,2017-07-20,14:52:00,23.98,23.99,23.98,23.99,4009
NRG,2017-07-20,14:53:00,23.98,24.02,23.98,24.00,52740
NRG,2017-07-20,14:54:00,24.00,24.00,23.99,24.00,4200
NRG,2017-07-20,14:55:00,24.00,24.00,23.98,23.98,27600
NRG,2017-07-20,14:56:00,23.98,23.99,23.98,23.99,1900
NRG,2017-07-20,14:57:00,23.98,24.00,23.98,23.99,21482
NRG,2017-07-20,14:58:00,23.98,23.99,23.96,23.98,20766
NRG,2017-07-20,14:59:00,23.98,23.99,23.98,23.98,4898
NRG,2017-07-20,15:00:00,23.98,24.01,23.96,23.96,73957
NRG,2017-07-20,15:01:00,23.97,23.98,23.96,23.98,21417
NRG,2017-07-20,15:02:00,23.97,23.97,23.96,23.96,8273
NRG,2017-07-20,15:03:00,23.96,23.97,23.96,23.96,4900
NRG,2017-07-20,15:04:00,23.96,24.01,23.95,24.01,34793
NRG,2017-07-20,15:05:00,24.01,24.01,23.99,24.00,27500
NRG,2017-07-20,15:06:00,24.00,24.00,24.00,24.00,900
NRG,2017-07-20,15:07:00,24.00,24.00,23.99,23.99,5433
NRG,2017-07-20,15:08:00,24.00,24.01,23.98,24.00,55089
NRG,2017-07-20,15:09:00,24.00,24.01,23.99,23.99,67897
NRG,2017-07-20,15:10:00,23.99,24.00,23.99,24.00,8247
NRG,2017-07-20,15:11:00,24.00,24.00,23.99,24.00,700
NRG,2017-07-20,15:12:00,24.00,24.00,23.99,24.00,7900
NRG,2017-07-20,15:13:00,24.00,24.00,23.99,24.00,7480
NRG,2017-07-20,15:14:00,24.00,24.00,23.99,23.99,6140
NRG,2017-07-20,15:15:00,24.00,24.00,23.99,23.99,9300
NRG,2017-07-20,15:16:00,24.00,24.00,23.97,23.98,30987
NRG,2017-07-20,15:17:00,23.99,24.00,23.98,24.00,11233
NRG,2017-07-20,15:18:00,24.00,24.01,23.99,24.01,13323
NRG,2017-07-20,15:19:00,24.01,24.02,23.97,24.00,60786
NRG,2017-07-20,15:20:00,23.99,24.00,23.99,24.00,4300
NRG,2017-07-20,15:21:00,24.00,24.00,23.98,23.99,15444
NRG,2017-07-20,15:22:00,23.99,23.99,23.98,23.98,11232
NRG,2017-07-20,15:23:00,23.97,23.98,23.97,23.98,7703
NRG,2017-07-20,15:24:00,23.99,24.00,23.98,24.00,10333
NRG,2017-07-20,15:25:00,24.00,24.00,23.99,23.99,9667
NRG,2017-07-20,15:26:00,24.00,24.00,23.98,24.00,29123
NRG,2017-07-20,15:27:00,24.00,24.00,23.99,24.00,5434
NRG,2017-07-20,15:28:00,24.00,24.00,23.99,23.99,10580
NRG,2017-07-20,15:29:00,24.00,24.00,23.99,24.00,8100
NRG,2017-07-20,15:30:00,24.00,24.00,23.99,24.00,4827
NRG,2017-07-20,15:31:00,24.00,24.00,23.98,24.00,42840
NRG,2017-07-20,15:32:00,24.00,24.03,23.99,24.01,58825
NRG,2017-07-20,15:33:00,24.00,24.02,24.00,24.02,21887
NRG,2017-07-20,15:34:00,24.01,24.01,24.00,24.01,10910
NRG,2017-07-20,15:35:00,24.01,24.01,23.99,24.00,60382
NRG,2017-07-20,15:36:00,24.00,24.05,24.00,24.05,23738
NRG,2017-07-20,15:37:00,24.05,24.06,24.05,24.05,16062
NRG,2017-07-20,15:38:00,24.06,24.07,24.05,24.07,15976
NRG,2017-07-20,15:39:00,24.07,24.07,24.06,24.07,16838
NRG,2017-07-20,15:40:00,24.07,24.08,24.05,24.05,31652
NRG,2017-07-20,15:41:00,24.06,24.06,24.05,24.06,6000
NRG,2017-07-20,15:42:00,24.06,24.07,24.05,24.07,20845
NRG,2017-07-20,15:43:00,24.07,24.07,24.06,24.07,11850
NRG,2017-07-20,15:44:00,24.07,24.09,24.06,24.09,20360
NRG,2017-07-20,15:45:00,24.08,24.11,24.07,24.07,66474
NRG,2017-07-20,15:46:00,24.07,24.08,24.07,24.07,11533
NRG,2017-07-20,15:47:00,24.07,24.08,24.06,24.07,47373
NRG,2017-07-20,15:48:00,24.08,24.11,24.07,24.11,59613
NRG,2017-07-20,15:49:00,24.11,24.11,24.10,24.11,11697
NRG,2017-07-20,15:50:00,24.11,24.11,24.10,24.11,12678
NRG,2017-07-20,15:51:00,24.11,24.11,24.10,24.11,22906
NRG,2017-07-20,15:52:00,24.11,24.14,24.10,24.14,81710
NRG,2017-07-20,15:53:00,24.14,24.14,24.12,24.12,45792
NRG,2017-07-20,15:54:00,24.12,24.16,24.12,24.16,59460
NRG,2017-07-20,15:55:00,24.16,24.16,24.13,24.13,69967
NRG,2017-07-20,15:56:00,24.14,24.14,24.10,24.11,63544
NRG,2017-07-20,15:57:00,24.12,24.15,24.11,24.14,77031
NRG,2017-07-20,15:58:00,24.15,24.15,24.14,24.14,43662
NRG,2017-07-20,15:59:00,24.14,24.16,24.13,24.13,193604
NRG,2017-07-20,16:00:00,24.14,24.14,24.11,24.12,97482
NRG,2017-07-21,09:31:00,24.15,24.20,24.15,24.20,200
NRG,2017-07-21,09:32:00,24.20,24.23,24.18,24.18,125435
NRG,2017-07-21,09:33:00,24.18,24.18,24.04,24.04,2801
NRG,2017-07-21,09:34:00,24.05,24.20,24.05,24.18,6900
NRG,2017-07-21,09:35:00,24.15,24.15,24.08,24.09,3096
NRG,2017-07-21,09:36:00,24.08,24.08,24.03,24.04,25816
NRG,2017-07-21,09:37:00,24.04,24.05,24.02,24.02,6462
NRG,2017-07-21,09:38:00,24.03,24.12,24.02,24.12,7800
NRG,2017-07-21,09:39:00,24.09,24.18,24.08,24.13,12898
NRG,2017-07-21,09:40:00,24.13,24.20,24.13,24.20,8581
NRG,2017-07-21,09:41:00,24.19,24.22,24.16,24.17,25566
NRG,2017-07-21,09:42:00,24.16,24.16,24.12,24.15,10900
NRG,2017-07-21,09:43:00,24.15,24.18,24.14,24.18,11084
NRG,2017-07-21,09:44:00,24.21,24.26,24.21,24.26,4819
NRG,2017-07-21,09:45:00,24.26,24.26,24.23,24.25,10622
NRG,2017-07-21,09:46:00,24.24,24.24,24.21,24.21,3200
NRG,2017-07-21,09:47:00,24.24,24.28,24.24,24.28,10100
NRG,2017-07-21,09:48:00,24.27,24.27,24.25,24.25,16581
NRG,2017-07-21,09:49:00,24.25,24.25,24.21,24.21,8999
NRG,2017-07-21,09:50:00,24.22,24.23,24.21,24.22,4497
NRG,2017-07-21,09:51:00,24.21,24.25,24.21,24.24,12596
NRG,2017-07-21,09:52:00,24.23,24.23,24.21,24.23,7034
NRG,2017-07-21,09:53:00,24.22,24.23,24.21,24.23,11943
NRG,2017-07-21,09:54:00,24.21,24.23,24.20,24.23,7801
NRG,2017-07-21,09:55:00,24.22,24.23,24.20,24.22,6023
NRG,2017-07-21,09:56:00,24.21,24.21,24.20,24.21,7644
NRG,2017-07-21,09:57:00,24.21,24.21,24.19,24.20,3399
NRG,2017-07-21,09:58:00,24.19,24.19,24.17,24.17,8492
NRG,2017-07-21,09:59:00,24.17,24.18,24.15,24.16,22825
NRG,2017-07-21,10:00:00,24.16,24.16,24.09,24.10,22442
NRG,2017-07-21,10:01:00,24.08,24.12,24.07,24.12,32921
NRG,2017-07-21,10:02:00,24.13,24.19,24.13,24.16,12707
NRG,2017-07-21,10:03:00,24.15,24.16,24.12,24.13,16620
NRG,2017-07-21,10:04:00,24.14,24.15,24.13,24.14,6100
NRG,2017-07-21,10:05:00,24.14,24.15,24.13,24.13,15506
NRG,2017-07-21,10:06:00,24.12,24.12,24.06,24.06,11552
NRG,2017-07-21,10:07:00,24.06,24.13,24.06,24.12,7294
NRG,2017-07-21,10:08:00,24.12,24.16,24.10,24.14,15125
NRG,2017-07-21,10:09:00,24.13,24.17,24.10,24.15,12217
NRG,2017-07-21,10:10:00,24.14,24.15,24.10,24.10,10257
NRG,2017-07-21,10:11:00,24.11,24.12,24.09,24.10,9222
NRG,2017-07-21,10:12:00,24.12,24.15,24.12,24.15,3065
NRG,2017-07-21,10:13:00,24.16,24.18,24.16,24.17,3706
NRG,2017-07-21,10:14:00,24.18,24.19,24.17,24.18,3808
NRG,2017-07-21,10:15:00,24.18,24.20,24.18,24.19,14773
NRG,2017-07-21,10:16:00,24.18,24.18,24.14,24.15,5012
NRG,2017-07-21,10:17:00,24.15,24.19,24.15,24.19,4500
NRG,2017-07-21,10:18:00,24.19,24.19,24.18,24.19,1800
NRG,2017-07-21,10:19:00,24.19,24.21,24.19,24.20,3860
NRG,2017-07-21,10:20:00,24.20,24.20,24.16,24.17,24884
NRG,2017-07-21,10:21:00,24.18,24.19,24.17,24.18,8010
NRG,2017-07-21,10:22:00,24.18,24.20,24.18,24.18,15695
NRG,2017-07-21,10:23:00,24.19,24.19,24.15,24.15,7881
NRG,2017-07-21,10:24:00,24.15,24.15,24.09,24.12,14241
NRG,2017-07-21,10:25:00,24.12,24.13,24.12,24.13,2920
NRG,2017-07-21,10:26:00,24.12,24.12,24.08,24.09,206200
NRG,2017-07-21,10:27:00,24.09,24.11,24.08,24.11,13756
NRG,2017-07-21,10:28:00,24.11,24.14,24.11,24.14,5500
NRG,2017-07-21,10:29:00,24.15,24.18,24.15,24.18,12459
NRG,2017-07-21,10:30:00,24.19,24.20,24.19,24.20,6100
NRG,2017-07-21,10:31:00,24.20,24.20,24.17,24.18,16218
NRG,2017-07-21,10:32:00,24.18,24.20,24.18,24.20,11100
NRG,2017-07-21,10:33:00,24.20,24.20,24.14,24.15,11223
NRG,2017-07-21,10:34:00,24.15,24.20,24.15,24.18,17799
NRG,2017-07-21,10:35:00,24.18,24.18,24.16,24.18,6606
NRG,2017-07-21,10:36:00,24.17,24.18,24.15,24.17,8300
NRG,2017-07-21,10:37:00,24.18,24.18,24.16,24.18,10656
NRG,2017-07-21,10:38:00,24.17,24.20,24.16,24.19,7821
NRG,2017-07-21,10:39:00,24.19,24.19,24.15,24.15,26134
NRG,2017-07-21,10:40:00,24.15,24.16,24.11,24.11,13600
NRG,2017-07-21,10:41:00,24.11,24.11,24.08,24.08,19447
NRG,2017-07-21,10:42:00,24.09,24.11,24.05,24.09,34949
NRG,2017-07-21,10:43:00,24.08,24.10,24.08,24.09,6605
NRG,2017-07-21,10:44:00,24.09,24.12,24.09,24.12,3117
NRG,2017-07-21,10:45:00,24.13,24.16,24.13,24.14,22250
NRG,2017-07-21,10:46:00,24.15,24.15,24.14,24.15,5101
NRG,2017-07-21,10:47:00,24.14,24.19,24.14,24.16,16898
NRG,2017-07-21,10:48:00,24.16,24.16,24.13,24.13,6286
NRG,2017-07-21,10:49:00,24.12,24.12,24.11,24.11,4300
NRG,2017-07-21,10:50:00,24.12,24.13,24.10,24.11,11086
NRG,2017-07-21,10:51:00,24.11,24.11,24.08,24.08,20049
NRG,2017-07-21,10:52:00,24.08,24.08,24.07,24.07,2200
NRG,2017-07-21,10:53:00,24.07,24.07,24.05,24.05,8592
NRG,2017-07-21,10:54:00,24.05,24.07,24.05,24.05,22353
NRG,2017-07-21,10:55:00,24.05,24.05,24.02,24.02,13544
NRG,2017-07-21,10:56:00,24.02,24.02,23.98,23.98,16975
NRG,2017-07-21,10:57:00,23.98,24.01,23.98,24.00,32888
NRG,2017-07-21,10:58:00,23.99,24.00,23.98,23.99,6000
NRG,2017-07-21,10:59:00,23.98,24.01,23.98,24.01,12856
NRG,2017-07-21,11:00:00,24.01,24.02,24.01,24.02,11600
NRG,2017-07-21,11:01:00,24.01,24.04,23.99,24.04,36140
NRG,2017-07-21,11:02:00,24.04,24.07,24.04,24.05,68783
NRG,2017-07-21,11:03:00,24.04,24.05,24.04,24.04,2900
NRG,2017-07-21,11:04:00,24.04,24.05,23.96,23.96,30072
NRG,2017-07-21,11:05:00,23.98,24.00,23.98,23.99,18845
NRG,2017-07-21,11:06:00,23.99,23.99,23.98,23.99,15324
NRG,2017-07-21,11:07:00,24.00,24.02,23.99,24.00,28248
NRG,2017-07-21,11:08:00,23.99,24.02,23.99,24.00,19367
NRG,2017-07-21,11:09:00,24.00,24.02,23.99,24.00,21414
NRG,2017-07-21,11:10:00,23.99,23.99,23.97,23.98,5217
NRG,2017-07-21,11:11:00,23.98,23.98,23.95,23.95,24725
NRG,2017-07-21,11:12:00,23.95,23.98,23.95,23.96,14635
NRG,2017-07-21,11:13:00,23.96,23.97,23.95,23.96,17180
NRG,2017-07-21,11:14:00,23.96,23.96,23.95,23.95,20684
NRG,2017-07-21,11:15:00,23.95,23.95,23.92,23.92,61439
NRG,2017-07-21,11:16:00,23.92,23.93,23.91,23.91,20353
NRG,2017-07-21,11:17:00,23.91,23.91,23.84,23.84,27288
NRG,2017-07-21,11:18:00,23.85,23.89,23.84,23.86,47503
NRG,2017-07-21,11:19:00,23.86,23.92,23.86,23.91,101489
NRG,2017-07-21,11:20:00,23.91,23.93,23.89,23.93,25564
NRG,2017-07-21,11:21:00,23.93,23.95,23.93,23.93,224250
NRG,2017-07-21,11:22:00,23.93,23.95,23.93,23.94,9600
NRG,2017-07-21,11:23:00,23.94,23.95,23.93,23.93,18101
NRG,2017-07-21,11:24:00,23.94,23.95,23.91,23.91,10238
NRG,2017-07-21,11:25:00,23.91,23.95,23.91,23.91,7793
NRG,2017-07-21,11:26:00,23.92,23.92,23.90,23.92,24956
NRG,2017-07-21,11:27:00,23.93,23.93,23.90,23.90,5399
NRG,2017-07-21,11:28:00,23.90,23.92,23.87,23.88,93848
NRG,2017-07-21,11:29:00,23.88,23.90,23.87,23.87,40330
NRG,2017-07-21,11:30:00,23.88,23.89,23.86,23.88,15471
NRG,2017-07-21,11:31:00,23.89,23.90,23.87,23.90,24133
NRG,2017-07-21,11:32:00,23.90,23.98,23.90,23.98,34981
NRG,2017-07-21,11:33:00,23.99,24.05,23.98,23.98,24192
NRG,2017-07-21,11:34:00,23.99,24.01,23.99,24.01,5233
NRG,2017-07-21,11:35:00,24.01,24.05,24.01,24.05,8114
NRG,2017-07-21,11:36:00,24.05,24.13,24.05,24.12,40245
NRG,2017-07-21,11:37:00,24.12,24.12,24.10,24.12,34644
NRG,2017-07-21,11:38:00,24.13,24.17,24.11,24.17,37754
NRG,2017-07-21,11:39:00,24.17,24.18,24.13,24.15,23098
NRG,2017-07-21,11:40:00,24.16,24.16,24.14,24.15,11712
NRG,2017-07-21,11:41:00,24.15,24.15,24.15,24.15,200
NRG,2017-07-21,11:42:00,24.15,24.15,24.14,24.15,7645
NRG,2017-07-21,11:43:00,24.15,24.15,24.10,24.15,20136
NRG,2017-07-21,11:44:00,24.16,24.19,24.15,24.15,17765
NRG,2017-07-21,11:45:00,24.16,24.21,24.16,24.20,17500
NRG,2017-07-21,11:46:00,24.20,24.20,24.17,24.17,6934
NRG,2017-07-21,11:47:00,24.17,24.18,24.15,24.15,9067
NRG,2017-07-21,11:48:00,24.15,24.18,24.15,24.18,14957
NRG,2017-07-21,11:49:00,24.17,24.18,24.17,24.18,700
NRG,2017-07-21,11:50:00,24.17,24.18,24.16,24.16,4746
NRG,2017-07-21,11:51:00,24.16,24.16,24.12,24.16,24378
NRG,2017-07-21,11:52:00,24.15,24.16,24.14,24.15,11600
NRG,2017-07-21,11:53:00,24.14,24.14,24.13,24.13,29800
NRG,2017-07-21,11:54:00,24.14,24.14,24.13,24.13,900
NRG,2017-07-21,11:55:00,24.14,24.14,24.11,24.12,14810
NRG,2017-07-21,11:56:00,24.12,24.13,24.11,24.13,29934
NRG,2017-07-21,11:57:00,24.12,24.13,24.09,24.10,13327
NRG,2017-07-21,11:58:00,24.11,24.11,24.08,24.11,14976
NRG,2017-07-21,11:59:00,24.10,24.11,24.08,24.09,12148
NRG,2017-07-21,12:00:00,24.09,24.09,24.06,24.08,12042
NRG,2017-07-21,12:01:00,24.09,24.09,24.08,24.09,2516
NRG,2017-07-21,12:02:00,24.09,24.11,24.09,24.11,4000
NRG,2017-07-21,12:03:00,24.10,24.14,24.10,24.13,7582
NRG,2017-07-21,12:04:00,24.13,24.14,24.13,24.14,400
NRG,2017-07-21,12:05:00,24.14,24.14,24.12,24.12,5148
NRG,2017-07-21,12:06:00,24.12,24.12,24.12,24.12,1200
NRG,2017-07-21,12:07:00,24.12,24.13,24.10,24.12,13102
NRG,2017-07-21,12:08:00,24.12,24.12,24.12,24.12,600
NRG,2017-07-21,12:09:00,24.12,24.15,24.12,24.15,10762
NRG,2017-07-21,12:10:00,24.14,24.15,24.12,24.12,15800
NRG,2017-07-21,12:11:00,24.12,24.14,24.10,24.10,15266
NRG,2017-07-21,12:12:00,24.10,24.10,24.08,24.09,13995
NRG,2017-07-21,12:13:00,24.08,24.09,24.07,24.09,14837
NRG,2017-07-21,12:14:00,24.09,24.09,24.09,24.09,900
NRG,2017-07-21,12:15:00,24.09,24.09,24.07,24.07,6352
NRG,2017-07-21,12:16:00,24.07,24.07,24.06,24.07,2000
NRG,2017-07-21,12:17:00,24.07,24.07,24.03,24.03,7706
NRG,2017-07-21,12:18:00,24.03,24.07,24.03,24.05,17105
NRG,2017-07-21,12:19:00,24.05,24.05,24.04,24.05,2125
NRG,2017-07-21,12:20:00,24.04,24.05,24.04,24.05,4500
NRG,2017-07-21,12:21:00,24.05,24.05,24.04,24.05,1400
NRG,2017-07-21,12:22:00,24.05,24.05,24.04,24.05,900
NRG,2017-07-21,12:23:00,24.05,24.07,24.03,24.04,18214
NRG,2017-07-21,12:24:00,24.04,24.04,24.04,24.04,8700
NRG,2017-07-21,12:25:00,24.04,24.04,24.03,24.03,4300
NRG,2017-07-21,12:26:00,24.04,24.09,24.03,24.06,12161
NRG,2017-07-21,12:27:00,24.06,24.06,24.06,24.06,300
NRG,2017-07-21,12:28:00,24.06,24.08,24.06,24.07,5400
NRG,2017-07-21,12:29:00,24.06,24.06,24.04,24.06,4839
NRG,2017-07-21,12:30:00,24.07,24.07,24.06,24.06,7200
NRG,2017-07-21,12:31:00,24.05,24.07,24.05,24.07,2300
NRG,2017-07-21,12:32:00,24.06,24.07,24.05,24.05,4634
NRG,2017-07-21,12:33:00,24.06,24.07,24.06,24.07,7509
NRG,2017-07-21,12:34:00,24.07,24.08,24.07,24.08,7064
NRG,2017-07-21,12:35:00,24.08,24.09,24.07,24.08,3100
NRG,2017-07-21,12:36:00,24.09,24.09,24.07,24.07,9948
NRG,2017-07-21,12:37:00,24.07,24.09,24.07,24.08,14333
NRG,2017-07-21,12:38:00,24.07,24.07,24.06,24.07,7800
NRG,2017-07-21,12:39:00,24.07,24.07,24.06,24.06,5303
NRG,2017-07-21,12:40:00,24.07,24.10,24.07,24.10,3306
NRG,2017-07-21,12:41:00,24.09,24.10,24.09,24.10,2000
NRG,2017-07-21,12:42:00,24.10,24.16,24.10,24.16,53952
NRG,2017-07-21,12:43:00,24.16,24.17,24.14,24.17,14043
NRG,2017-07-21,12:44:00,24.16,24.18,24.15,24.17,8332
NRG,2017-07-21,12:45:00,24.17,24.19,24.17,24.18,15124
NRG,2017-07-21,12:46:00,24.17,24.18,24.16,24.16,18410
NRG,2017-07-21,12:47:00,24.16,24.16,24.13,24.13,15986
NRG,2017-07-21,12:48:00,24.13,24.13,24.10,24.10,19331
NRG,2017-07-21,12:49:00,24.11,24.12,24.11,24.12,14351
NRG,2017-07-21,12:50:00,24.12,24.13,24.12,24.12,600
NRG,2017-07-21,12:51:00,24.13,24.14,24.13,24.14,7845
NRG,2017-07-21,12:52:00,24.14,24.15,24.12,24.12,11310
NRG,2017-07-21,12:53:00,24.12,24.12,24.11,24.12,4700
NRG,2017-07-21,12:54:00,24.12,24.12,24.11,24.12,900
NRG,2017-07-21,12:55:00,24.12,24.12,24.12,24.12,200
NRG,2017-07-21,12:56:00,24.12,24.13,24.12,24.13,4200
NRG,2017-07-21,12:57:00,24.14,24.15,24.14,24.15,4985
NRG,2017-07-21,12:58:00,24.16,24.16,24.13,24.13,14409
NRG,2017-07-21,12:59:00,24.14,24.14,24.12,24.12,19248
NRG,2017-07-21,13:00:00,24.13,24.14,24.13,24.14,5600
NRG,2017-07-21,13:01:00,24.14,24.16,24.14,24.16,9347
NRG,2017-07-21,13:02:00,24.16,24.16,24.15,24.16,900
NRG,2017-07-21,13:03:00,24.16,24.18,24.16,24.18,39192
NRG,2017-07-21,13:04:00,24.18,24.18,24.15,24.16,22393
NRG,2017-07-21,13:05:00,24.16,24.18,24.16,24.18,4038
NRG,2017-07-21,13:06:00,24.18,24.18,24.15,24.17,13448
NRG,2017-07-21,13:07:00,24.17,24.17,24.14,24.14,17181
NRG,2017-07-21,13:08:00,24.15,24.15,24.13,24.14,18782
NRG,2017-07-21,13:09:00,24.15,24.15,24.15,24.15,2100
NRG,2017-07-21,13:10:00,24.15,24.15,24.14,24.14,2300
NRG,2017-07-21,13:11:00,24.15,24.15,24.14,24.14,2000
NRG,2017-07-21,13:12:00,24.14,24.15,24.14,24.14,3600
NRG,2017-07-21,13:13:00,24.14,24.18,24.14,24.17,10630
NRG,2017-07-21,13:14:00,24.18,24.20,24.18,24.20,6800
NRG,2017-07-21,13:15:00,24.20,24.20,24.19,24.20,3500
NRG,2017-07-21,13:16:00,24.19,24.20,24.16,24.17,30214
NRG,2017-07-21,13:17:00,24.17,24.20,24.17,24.20,13286
NRG,2017-07-21,13:18:00,24.20,24.20,24.17,24.17,27400
NRG,2017-07-21,13:19:00,24.18,24.19,24.18,24.19,5062
NRG,2017-07-21,13:20:00,24.18,24.20,24.18,24.20,12446
NRG,2017-07-21,13:21:00,24.19,24.21,24.18,24.21,44224
NRG,2017-07-21,13:22:00,24.21,24.21,24.20,24.21,3297
NRG,2017-07-21,13:23:00,24.21,24.21,24.20,24.21,1800
NRG,2017-07-21,13:24:00,24.21,24.25,24.21,24.25,16486
NRG,2017-07-21,13:25:00,24.25,24.25,24.24,24.25,785
NRG,2017-07-21,13:26:00,24.25,24.25,24.23,24.25,58973
NRG,2017-07-21,13:27:00,24.25,24.25,24.23,24.23,11600
NRG,2017-07-21,13:28:00,24.24,24.24,24.23,24.24,3624
NRG,2017-07-21,13:29:00,24.25,24.25,24.23,24.24,35496
NRG,2017-07-21,13:30:00,24.24,24.24,24.23,24.23,1621
NRG,2017-07-21,13:31:00,24.23,24.23,24.23,24.23,6389
NRG,2017-07-21,13:32:00,24.23,24.23,24.22,24.23,5956
NRG,2017-07-21,13:33:00,24.24,24.24,24.23,24.23,1000
NRG,2017-07-21,13:34:00,24.23,24.23,24.18,24.18,22914
NRG,2017-07-21,13:35:00,24.18,24.21,24.18,24.21,11755
NRG,2017-07-21,13:36:00,24.21,24.21,24.21,24.21,900
NRG,2017-07-21,13:37:00,24.21,24.22,24.21,24.22,2500
NRG,2017-07-21,13:38:00,24.22,24.24,24.21,24.24,12434
NRG,2017-07-21,13:39:00,24.24,24.25,24.23,24.23,7400
NRG,2017-07-21,13:40:00,24.22,24.24,24.22,24.24,1600
NRG,2017-07-21,13:41:00,24.24,24.24,24.23,24.23,1400
NRG,2017-07-21,13:42:00,24.24,24.24,24.23,24.24,700
NRG,2017-07-21,13:43:00,24.23,24.25,24.23,24.23,10533
NRG,2017-07-21,13:44:00,24.22,24.22,24.20,24.20,29503
NRG,2017-07-21,13:45:00,24.20,24.21,24.20,24.20,6180
NRG,2017-07-21,13:46:00,24.21,24.22,24.21,24.21,10524
NRG,2017-07-21,13:47:00,24.21,24.22,24.21,24.21,9634
NRG,2017-07-21,13:48:00,24.22,24.24,24.22,24.22,6980
NRG,2017-07-21,13:49:00,24.22,24.23,24.20,24.20,8691
NRG,2017-07-21,13:50:00,24.21,24.21,24.20,24.20,14410
NRG,2017-07-21,13:51:00,24.20,24.23,24.20,24.23,11157
NRG,2017-07-21,13:52:00,24.23,24.23,24.23,24.23,700
NRG,2017-07-21,13:53:00,24.23,24.23,24.23,24.23,1187
NRG,2017-07-21,13:54:00,24.23,24.24,24.23,24.24,6376
NRG,2017-07-21,13:55:00,24.25,24.25,24.22,24.22,31197
NRG,2017-07-21,13:56:00,24.21,24.21,24.20,24.20,11730
NRG,2017-07-21,13:57:00,24.20,24.20,24.19,24.19,16028
NRG,2017-07-21,13:58:00,24.20,24.21,24.20,24.20,4974
NRG,2017-07-21,13:59:00,24.21,24.21,24.18,24.18,14492
NRG,2017-07-21,14:00:00,24.18,24.19,24.18,24.18,9661
NRG,2017-07-21,14:01:00,24.18,24.19,24.18,24.18,6800
NRG,2017-07-21,14:02:00,24.19,24.21,24.19,24.20,13900
NRG,2017-07-21,14:03:00,24.20,24.20,24.19,24.20,18828
NRG,2017-07-21,14:04:00,24.20,24.21,24.19,24.20,11948
NRG,2017-07-21,14:05:00,24.20,24.21,24.18,24.21,10962
NRG,2017-07-21,14:06:00,24.20,24.23,24.20,24.22,12100
NRG,2017-07-21,14:07:00,24.23,24.23,24.20,24.20,10013
NRG,2017-07-21,14:08:00,24.20,24.20,24.20,24.20,7059
NRG,2017-07-21,14:09:00,24.20,24.20,24.20,24.20,13875
NRG,2017-07-21,14:10:00,24.21,24.22,24.20,24.22,7474
NRG,2017-07-21,14:11:00,24.22,24.23,24.22,24.23,5274
NRG,2017-07-21,14:12:00,24.23,24.24,24.23,24.24,5897
NRG,2017-07-21,14:13:00,24.24,24.27,24.24,24.27,17396
NRG,2017-07-21,14:14:00,24.27,24.27,24.23,24.23,17200
NRG,2017-07-21,14:15:00,24.23,24.24,24.22,24.22,5826
NRG,2017-07-21,14:16:00,24.23,24.23,24.20,24.20,14685
NRG,2017-07-21,14:17:00,24.21,24.22,24.20,24.21,20988
NRG,2017-07-21,14:18:00,24.22,24.22,24.20,24.20,8100
NRG,2017-07-21,14:19:00,24.20,24.21,24.19,24.21,15903
NRG,2017-07-21,14:20:00,24.20,24.21,24.19,24.20,9775
NRG,2017-07-21,14:21:00,24.20,24.21,24.20,24.21,1600
NRG,2017-07-21,14:22:00,24.20,24.20,24.20,24.20,10900
NRG,2017-07-21,14:23:00,24.19,24.19,24.17,24.18,6214
NRG,2017-07-21,14:24:00,24.18,24.19,24.17,24.18,4920
NRG,2017-07-21,14:25:00,24.18,24.20,24.17,24.20,13866
NRG,2017-07-21,14:26:00,24.20,24.20,24.16,24.16,8999
NRG,2017-07-21,14:27:00,24.17,24.18,24.17,24.18,5000
NRG,2017-07-21,14:28:00,24.18,24.18,24.16,24.17,212200
NRG,2017-07-21,14:29:00,24.17,24.18,24.16,24.16,9224
NRG,2017-07-21,14:30:00,24.17,24.17,24.16,24.17,2000
NRG,2017-07-21,14:31:00,24.17,24.17,24.16,24.16,6577
NRG,2017-07-21,14:32:00,24.17,24.18,24.17,24.18,8971
NRG,2017-07-21,14:33:00,24.18,24.18,24.16,24.18,11962
NRG,2017-07-21,14:34:00,24.18,24.20,24.18,24.20,10726
NRG,2017-07-21,14:35:00,24.20,24.20,24.20,24.20,2200
NRG,2017-07-21,14:36:00,24.20,24.20,24.17,24.18,21462
NRG,2017-07-21,14:37:00,24.17,24.18,24.15,24.17,17361
NRG,2017-07-21,14:38:00,24.17,24.18,24.17,24.18,15056
NRG,2017-07-21,14:39:00,24.18,24.19,24.16,24.16,8054
NRG,2017-07-21,14:40:00,24.16,24.17,24.16,24.17,15965
NRG,2017-07-21,14:41:00,24.17,24.18,24.16,24.17,6000
NRG,2017-07-21,14:42:00,24.17,24.17,24.16,24.16,7800
NRG,2017-07-21,14:43:00,24.16,24.17,24.15,24.16,16654
NRG,2017-07-21,14:44:00,24.16,24.16,24.15,24.16,8855
NRG,2017-07-21,14:45:00,24.16,24.16,24.14,24.14,29090
NRG,2017-07-21,14:46:00,24.14,24.17,24.14,24.16,15843
NRG,2017-07-21,14:47:00,24.16,24.19,24.16,24.18,5342
NRG,2017-07-21,14:48:00,24.18,24.19,24.18,24.18,2400
NRG,2017-07-21,14:49:00,24.18,24.21,24.18,24.18,26840
NRG,2017-07-21,14:50:00,24.18,24.20,24.18,24.18,40875
NRG,2017-07-21,14:51:00,24.18,24.19,24.18,24.19,9708
NRG,2017-07-21,14:52:00,24.19,24.20,24.19,24.19,6200
NRG,2017-07-21,14:53:00,24.18,24.20,24.18,24.20,8641
NRG,2017-07-21,14:54:00,24.19,24.22,24.18,24.18,54446
NRG,2017-07-21,14:55:00,24.18,24.23,24.18,24.20,71536
NRG,2017-07-21,14:56:00,24.20,24.23,24.20,24.22,23807
NRG,2017-07-21,14:57:00,24.23,24.23,24.22,24.22,3043
NRG,2017-07-21,14:58:00,24.23,24.23,24.22,24.22,52212
NRG,2017-07-21,14:59:00,24.22,24.23,24.21,24.23,52266
NRG,2017-07-21,15:00:00,24.22,24.27,24.22,24.27,19576
NRG,2017-07-21,15:01:00,24.26,24.27,24.25,24.25,11310
NRG,2017-07-21,15:02:00,24.25,24.25,24.25,24.25,500
NRG,2017-07-21,15:03:00,24.26,24.26,24.23,24.25,16690
NRG,2017-07-21,15:04:00,24.25,24.25,24.25,24.25,2500
NRG,2017-07-21,15:05:00,24.25,24.25,24.22,24.23,22327
NRG,2017-07-21,15:06:00,24.23,24.24,24.23,24.23,3212
NRG,2017-07-21,15:07:00,24.24,24.28,24.23,24.27,18466
NRG,2017-07-21,15:08:00,24.26,24.26,24.25,24.26,2836
NRG,2017-07-21,15:09:00,24.25,24.26,24.25,24.25,1000
NRG,2017-07-21,15:10:00,24.26,24.29,24.25,24.28,20079
NRG,2017-07-21,15:11:00,24.29,24.29,24.27,24.27,9089
NRG,2017-07-21,15:12:00,24.27,24.28,24.26,24.28,17621
NRG,2017-07-21,15:13:00,24.27,24.28,24.27,24.27,400
NRG,2017-07-21,15:14:00,24.27,24.29,24.27,24.29,11854
NRG,2017-07-21,15:15:00,24.29,24.31,24.29,24.31,9600
NRG,2017-07-21,15:16:00,24.31,24.33,24.31,24.32,17100
NRG,2017-07-21,15:17:00,24.32,24.32,24.27,24.29,30901
NRG,2017-07-21,15:18:00,24.28,24.28,24.27,24.27,3700
NRG,2017-07-21,15:19:00,24.27,24.27,24.27,24.27,8989
NRG,2017-07-21,15:20:00,24.27,24.28,24.27,24.28,2100
NRG,2017-07-21,15:21:00,24.28,24.28,24.27,24.27,6460
NRG,2017-07-21,15:22:00,24.27,24.32,24.27,24.32,15640
NRG,2017-07-21,15:23:00,24.31,24.32,24.30,24.30,7444
NRG,2017-07-21,15:24:00,24.30,24.32,24.30,24.32,6460
NRG,2017-07-21,15:25:00,24.31,24.32,24.31,24.32,5300
NRG,2017-07-21,15:26:00,24.32,24.32,24.31,24.32,14443
NRG,2017-07-21,15:27:00,24.32,24.33,24.31,24.33,14729
NRG,2017-07-21,15:28:00,24.33,24.34,24.33,24.34,6651
NRG,2017-07-21,15:29:00,24.34,24.34,24.33,24.34,5200
NRG,2017-07-21,15:30:00,24.34,24.34,24.33,24.34,7127
NRG,2017-07-21,15:31:00,24.34,24.37,24.34,24.36,48590
NRG,2017-07-21,15:32:00,24.36,24.39,24.36,24.39,21593
NRG,2017-07-21,15:33:00,24.39,24.39,24.37,24.38,32480
NRG,2017-07-21,15:34:00,24.38,24.38,24.36,24.37,21916
NRG,2017-07-21,15:35:00,24.38,24.38,24.37,24.38,11875
NRG,2017-07-21,15:36:00,24.38,24.38,24.37,24.37,10647
NRG,2017-07-21,15:37:00,24.38,24.39,24.36,24.39,58486
NRG,2017-07-21,15:38:00,24.39,24.40,24.38,24.39,29748
NRG,2017-07-21,15:39:00,24.39,24.40,24.38,24.40,15477
NRG,2017-07-21,15:40:00,24.39,24.40,24.39,24.40,29014
NRG,2017-07-21,15:41:00,24.40,24.41,24.39,24.41,15058
NRG,2017-07-21,15:42:00,24.41,24.44,24.41,24.43,42972
NRG,2017-07-21,15:43:00,24.43,24.45,24.43,24.45,11901
NRG,2017-07-21,15:44:00,24.45,24.45,24.44,24.45,9544
NRG,2017-07-21,15:45:00,24.45,24.46,24.44,24.46,26166
NRG,2017-07-21,15:46:00,24.45,24.50,24.45,24.49,82446
NRG,2017-07-21,15:47:00,24.48,24.50,24.48,24.50,42626
NRG,2017-07-21,15:48:00,24.50,24.52,24.49,24.52,66800
NRG,2017-07-21,15:49:00,24.52,24.53,24.51,24.53,25909
NRG,2017-07-21,15:50:00,24.52,24.54,24.52,24.54,38231
NRG,2017-07-21,15:51:00,24.54,24.59,24.54,24.57,95773
NRG,2017-07-21,15:52:00,24.57,24.58,24.55,24.55,57862
NRG,2017-07-21,15:53:00,24.55,24.55,24.53,24.54,59050
NRG,2017-07-21,15:54:00,24.53,24.54,24.53,24.54,49201
NRG,2017-07-21,15:55:00,24.54,24.54,24.53,24.54,32195
NRG,2017-07-21,15:56:00,24.54,24.54,24.50,24.50,140548
NRG,2017-07-21,15:57:00,24.50,24.51,24.47,24.48,113964
NRG,2017-07-21,15:58:00,24.47,24.48,24.46,24.48,169015
NRG,2017-07-21,15:59:00,24.47,24.48,24.47,24.48,112543
NRG,2017-07-21,16:00:00,24.48,24.50,24.45,24.49,236714
