PLAB,2017-07-18,09:30:00,10.15,10.15,10.15,10.15,2079
PLAB,2017-07-18,09:36:00,10.05,10.05,10.05,10.05,300
PLAB,2017-07-18,09:38:00,10.08,10.08,10.08,10.08,200
PLAB,2017-07-18,09:39:00,10.10,10.10,10.10,10.10,100
PLAB,2017-07-18,09:44:00,10.07,10.07,10.07,10.07,100
PLAB,2017-07-18,09:46:00,10.07,10.10,10.07,10.10,700
PLAB,2017-07-18,09:47:00,10.15,10.15,10.10,10.10,2000
PLAB,2017-07-18,09:48:00,10.10,10.10,10.10,10.10,100
PLAB,2017-07-18,09:59:00,10.10,10.10,10.10,10.10,200
PLAB,2017-07-18,10:01:00,10.15,10.15,10.15,10.15,100
PLAB,2017-07-18,10:02:00,10.11,10.15,10.10,10.15,1394
PLAB,2017-07-18,10:03:00,10.10,10.10,10.10,10.10,200
PLAB,2017-07-18,10:04:00,10.12,10.15,10.10,10.10,1500
PLAB,2017-07-18,10:11:00,10.12,10.12,10.12,10.12,209
PLAB,2017-07-18,10:12:00,10.15,10.15,10.15,10.15,1574
PLAB,2017-07-18,10:16:00,10.20,10.20,10.20,10.20,100
PLAB,2017-07-18,10:17:00,10.18,10.18,10.18,10.18,100
PLAB,2017-07-18,10:19:00,10.20,10.20,10.20,10.20,300
PLAB,2017-07-18,10:20:00,10.20,10.20,10.20,10.20,100
PLAB,2017-07-18,10:21:00,10.18,10.18,10.18,10.18,100
PLAB,2017-07-18,10:22:00,10.18,10.18,10.18,10.18,300
PLAB,2017-07-18,10:24:00,10.15,10.15,10.15,10.15,100
PLAB,2017-07-18,10:26:00,10.18,10.18,10.18,10.18,100
PLAB,2017-07-18,10:32:00,10.15,10.18,10.10,10.15,21943
PLAB,2017-07-18,10:33:00,10.15,10.15,10.15,10.15,2300
PLAB,2017-07-18,10:34:00,10.15,10.18,10.10,10.10,1500
PLAB,2017-07-18,10:35:00,10.12,10.12,10.12,10.12,200
PLAB,2017-07-18,10:36:00,10.10,10.12,10.10,10.12,300
PLAB,2017-07-18,10:37:00,10.12,10.12,10.12,10.12,100
PLAB,2017-07-18,10:38:00,10.12,10.12,10.12,10.12,100
PLAB,2017-07-18,10:39:00,10.12,10.12,10.12,10.12,600
PLAB,2017-07-18,10:40:00,10.12,10.15,10.12,10.12,300
PLAB,2017-07-18,10:41:00,10.10,10.12,10.10,10.12,200
PLAB,2017-07-18,10:42:00,10.12,10.12,10.12,10.12,200
PLAB,2017-07-18,10:43:00,10.12,10.12,10.12,10.12,100
PLAB,2017-07-18,10:46:00,10.12,10.12,10.12,10.12,100
PLAB,2017-07-18,10:48:00,10.12,10.12,10.12,10.12,100
PLAB,2017-07-18,10:52:00,10.12,10.12,10.12,10.12,100
PLAB,2017-07-18,10:54:00,10.12,10.12,10.12,10.12,300
PLAB,2017-07-18,11:01:00,10.15,10.15,10.12,10.12,200
PLAB,2017-07-18,11:02:00,10.15,10.15,10.15,10.15,100
PLAB,2017-07-18,11:03:00,10.15,10.15,10.15,10.15,100
PLAB,2017-07-18,11:04:00,10.15,10.15,10.15,10.15,100
PLAB,2017-07-18,11:06:00,10.15,10.15,10.15,10.15,100
PLAB,2017-07-18,11:07:00,10.15,10.15,10.12,10.12,300
PLAB,2017-07-18,11:08:00,10.15,10.15,10.15,10.15,100
PLAB,2017-07-18,11:15:00,10.12,10.12,10.12,10.12,200
PLAB,2017-07-18,11:16:00,10.10,10.10,10.10,10.10,100
PLAB,2017-07-18,11:17:00,10.12,10.15,10.12,10.15,200
PLAB,2017-07-18,11:19:00,10.15,10.15,10.15,10.15,550
PLAB,2017-07-18,11:22:00,10.12,10.12,10.12,10.12,100
PLAB,2017-07-18,11:24:00,10.15,10.15,10.12,10.12,200
PLAB,2017-07-18,11:31:00,10.12,10.12,10.12,10.12,200
PLAB,2017-07-18,11:32:00,10.12,10.12,10.12,10.12,500
PLAB,2017-07-18,11:33:00,10.12,10.12,10.12,10.12,100
PLAB,2017-07-18,11:36:00,10.12,10.12,10.12,10.12,200
PLAB,2017-07-18,11:37:00,10.15,10.15,10.12,10.12,400
PLAB,2017-07-18,11:39:00,10.15,10.15,10.12,10.12,200
PLAB,2017-07-18,11:41:00,10.12,10.15,10.12,10.15,200
PLAB,2017-07-18,11:42:00,10.12,10.12,10.12,10.12,100
PLAB,2017-07-18,11:56:00,10.12,10.12,10.12,10.12,400
PLAB,2017-07-18,11:57:00,10.12,10.15,10.12,10.15,200
PLAB,2017-07-18,11:59:00,10.13,10.13,10.12,10.12,500
PLAB,2017-07-18,12:03:00,10.12,10.15,10.12,10.15,200
PLAB,2017-07-18,12:18:00,10.12,10.15,10.10,10.12,3035
PLAB,2017-07-18,12:24:00,10.12,10.12,10.12,10.12,500
PLAB,2017-07-18,12:33:00,10.12,10.12,10.12,10.12,100
PLAB,2017-07-18,12:41:00,10.12,10.12,10.12,10.12,100
PLAB,2017-07-18,12:48:00,10.12,10.12,10.12,10.12,100
PLAB,2017-07-18,12:51:00,10.12,10.12,10.12,10.12,100
PLAB,2017-07-18,12:57:00,10.15,10.15,10.15,10.15,100
PLAB,2017-07-18,12:59:00,10.12,10.12,10.12,10.12,200
PLAB,2017-07-18,13:00:00,10.15,10.15,10.15,10.15,100
PLAB,2017-07-18,13:02:00,10.12,10.12,10.12,10.12,100
PLAB,2017-07-18,13:04:00,10.10,10.12,10.10,10.12,315
PLAB,2017-07-18,13:06:00,10.12,10.12,10.10,10.12,5300
PLAB,2017-07-18,13:08:00,10.12,10.12,10.12,10.12,100
PLAB,2017-07-18,13:13:00,10.12,10.12,10.12,10.12,300
PLAB,2017-07-18,13:17:00,10.12,10.12,10.10,10.12,900
PLAB,2017-07-18,13:20:00,10.10,10.12,10.10,10.12,200
PLAB,2017-07-18,13:21:00,10.12,10.12,10.12,10.12,100
PLAB,2017-07-18,13:22:00,10.12,10.12,10.12,10.12,100
PLAB,2017-07-18,13:29:00,10.12,10.12,10.12,10.12,100
PLAB,2017-07-18,13:31:00,10.15,10.15,10.15,10.15,100
PLAB,2017-07-18,13:35:00,10.12,10.12,10.10,10.12,320
PLAB,2017-07-18,13:45:00,10.14,10.14,10.14,10.14,211
PLAB,2017-07-18,13:51:00,10.12,10.12,10.12,10.12,100
PLAB,2017-07-18,13:52:00,10.10,10.12,10.10,10.12,500
PLAB,2017-07-18,13:55:00,10.15,10.15,10.15,10.15,100
PLAB,2017-07-18,14:00:00,10.12,10.15,10.12,10.15,200
PLAB,2017-07-18,14:07:00,10.12,10.15,10.12,10.15,200
PLAB,2017-07-18,14:09:00,10.15,10.15,10.15,10.15,100
PLAB,2017-07-18,14:11:00,10.12,10.12,10.12,10.12,100
PLAB,2017-07-18,14:20:00,10.12,10.15,10.12,10.15,200
PLAB,2017-07-18,14:22:00,10.12,10.15,10.12,10.15,600
PLAB,2017-07-18,14:28:00,10.12,10.15,10.12,10.12,1500
PLAB,2017-07-18,14:29:00,10.15,10.15,10.12,10.12,5779
PLAB,2017-07-18,14:30:00,10.15,10.15,10.10,10.12,16171
PLAB,2017-07-18,14:31:00,10.10,10.12,10.10,10.12,300
PLAB,2017-07-18,14:32:00,10.10,10.12,10.10,10.12,700
PLAB,2017-07-18,14:33:00,10.10,10.12,10.10,10.12,400
PLAB,2017-07-18,14:34:00,10.10,10.10,10.10,10.10,300
PLAB,2017-07-18,14:35:00,10.12,10.12,10.12,10.12,100
PLAB,2017-07-18,14:37:00,10.12,10.12,10.12,10.12,400
PLAB,2017-07-18,14:38:00,10.12,10.12,10.12,10.12,100
PLAB,2017-07-18,14:39:00,10.12,10.15,10.12,10.15,200
PLAB,2017-07-18,14:40:00,10.12,10.12,10.12,10.12,100
PLAB,2017-07-18,14:42:00,10.12,10.12,10.12,10.12,100
PLAB,2017-07-18,14:43:00,10.12,10.12,10.12,10.12,100
PLAB,2017-07-18,14:44:00,10.12,10.12,10.12,10.12,100
PLAB,2017-07-18,14:45:00,10.12,10.12,10.12,10.12,100
PLAB,2017-07-18,14:46:00,10.10,10.12,10.10,10.12,300
PLAB,2017-07-18,14:47:00,10.12,10.12,10.12,10.12,200
PLAB,2017-07-18,14:48:00,10.12,10.12,10.12,10.12,100
PLAB,2017-07-18,14:49:00,10.12,10.12,10.12,10.12,100
PLAB,2017-07-18,14:50:00,10.12,10.12,10.12,10.12,100
PLAB,2017-07-18,14:51:00,10.10,10.12,10.10,10.12,200
PLAB,2017-07-18,14:52:00,10.12,10.12,10.12,10.12,100
PLAB,2017-07-18,14:53:00,10.12,10.12,10.12,10.12,100
PLAB,2017-07-18,14:55:00,10.12,10.12,10.12,10.12,100
PLAB,2017-07-18,14:57:00,10.14,10.14,10.14,10.14,115
PLAB,2017-07-18,14:58:00,10.12,10.12,10.12,10.12,500
PLAB,2017-07-18,14:59:00,10.10,10.10,10.10,10.10,100
PLAB,2017-07-18,15:01:00,10.12,10.12,10.10,10.12,400
PLAB,2017-07-18,15:04:00,10.12,10.12,10.12,10.12,100
PLAB,2017-07-18,15:05:00,10.15,10.15,10.10,10.15,10675
PLAB,2017-07-18,15:06:00,10.12,10.15,10.12,10.12,1600
PLAB,2017-07-18,15:07:00,10.12,10.15,10.12,10.15,200
PLAB,2017-07-18,15:08:00,10.12,10.12,10.12,10.12,100
PLAB,2017-07-18,15:09:00,10.15,10.15,10.15,10.15,100
PLAB,2017-07-18,15:10:00,10.12,10.12,10.12,10.12,100
PLAB,2017-07-18,15:11:00,10.12,10.15,10.12,10.15,600
PLAB,2017-07-18,15:12:00,10.15,10.15,10.12,10.12,300
PLAB,2017-07-18,15:13:00,10.12,10.15,10.12,10.12,1200
PLAB,2017-07-18,15:14:00,10.12,10.15,10.12,10.15,200
PLAB,2017-07-18,15:15:00,10.12,10.15,10.12,10.12,400
PLAB,2017-07-18,15:16:00,10.15,10.15,10.15,10.15,100
PLAB,2017-07-18,15:17:00,10.12,10.12,10.12,10.12,200
PLAB,2017-07-18,15:18:00,10.15,10.15,10.15,10.15,100
PLAB,2017-07-18,15:19:00,10.12,10.15,10.12,10.12,600
PLAB,2017-07-18,15:20:00,10.15,10.15,10.12,10.12,300
PLAB,2017-07-18,15:21:00,10.12,10.18,10.10,10.15,6400
PLAB,2017-07-18,15:22:00,10.18,10.18,10.15,10.18,2287
PLAB,2017-07-18,15:23:00,10.18,10.18,10.18,10.18,300
PLAB,2017-07-18,15:24:00,10.18,10.18,10.15,10.15,500
PLAB,2017-07-18,15:25:00,10.15,10.18,10.15,10.18,1200
PLAB,2017-07-18,15:26:00,10.15,10.15,10.15,10.15,100
PLAB,2017-07-18,15:27:00,10.15,10.15,10.15,10.15,100
PLAB,2017-07-18,15:28:00,10.15,10.15,10.15,10.15,100
PLAB,2017-07-18,15:30:00,10.18,10.18,10.18,10.18,300
PLAB,2017-07-18,15:31:00,10.15,10.18,10.15,10.15,1162
PLAB,2017-07-18,15:32:00,10.18,10.18,10.15,10.15,200
PLAB,2017-07-18,15:33:00,10.15,10.18,10.15,10.18,400
PLAB,2017-07-18,15:34:00,10.18,10.18,10.18,10.18,200
PLAB,2017-07-18,15:36:00,10.15,10.15,10.15,10.15,500
PLAB,2017-07-18,15:37:00,10.20,10.20,10.20,10.20,200
PLAB,2017-07-18,15:38:00,10.15,10.15,10.15,10.15,100
PLAB,2017-07-18,15:41:00,10.18,10.18,10.15,10.18,700
PLAB,2017-07-18,15:42:00,10.15,10.15,10.15,10.15,100
PLAB,2017-07-18,15:43:00,10.18,10.18,10.18,10.18,100
PLAB,2017-07-18,15:44:00,10.15,10.15,10.15,10.15,100
PLAB,2017-07-18,15:45:00,10.15,10.15,10.15,10.15,400
PLAB,2017-07-18,15:46:00,10.15,10.18,10.15,10.18,1300
PLAB,2017-07-18,15:47:00,10.18,10.18,10.15,10.15,300
PLAB,2017-07-18,15:49:00,10.18,10.20,10.18,10.20,300
PLAB,2017-07-18,15:50:00,10.15,10.18,10.15,10.18,400
PLAB,2017-07-18,15:51:00,10.18,10.18,10.18,10.18,300
PLAB,2017-07-18,15:52:00,10.15,10.15,10.15,10.15,400
PLAB,2017-07-18,15:53:00,10.20,10.20,10.15,10.20,400
PLAB,2017-07-18,15:54:00,10.18,10.18,10.15,10.15,500
PLAB,2017-07-18,15:55:00,10.18,10.20,10.15,10.20,800
PLAB,2017-07-18,15:56:00,10.18,10.18,10.15,10.18,500
PLAB,2017-07-18,15:57:00,10.18,10.20,10.15,10.15,11200
PLAB,2017-07-18,15:58:00,10.20,10.20,10.18,10.18,2998
PLAB,2017-07-18,15:59:00,10.18,10.20,10.15,10.18,14748
PLAB,2017-07-18,16:00:00,10.18,10.20,10.15,10.20,25161
PLAB,2017-07-19,09:30:00,10.25,10.25,10.25,10.25,2499
PLAB,2017-07-19,09:31:00,9.95,10.11,9.95,10.11,1100
PLAB,2017-07-19,09:32:00,10.20,10.20,10.20,10.20,1713
PLAB,2017-07-19,09:34:00,10.15,10.20,10.15,10.18,821
PLAB,2017-07-19,09:39:00,10.20,10.20,10.20,10.20,1100
PLAB,2017-07-19,09:41:00,10.20,10.20,10.20,10.20,6400
PLAB,2017-07-19,09:42:00,10.15,10.15,10.15,10.15,844
PLAB,2017-07-19,09:43:00,10.10,10.10,10.10,10.10,100
PLAB,2017-07-19,09:44:00,10.12,10.12,10.12,10.12,700
PLAB,2017-07-19,09:45:00,10.12,10.12,10.12,10.12,700
PLAB,2017-07-19,09:46:00,10.15,10.18,10.15,10.18,1900
PLAB,2017-07-19,09:50:00,10.15,10.15,10.15,10.15,100
PLAB,2017-07-19,09:52:00,10.15,10.15,10.15,10.15,3674
PLAB,2017-07-19,09:53:00,10.12,10.12,10.12,10.12,400
PLAB,2017-07-19,09:55:00,10.10,10.10,10.10,10.10,100
PLAB,2017-07-19,09:57:00,10.10,10.10,10.10,10.10,100
PLAB,2017-07-19,09:59:00,10.10,10.10,10.10,10.10,100
PLAB,2017-07-19,10:00:00,10.10,10.10,10.10,10.10,200
PLAB,2017-07-19,10:01:00,10.10,10.10,10.10,10.10,100
PLAB,2017-07-19,10:02:00,10.11,10.11,10.11,10.11,200
PLAB,2017-07-19,10:03:00,10.10,10.10,10.10,10.10,100
PLAB,2017-07-19,10:05:00,10.15,10.19,10.15,10.15,3400
PLAB,2017-07-19,10:06:00,10.18,10.18,10.18,10.18,400
PLAB,2017-07-19,10:07:00,10.18,10.18,10.18,10.18,300
PLAB,2017-07-19,10:08:00,10.18,10.18,10.18,10.18,100
PLAB,2017-07-19,10:09:00,10.18,10.18,10.18,10.18,100
PLAB,2017-07-19,10:12:00,10.18,10.18,10.18,10.18,500
PLAB,2017-07-19,10:13:00,10.18,10.18,10.18,10.18,200
PLAB,2017-07-19,10:16:00,10.15,10.20,10.15,10.20,228
PLAB,2017-07-19,10:17:00,10.18,10.18,10.18,10.18,100
PLAB,2017-07-19,10:20:00,10.15,10.18,10.15,10.18,200
PLAB,2017-07-19,10:22:00,10.18,10.18,10.18,10.18,100
PLAB,2017-07-19,10:23:00,10.20,10.20,10.20,10.20,170
PLAB,2017-07-19,10:27:00,10.20,10.20,10.20,10.20,200
PLAB,2017-07-19,10:30:00,10.15,10.15,10.15,10.15,200
PLAB,2017-07-19,10:31:00,10.15,10.15,10.15,10.15,100
PLAB,2017-07-19,10:32:00,10.15,10.15,10.15,10.15,100
PLAB,2017-07-19,10:33:00,10.15,10.15,10.15,10.15,100
PLAB,2017-07-19,10:34:00,10.15,10.15,10.15,10.15,200
PLAB,2017-07-19,10:35:00,10.15,10.15,10.15,10.15,100
PLAB,2017-07-19,10:36:00,10.15,10.15,10.15,10.15,100
PLAB,2017-07-19,10:37:00,10.15,10.15,10.15,10.15,200
PLAB,2017-07-19,10:38:00,10.15,10.15,10.15,10.15,100
PLAB,2017-07-19,10:39:00,10.15,10.15,10.15,10.15,100
PLAB,2017-07-19,10:40:00,10.15,10.15,10.15,10.15,200
PLAB,2017-07-19,10:41:00,10.15,10.15,10.15,10.15,100
PLAB,2017-07-19,10:42:00,10.20,10.20,10.20,10.20,200
PLAB,2017-07-19,10:47:00,10.15,10.15,10.15,10.15,100
PLAB,2017-07-19,10:48:00,10.15,10.15,10.15,10.15,100
PLAB,2017-07-19,10:50:00,10.15,10.15,10.15,10.15,100
PLAB,2017-07-19,10:53:00,10.15,10.15,10.15,10.15,100
PLAB,2017-07-19,10:56:00,10.15,10.15,10.15,10.15,100
PLAB,2017-07-19,10:58:00,10.18,10.18,10.18,10.18,100
PLAB,2017-07-19,10:59:00,10.15,10.15,10.15,10.15,200
PLAB,2017-07-19,11:01:00,10.15,10.15,10.15,10.15,100
PLAB,2017-07-19,11:02:00,10.15,10.15,10.15,10.15,100
PLAB,2017-07-19,11:04:00,10.15,10.15,10.15,10.15,300
PLAB,2017-07-19,11:06:00,10.18,10.18,10.18,10.18,956
PLAB,2017-07-19,11:07:00,10.15,10.15,10.15,10.15,100
PLAB,2017-07-19,11:08:00,10.15,10.15,10.15,10.15,100
PLAB,2017-07-19,11:09:00,10.15,10.15,10.15,10.15,200
PLAB,2017-07-19,11:10:00,10.17,10.17,10.17,10.17,106
PLAB,2017-07-19,11:12:00,10.15,10.15,10.15,10.15,775
PLAB,2017-07-19,11:13:00,10.15,10.15,10.15,10.15,200
PLAB,2017-07-19,11:15:00,10.15,10.15,10.15,10.15,100
PLAB,2017-07-19,11:18:00,10.15,10.15,10.15,10.15,400
PLAB,2017-07-19,11:20:00,10.20,10.20,10.15,10.15,200
PLAB,2017-07-19,11:21:00,10.15,10.15,10.15,10.15,100
PLAB,2017-07-19,11:23:00,10.15,10.15,10.15,10.15,100
PLAB,2017-07-19,11:24:00,10.15,10.15,10.15,10.15,349
PLAB,2017-07-19,11:26:00,10.15,10.15,10.15,10.15,100
PLAB,2017-07-19,11:29:00,10.17,10.18,10.15,10.15,700
PLAB,2017-07-19,11:31:00,10.15,10.15,10.15,10.15,100
PLAB,2017-07-19,11:32:00,10.15,10.15,10.15,10.15,100
PLAB,2017-07-19,11:34:00,10.15,10.15,10.15,10.15,100
PLAB,2017-07-19,11:37:00,10.15,10.15,10.15,10.15,100
PLAB,2017-07-19,11:38:00,10.18,10.20,10.18,10.20,300
PLAB,2017-07-19,11:40:00,10.19,10.19,10.15,10.15,450
PLAB,2017-07-19,11:44:00,10.15,10.15,10.15,10.15,100
PLAB,2017-07-19,11:47:00,10.15,10.18,10.15,10.18,200
PLAB,2017-07-19,11:49:00,10.18,10.18,10.18,10.18,100
PLAB,2017-07-19,11:50:00,10.15,10.18,10.15,10.18,600
PLAB,2017-07-19,11:51:00,10.15,10.15,10.15,10.15,200
PLAB,2017-07-19,11:52:00,10.15,10.15,10.15,10.15,100
PLAB,2017-07-19,11:53:00,10.15,10.18,10.15,10.18,200
PLAB,2017-07-19,11:56:00,10.18,10.18,10.15,10.15,700
PLAB,2017-07-19,11:57:00,10.20,10.20,10.18,10.18,300
PLAB,2017-07-19,11:59:00,10.15,10.15,10.15,10.15,200
PLAB,2017-07-19,12:02:00,10.15,10.15,10.15,10.15,100
PLAB,2017-07-19,12:05:00,10.20,10.20,10.18,10.18,200
PLAB,2017-07-19,12:06:00,10.15,10.18,10.15,10.18,300
PLAB,2017-07-19,12:07:00,10.20,10.20,10.20,10.20,200
PLAB,2017-07-19,12:09:00,10.20,10.20,10.20,10.20,100
PLAB,2017-07-19,12:10:00,10.15,10.15,10.15,10.15,100
PLAB,2017-07-19,12:11:00,10.20,10.20,10.20,10.20,300
PLAB,2017-07-19,12:12:00,10.15,10.20,10.15,10.18,700
PLAB,2017-07-19,12:13:00,10.18,10.25,10.18,10.22,7853
PLAB,2017-07-19,12:14:00,10.25,10.25,10.22,10.22,960
PLAB,2017-07-19,12:15:00,10.25,10.30,10.25,10.28,8044
PLAB,2017-07-19,12:16:00,10.28,10.28,10.25,10.25,900
PLAB,2017-07-19,12:17:00,10.28,10.30,10.25,10.25,1217
PLAB,2017-07-19,12:18:00,10.28,10.30,10.25,10.30,1500
PLAB,2017-07-19,12:19:00,10.28,10.30,10.25,10.28,700
PLAB,2017-07-19,12:20:00,10.25,10.28,10.20,10.20,18858
PLAB,2017-07-19,12:21:00,10.22,10.25,10.20,10.25,700
PLAB,2017-07-19,12:22:00,10.20,10.22,10.20,10.20,300
PLAB,2017-07-19,12:23:00,10.22,10.22,10.18,10.22,9796
PLAB,2017-07-19,12:24:00,10.20,10.20,10.18,10.18,6933
PLAB,2017-07-19,12:25:00,10.18,10.20,10.18,10.18,2770
PLAB,2017-07-19,12:26:00,10.18,10.18,10.18,10.18,1358
PLAB,2017-07-19,12:27:00,10.18,10.22,10.18,10.20,7108
PLAB,2017-07-19,12:28:00,10.22,10.22,10.15,10.15,5990
PLAB,2017-07-19,12:29:00,10.15,10.18,10.15,10.15,400
PLAB,2017-07-19,12:30:00,10.15,10.18,10.15,10.15,400
PLAB,2017-07-19,12:31:00,10.20,10.20,10.18,10.18,1100
PLAB,2017-07-19,12:32:00,10.18,10.18,10.18,10.18,100
PLAB,2017-07-19,12:33:00,10.18,10.18,10.18,10.18,100
PLAB,2017-07-19,12:34:00,10.18,10.18,10.18,10.18,100
PLAB,2017-07-19,12:35:00,10.18,10.18,10.15,10.18,3700
PLAB,2017-07-19,12:36:00,10.15,10.20,10.15,10.18,1605
PLAB,2017-07-19,12:37:00,10.15,10.18,10.15,10.15,5008
PLAB,2017-07-19,12:38:00,10.18,10.18,10.18,10.18,100
PLAB,2017-07-19,12:39:00,10.18,10.18,10.18,10.18,200
PLAB,2017-07-19,12:40:00,10.18,10.18,10.18,10.18,100
PLAB,2017-07-19,12:41:00,10.18,10.18,10.18,10.18,200
PLAB,2017-07-19,12:42:00,10.18,10.18,10.18,10.18,100
PLAB,2017-07-19,12:43:00,10.18,10.18,10.18,10.18,100
PLAB,2017-07-19,12:44:00,10.18,10.18,10.18,10.18,100
PLAB,2017-07-19,12:45:00,10.18,10.18,10.18,10.18,200
PLAB,2017-07-19,12:46:00,10.18,10.18,10.15,10.15,200
PLAB,2017-07-19,12:48:00,10.18,10.18,10.15,10.15,400
PLAB,2017-07-19,12:49:00,10.15,10.18,10.12,10.15,21949
PLAB,2017-07-19,12:51:00,10.18,10.18,10.18,10.18,100
PLAB,2017-07-19,12:52:00,10.18,10.18,10.18,10.18,100
PLAB,2017-07-19,12:53:00,10.15,10.15,10.15,10.15,100
PLAB,2017-07-19,12:54:00,10.18,10.18,10.18,10.18,300
PLAB,2017-07-19,12:55:00,10.18,10.18,10.18,10.18,300
PLAB,2017-07-19,12:56:00,10.18,10.18,10.18,10.18,300
PLAB,2017-07-19,12:57:00,10.18,10.18,10.18,10.18,100
PLAB,2017-07-19,12:58:00,10.20,10.20,10.20,10.20,165
PLAB,2017-07-19,12:59:00,10.20,10.20,10.20,10.20,554
PLAB,2017-07-19,13:00:00,10.20,10.20,10.20,10.20,100
PLAB,2017-07-19,13:01:00,10.18,10.20,10.18,10.20,221
PLAB,2017-07-19,13:02:00,10.20,10.25,10.18,10.18,22732
PLAB,2017-07-19,13:04:00,10.18,10.18,10.15,10.18,400
PLAB,2017-07-19,13:05:00,10.18,10.18,10.18,10.18,200
PLAB,2017-07-19,13:07:00,10.18,10.18,10.18,10.18,100
PLAB,2017-07-19,13:08:00,10.15,10.15,10.15,10.15,100
PLAB,2017-07-19,13:13:00,10.18,10.18,10.18,10.18,400
PLAB,2017-07-19,13:18:00,10.18,10.20,10.18,10.20,400
PLAB,2017-07-19,13:21:00,10.20,10.20,10.20,10.20,200
PLAB,2017-07-19,13:22:00,10.18,10.18,10.18,10.18,100
PLAB,2017-07-19,13:29:00,10.20,10.20,10.20,10.20,100
PLAB,2017-07-19,13:30:00,10.18,10.18,10.18,10.18,200
PLAB,2017-07-19,13:32:00,10.20,10.20,10.20,10.20,200
PLAB,2017-07-19,13:38:00,10.15,10.15,10.15,10.15,100
PLAB,2017-07-19,13:39:00,10.18,10.20,10.18,10.20,200
PLAB,2017-07-19,13:40:00,10.18,10.18,10.18,10.18,400
PLAB,2017-07-19,13:41:00,10.18,10.18,10.18,10.18,100
PLAB,2017-07-19,13:42:00,10.15,10.15,10.15,10.15,300
PLAB,2017-07-19,13:43:00,10.20,10.20,10.20,10.20,100
PLAB,2017-07-19,13:50:00,10.20,10.20,10.20,10.20,300
PLAB,2017-07-19,13:53:00,10.20,10.20,10.15,10.15,550
PLAB,2017-07-19,13:59:00,10.20,10.20,10.18,10.18,200
PLAB,2017-07-19,14:04:00,10.20,10.20,10.20,10.20,400
PLAB,2017-07-19,14:05:00,10.18,10.18,10.18,10.18,100
PLAB,2017-07-19,14:07:00,10.20,10.20,10.18,10.20,891
PLAB,2017-07-19,14:09:00,10.20,10.20,10.20,10.20,700
PLAB,2017-07-19,14:10:00,10.20,10.20,10.20,10.20,100
PLAB,2017-07-19,14:11:00,10.20,10.20,10.20,10.20,100
PLAB,2017-07-19,14:13:00,10.20,10.20,10.20,10.20,257
PLAB,2017-07-19,14:14:00,10.20,10.20,10.20,10.20,800
PLAB,2017-07-19,14:15:00,10.20,10.20,10.18,10.18,778
PLAB,2017-07-19,14:16:00,10.18,10.20,10.18,10.20,400
PLAB,2017-07-19,14:17:00,10.18,10.18,10.18,10.18,200
PLAB,2017-07-19,14:18:00,10.15,10.15,10.15,10.15,100
PLAB,2017-07-19,14:19:00,10.18,10.18,10.18,10.18,100
PLAB,2017-07-19,14:22:00,10.20,10.20,10.20,10.20,500
PLAB,2017-07-19,14:23:00,10.20,10.20,10.20,10.20,200
PLAB,2017-07-19,14:24:00,10.20,10.20,10.20,10.20,300
PLAB,2017-07-19,14:26:00,10.20,10.20,10.20,10.20,100
PLAB,2017-07-19,14:27:00,10.20,10.20,10.20,10.20,500
PLAB,2017-07-19,14:30:00,10.20,10.20,10.15,10.20,400
PLAB,2017-07-19,14:31:00,10.20,10.20,10.20,10.20,2300
PLAB,2017-07-19,14:32:00,10.20,10.20,10.18,10.18,300
PLAB,2017-07-19,14:33:00,10.20,10.20,10.20,10.20,500
PLAB,2017-07-19,14:34:00,10.20,10.20,10.20,10.20,500
PLAB,2017-07-19,14:35:00,10.20,10.20,10.20,10.20,300
PLAB,2017-07-19,14:36:00,10.18,10.20,10.18,10.18,1600
PLAB,2017-07-19,14:37:00,10.18,10.20,10.18,10.18,700
PLAB,2017-07-19,14:38:00,10.20,10.20,10.20,10.20,100
PLAB,2017-07-19,14:39:00,10.18,10.18,10.18,10.18,100
PLAB,2017-07-19,14:41:00,10.20,10.20,10.20,10.20,100
PLAB,2017-07-19,14:42:00,10.20,10.20,10.20,10.20,100
PLAB,2017-07-19,14:43:00,10.18,10.20,10.18,10.20,800
PLAB,2017-07-19,14:45:00,10.20,10.20,10.20,10.20,100
PLAB,2017-07-19,14:46:00,10.20,10.20,10.20,10.20,600
PLAB,2017-07-19,14:48:00,10.20,10.20,10.20,10.20,100
PLAB,2017-07-19,14:49:00,10.18,10.18,10.18,10.18,600
PLAB,2017-07-19,14:50:00,10.20,10.20,10.18,10.20,800
PLAB,2017-07-19,14:51:00,10.15,10.15,10.15,10.15,100
PLAB,2017-07-19,14:52:00,10.20,10.20,10.20,10.20,100
PLAB,2017-07-19,14:54:00,10.20,10.20,10.20,10.20,100
PLAB,2017-07-19,14:55:00,10.20,10.20,10.20,10.20,100
PLAB,2017-07-19,14:57:00,10.20,10.20,10.20,10.20,100
PLAB,2017-07-19,14:58:00,10.20,10.20,10.18,10.18,600
PLAB,2017-07-19,15:00:00,10.20,10.20,10.15,10.20,800
PLAB,2017-07-19,15:01:00,10.18,10.18,10.15,10.18,700
PLAB,2017-07-19,15:03:00,10.20,10.20,10.15,10.15,200
PLAB,2017-07-19,15:05:00,10.20,10.20,10.20,10.20,600
PLAB,2017-07-19,15:07:00,10.18,10.18,10.18,10.18,100
PLAB,2017-07-19,15:09:00,10.20,10.20,10.20,10.20,1000
PLAB,2017-07-19,15:10:00,10.20,10.20,10.18,10.20,400
PLAB,2017-07-19,15:12:00,10.20,10.20,10.20,10.20,200
PLAB,2017-07-19,15:13:00,10.20,10.20,10.20,10.20,100
PLAB,2017-07-19,15:14:00,10.20,10.20,10.20,10.20,400
PLAB,2017-07-19,15:15:00,10.20,10.20,10.20,10.20,600
PLAB,2017-07-19,15:16:00,10.20,10.20,10.20,10.20,200
PLAB,2017-07-19,15:17:00,10.15,10.20,10.15,10.20,200
PLAB,2017-07-19,15:18:00,10.20,10.20,10.18,10.20,800
PLAB,2017-07-19,15:19:00,10.20,10.20,10.20,10.20,1100
PLAB,2017-07-19,15:20:00,10.20,10.20,10.20,10.20,100
PLAB,2017-07-19,15:21:00,10.20,10.20,10.20,10.20,700
PLAB,2017-07-19,15:22:00,10.20,10.20,10.20,10.20,815
PLAB,2017-07-19,15:23:00,10.20,10.20,10.20,10.20,1179
PLAB,2017-07-19,15:24:00,10.18,10.20,10.18,10.20,700
PLAB,2017-07-19,15:25:00,10.20,10.20,10.20,10.20,100
PLAB,2017-07-19,15:26:00,10.20,10.20,10.20,10.20,3159
PLAB,2017-07-19,15:27:00,10.20,10.25,10.20,10.22,5767
PLAB,2017-07-19,15:28:00,10.25,10.25,10.25,10.25,600
PLAB,2017-07-19,15:29:00,10.25,10.30,10.25,10.30,10061
PLAB,2017-07-19,15:30:00,10.30,10.30,10.28,10.30,1058
PLAB,2017-07-19,15:31:00,10.28,10.30,10.28,10.30,2658
PLAB,2017-07-19,15:32:00,10.30,10.30,10.28,10.30,400
PLAB,2017-07-19,15:33:00,10.30,10.30,10.30,10.30,100
PLAB,2017-07-19,15:34:00,10.28,10.30,10.25,10.25,4877
PLAB,2017-07-19,15:35:00,10.28,10.28,10.28,10.28,500
PLAB,2017-07-19,15:36:00,10.30,10.30,10.28,10.28,200
PLAB,2017-07-19,15:37:00,10.28,10.28,10.28,10.28,200
PLAB,2017-07-19,15:38:00,10.28,10.30,10.28,10.30,400
PLAB,2017-07-19,15:39:00,10.28,10.28,10.25,10.28,6651
PLAB,2017-07-19,15:40:00,10.28,10.28,10.28,10.28,1100
PLAB,2017-07-19,15:42:00,10.30,10.30,10.25,10.30,2300
PLAB,2017-07-19,15:43:00,10.28,10.30,10.28,10.30,3000
PLAB,2017-07-19,15:44:00,10.30,10.30,10.28,10.30,3500
PLAB,2017-07-19,15:45:00,10.30,10.30,10.25,10.30,6920
PLAB,2017-07-19,15:46:00,10.28,10.30,10.28,10.30,200
PLAB,2017-07-19,15:47:00,10.28,10.28,10.25,10.28,2000
PLAB,2017-07-19,15:48:00,10.28,10.28,10.28,10.28,400
PLAB,2017-07-19,15:49:00,10.25,10.30,10.25,10.25,3100
PLAB,2017-07-19,15:50:00,10.28,10.28,10.25,10.28,400
PLAB,2017-07-19,15:51:00,10.28,10.30,10.28,10.28,1100
PLAB,2017-07-19,15:52:00,10.28,10.28,10.28,10.28,100
PLAB,2017-07-19,15:53:00,10.28,10.28,10.25,10.28,1000
PLAB,2017-07-19,15:54:00,10.28,10.30,10.28,10.28,900
PLAB,2017-07-19,15:55:00,10.30,10.30,10.25,10.28,900
PLAB,2017-07-19,15:56:00,10.30,10.30,10.25,10.28,7200
PLAB,2017-07-19,15:57:00,10.28,10.28,10.25,10.28,4900
PLAB,2017-07-19,15:58:00,10.30,10.30,10.25,10.28,1400
PLAB,2017-07-19,15:59:00,10.25,10.28,10.25,10.25,2809
PLAB,2017-07-19,16:00:00,10.28,10.30,10.25,10.30,19319
PLAB,2017-07-20,09:30:00,10.35,10.35,10.35,10.35,2512
PLAB,2017-07-20,09:31:00,10.35,10.35,10.35,10.35,500
PLAB,2017-07-20,09:33:00,10.25,10.25,10.25,10.25,600
PLAB,2017-07-20,09:37:00,10.25,10.25,10.20,10.20,300
PLAB,2017-07-20,09:39:00,10.25,10.25,10.25,10.25,100
PLAB,2017-07-20,09:40:00,10.25,10.25,10.20,10.20,200
PLAB,2017-07-20,09:42:00,10.20,10.20,10.15,10.15,10178
PLAB,2017-07-20,09:44:00,10.10,10.15,10.10,10.15,1079
PLAB,2017-07-20,09:46:00,10.20,10.20,10.15,10.15,2000
PLAB,2017-07-20,09:47:00,10.15,10.15,10.15,10.15,400
PLAB,2017-07-20,09:48:00,10.15,10.20,10.15,10.18,2152
PLAB,2017-07-20,09:49:00,10.15,10.20,10.15,10.20,4935
PLAB,2017-07-20,09:51:00,10.15,10.18,10.15,10.18,700
PLAB,2017-07-20,09:53:00,10.15,10.20,10.15,10.20,2200
PLAB,2017-07-20,09:57:00,10.25,10.25,10.25,10.25,1554
PLAB,2017-07-20,09:58:00,10.20,10.25,10.20,10.25,1699
PLAB,2017-07-20,10:04:00,10.25,10.25,10.25,10.25,2000
PLAB,2017-07-20,10:05:00,10.25,10.25,10.25,10.25,1000
PLAB,2017-07-20,10:06:00,10.25,10.25,10.25,10.25,1176
PLAB,2017-07-20,10:07:00,10.25,10.25,10.25,10.25,781
PLAB,2017-07-20,10:08:00,10.25,10.25,10.25,10.25,200
PLAB,2017-07-20,10:10:00,10.25,10.25,10.20,10.22,2193
PLAB,2017-07-20,10:11:00,10.20,10.20,10.20,10.20,200
PLAB,2017-07-20,10:16:00,10.20,10.20,10.20,10.20,100
PLAB,2017-07-20,10:19:00,10.22,10.22,10.22,10.22,200
PLAB,2017-07-20,10:20:00,10.20,10.20,10.20,10.20,100
PLAB,2017-07-20,10:21:00,10.20,10.20,10.20,10.20,200
PLAB,2017-07-20,10:29:00,10.20,10.20,10.20,10.20,100
PLAB,2017-07-20,10:35:00,10.20,10.20,10.20,10.20,3200
PLAB,2017-07-20,10:36:00,10.15,10.15,10.15,10.15,200
PLAB,2017-07-20,10:37:00,10.17,10.17,10.17,10.17,800
PLAB,2017-07-20,10:38:00,10.15,10.15,10.15,10.15,200
PLAB,2017-07-20,10:43:00,10.15,10.15,10.15,10.15,200
PLAB,2017-07-20,10:44:00,10.15,10.15,10.15,10.15,100
PLAB,2017-07-20,10:45:00,10.19,10.19,10.15,10.15,600
PLAB,2017-07-20,10:49:00,10.18,10.18,10.18,10.18,617
PLAB,2017-07-20,10:50:00,10.15,10.15,10.15,10.15,100
PLAB,2017-07-20,10:52:00,10.15,10.15,10.15,10.15,200
PLAB,2017-07-20,10:58:00,10.15,10.15,10.15,10.15,100
PLAB,2017-07-20,11:03:00,10.15,10.15,10.15,10.15,200
PLAB,2017-07-20,11:04:00,10.18,10.18,10.18,10.18,100
PLAB,2017-07-20,11:05:00,10.15,10.15,10.15,10.15,200
PLAB,2017-07-20,11:09:00,10.15,10.15,10.15,10.15,397
PLAB,2017-07-20,11:12:00,10.15,10.15,10.15,10.15,200
PLAB,2017-07-20,11:16:00,10.15,10.15,10.15,10.15,100
PLAB,2017-07-20,11:20:00,10.15,10.15,10.15,10.15,400
PLAB,2017-07-20,11:24:00,10.18,10.18,10.18,10.18,100
PLAB,2017-07-20,11:27:00,10.15,10.15,10.15,10.15,100
PLAB,2017-07-20,11:28:00,10.15,10.15,10.15,10.15,200
PLAB,2017-07-20,11:36:00,10.20,10.20,10.15,10.18,593
PLAB,2017-07-20,11:39:00,10.15,10.15,10.15,10.15,200
PLAB,2017-07-20,11:44:00,10.15,10.15,10.15,10.15,100
PLAB,2017-07-20,11:46:00,10.18,10.18,10.15,10.15,300
PLAB,2017-07-20,11:49:00,10.20,10.20,10.15,10.20,1800
PLAB,2017-07-20,11:51:00,10.20,10.20,10.20,10.20,200
PLAB,2017-07-20,11:54:00,10.15,10.15,10.15,10.15,100
PLAB,2017-07-20,12:01:00,10.18,10.18,10.18,10.18,100
PLAB,2017-07-20,12:02:00,10.18,10.18,10.15,10.15,300
PLAB,2017-07-20,12:10:00,10.15,10.15,10.15,10.15,200
PLAB,2017-07-20,12:17:00,10.15,10.18,10.15,10.15,300
PLAB,2017-07-20,12:18:00,10.20,10.20,10.20,10.20,100
PLAB,2017-07-20,12:19:00,10.20,10.20,10.15,10.18,1000
PLAB,2017-07-20,12:22:00,10.18,10.18,10.18,10.18,100
PLAB,2017-07-20,12:23:00,10.15,10.15,10.15,10.15,100
PLAB,2017-07-20,12:29:00,10.15,10.18,10.15,10.18,300
PLAB,2017-07-20,12:32:00,10.19,10.19,10.19,10.19,200
PLAB,2017-07-20,12:35:00,10.20,10.20,10.18,10.18,200
PLAB,2017-07-20,12:40:00,10.20,10.20,10.20,10.20,100
PLAB,2017-07-20,12:43:00,10.20,10.20,10.20,10.20,100
PLAB,2017-07-20,12:45:00,10.15,10.15,10.15,10.15,100
PLAB,2017-07-20,12:46:00,10.20,10.20,10.15,10.18,1600
PLAB,2017-07-20,12:48:00,10.20,10.20,10.20,10.20,200
PLAB,2017-07-20,12:49:00,10.18,10.18,10.18,10.18,100
PLAB,2017-07-20,12:51:00,10.20,10.20,10.20,10.20,100
PLAB,2017-07-20,12:55:00,10.15,10.15,10.15,10.15,200
PLAB,2017-07-20,13:05:00,10.20,10.20,10.15,10.15,600
PLAB,2017-07-20,13:08:00,10.15,10.15,10.15,10.15,100
PLAB,2017-07-20,13:10:00,10.20,10.20,10.15,10.20,300
PLAB,2017-07-20,13:11:00,10.20,10.20,10.15,10.15,700
PLAB,2017-07-20,13:14:00,10.20,10.20,10.15,10.15,200
PLAB,2017-07-20,13:17:00,10.20,10.20,10.15,10.20,800
PLAB,2017-07-20,13:19:00,10.15,10.15,10.15,10.15,100
PLAB,2017-07-20,13:20:00,10.20,10.20,10.20,10.20,100
PLAB,2017-07-20,13:22:00,10.20,10.20,10.20,10.20,100
PLAB,2017-07-20,13:24:00,10.15,10.15,10.15,10.15,100
PLAB,2017-07-20,13:27:00,10.18,10.20,10.15,10.20,1802
PLAB,2017-07-20,13:29:00,10.20,10.20,10.20,10.20,200
PLAB,2017-07-20,13:31:00,10.15,10.15,10.15,10.15,100
PLAB,2017-07-20,13:33:00,10.20,10.20,10.20,10.20,223
PLAB,2017-07-20,13:34:00,10.20,10.22,10.20,10.22,7812
PLAB,2017-07-20,13:35:00,10.25,10.25,10.20,10.20,200
PLAB,2017-07-20,13:42:00,10.25,10.25,10.20,10.20,200
PLAB,2017-07-20,13:48:00,10.25,10.25,10.20,10.20,200
PLAB,2017-07-20,13:49:00,10.22,10.23,10.22,10.23,500
PLAB,2017-07-20,13:51:00,10.25,10.25,10.25,10.25,100
PLAB,2017-07-20,13:52:00,10.20,10.20,10.20,10.20,200
PLAB,2017-07-20,13:53:00,10.20,10.20,10.20,10.20,100
PLAB,2017-07-20,13:54:00,10.22,10.22,10.22,10.22,200
PLAB,2017-07-20,13:57:00,10.25,10.25,10.20,10.20,200
PLAB,2017-07-20,13:59:00,10.22,10.22,10.22,10.22,200
PLAB,2017-07-20,14:04:00,10.25,10.25,10.25,10.25,100
PLAB,2017-07-20,14:05:00,10.22,10.22,10.20,10.20,200
PLAB,2017-07-20,14:08:00,10.25,10.25,10.20,10.20,400
PLAB,2017-07-20,14:12:00,10.20,10.20,10.20,10.20,100
PLAB,2017-07-20,14:15:00,10.25,10.25,10.20,10.20,200
PLAB,2017-07-20,14:16:00,10.25,10.25,10.20,10.20,200
PLAB,2017-07-20,14:17:00,10.20,10.20,10.20,10.20,100
PLAB,2017-07-20,14:18:00,10.22,10.25,10.20,10.20,300
PLAB,2017-07-20,14:19:00,10.22,10.22,10.22,10.22,100
PLAB,2017-07-20,14:20:00,10.25,10.25,10.25,10.25,100
PLAB,2017-07-20,14:23:00,10.25,10.25,10.25,10.25,100
PLAB,2017-07-20,14:24:00,10.20,10.20,10.20,10.20,100
PLAB,2017-07-20,14:25:00,10.25,10.25,10.25,10.25,100
PLAB,2017-07-20,14:27:00,10.22,10.22,10.22,10.22,100
PLAB,2017-07-20,14:33:00,10.20,10.25,10.20,10.20,400
PLAB,2017-07-20,14:34:00,10.20,10.20,10.20,10.20,100
PLAB,2017-07-20,14:36:00,10.22,10.22,10.22,10.22,600
PLAB,2017-07-20,14:37:00,10.22,10.25,10.20,10.25,700
PLAB,2017-07-20,14:40:00,10.22,10.22,10.22,10.22,300
PLAB,2017-07-20,14:41:00,10.20,10.20,10.20,10.20,100
PLAB,2017-07-20,14:43:00,10.25,10.25,10.25,10.25,200
PLAB,2017-07-20,14:44:00,10.20,10.20,10.20,10.20,100
PLAB,2017-07-20,14:46:00,10.20,10.22,10.20,10.22,200
PLAB,2017-07-20,14:47:00,10.22,10.22,10.20,10.22,500
PLAB,2017-07-20,14:49:00,10.22,10.25,10.22,10.22,400
PLAB,2017-07-20,14:50:00,10.20,10.20,10.20,10.20,100
PLAB,2017-07-20,14:53:00,10.22,10.22,10.22,10.22,400
PLAB,2017-07-20,14:55:00,10.25,10.25,10.22,10.22,200
PLAB,2017-07-20,14:58:00,10.20,10.20,10.20,10.20,100
PLAB,2017-07-20,15:02:00,10.25,10.25,10.22,10.22,500
PLAB,2017-07-20,15:04:00,10.22,10.22,10.22,10.22,100
PLAB,2017-07-20,15:05:00,10.20,10.22,10.20,10.22,200
PLAB,2017-07-20,15:07:00,10.25,10.25,10.25,10.25,100
PLAB,2017-07-20,15:10:00,10.20,10.22,10.20,10.20,400
PLAB,2017-07-20,15:11:00,10.25,10.25,10.25,10.25,100
PLAB,2017-07-20,15:13:00,10.25,10.28,10.25,10.28,3484
PLAB,2017-07-20,15:14:00,10.28,10.28,10.28,10.28,300
PLAB,2017-07-20,15:15:00,10.25,10.25,10.25,10.25,100
PLAB,2017-07-20,15:16:00,10.28,10.30,10.25,10.25,600
PLAB,2017-07-20,15:19:00,10.30,10.30,10.28,10.29,550
PLAB,2017-07-20,15:20:00,10.25,10.25,10.25,10.25,100
PLAB,2017-07-20,15:21:00,10.25,10.25,10.25,10.25,1055
PLAB,2017-07-20,15:22:00,10.28,10.28,10.28,10.28,100
PLAB,2017-07-20,15:24:00,10.28,10.28,10.20,10.22,18441
PLAB,2017-07-20,15:25:00,10.25,10.25,10.25,10.25,200
PLAB,2017-07-20,15:26:00,10.25,10.25,10.22,10.22,300
PLAB,2017-07-20,15:27:00,10.25,10.25,10.25,10.25,300
PLAB,2017-07-20,15:28:00,10.25,10.25,10.25,10.25,2615
PLAB,2017-07-20,15:29:00,10.25,10.25,10.25,10.25,300
PLAB,2017-07-20,15:30:00,10.25,10.25,10.25,10.25,300
PLAB,2017-07-20,15:31:00,10.25,10.25,10.22,10.22,700
PLAB,2017-07-20,15:33:00,10.20,10.20,10.20,10.20,100
PLAB,2017-07-20,15:34:00,10.22,10.22,10.22,10.22,200
PLAB,2017-07-20,15:35:00,10.22,10.22,10.22,10.22,100
PLAB,2017-07-20,15:36:00,10.25,10.25,10.25,10.25,100
PLAB,2017-07-20,15:37:00,10.22,10.25,10.20,10.22,500
PLAB,2017-07-20,15:38:00,10.22,10.22,10.22,10.22,700
PLAB,2017-07-20,15:39:00,10.22,10.22,10.22,10.22,200
PLAB,2017-07-20,15:41:00,10.20,10.20,10.20,10.20,100
PLAB,2017-07-20,15:42:00,10.25,10.25,10.25,10.25,100
PLAB,2017-07-20,15:43:00,10.20,10.22,10.20,10.22,300
PLAB,2017-07-20,15:44:00,10.20,10.25,10.20,10.22,300
PLAB,2017-07-20,15:45:00,10.20,10.22,10.20,10.20,400
PLAB,2017-07-20,15:46:00,10.22,10.25,10.20,10.22,958
PLAB,2017-07-20,15:47:00,10.22,10.25,10.22,10.25,300
PLAB,2017-07-20,15:48:00,10.20,10.20,10.20,10.20,100
PLAB,2017-07-20,15:49:00,10.25,10.25,10.22,10.22,400
PLAB,2017-07-20,15:50:00,10.22,10.25,10.22,10.22,300
PLAB,2017-07-20,15:51:00,10.22,10.25,10.22,10.22,600
PLAB,2017-07-20,15:52:00,10.25,10.25,10.25,10.25,200
PLAB,2017-07-20,15:53:00,10.22,10.25,10.22,10.25,500
PLAB,2017-07-20,15:54:00,10.22,10.25,10.22,10.22,700
PLAB,2017-07-20,15:55:00,10.22,10.22,10.22,10.22,400
PLAB,2017-07-20,15:56:00,10.25,10.25,10.22,10.25,700
PLAB,2017-07-20,15:57:00,10.25,10.25,10.22,10.25,1200
PLAB,2017-07-20,15:58:00,10.25,10.25,10.22,10.22,900
PLAB,2017-07-20,15:59:00,10.25,10.25,10.22,10.25,1100
PLAB,2017-07-20,16:00:00,10.25,10.25,10.20,10.25,22177
PLAB,2017-07-21,09:30:00,10.30,10.30,10.30,10.30,35574
PLAB,2017-07-21,09:31:00,10.05,10.05,10.05,10.05,100
PLAB,2017-07-21,09:34:00,10.20,10.20,10.20,10.20,100
PLAB,2017-07-21,09:36:00,10.15,10.15,10.12,10.12,2136
PLAB,2017-07-21,09:37:00,10.10,10.10,10.10,10.10,1300
PLAB,2017-07-21,09:38:00,10.10,10.10,10.10,10.10,800
PLAB,2017-07-21,09:39:00,10.15,10.15,10.10,10.10,200
PLAB,2017-07-21,09:44:00,10.15,10.15,10.15,10.15,100
PLAB,2017-07-21,09:45:00,10.12,10.12,10.12,10.12,200
PLAB,2017-07-21,09:47:00,10.15,10.15,10.15,10.15,100
PLAB,2017-07-21,09:50:00,10.15,10.15,10.15,10.15,700
PLAB,2017-07-21,09:52:00,10.15,10.15,10.15,10.15,100
PLAB,2017-07-21,09:54:00,10.12,10.12,10.12,10.12,100
PLAB,2017-07-21,09:55:00,10.15,10.15,10.12,10.12,300
PLAB,2017-07-21,09:56:00,10.15,10.15,10.15,10.15,100
PLAB,2017-07-21,09:59:00,10.15,10.15,10.15,10.15,200
PLAB,2017-07-21,10:04:00,10.15,10.15,10.15,10.15,100
PLAB,2017-07-21,10:05:00,10.15,10.15,10.12,10.12,1356
PLAB,2017-07-21,10:06:00,10.15,10.15,10.15,10.15,100
PLAB,2017-07-21,10:07:00,10.15,10.20,10.15,10.18,909
PLAB,2017-07-21,10:08:00,10.15,10.15,10.12,10.12,4167
PLAB,2017-07-21,10:10:00,10.12,10.12,10.12,10.12,100
PLAB,2017-07-21,10:12:00,10.12,10.12,10.12,10.12,100
PLAB,2017-07-21,10:13:00,10.12,10.15,10.12,10.15,200
PLAB,2017-07-21,10:14:00,10.12,10.12,10.12,10.12,100
PLAB,2017-07-21,10:15:00,10.12,10.12,10.12,10.12,100
PLAB,2017-07-21,10:16:00,10.12,10.12,10.12,10.12,200
PLAB,2017-07-21,10:17:00,10.12,10.12,10.12,10.12,100
PLAB,2017-07-21,10:20:00,10.15,10.15,10.12,10.12,500
PLAB,2017-07-21,10:22:00,10.15,10.15,10.15,10.15,3173
PLAB,2017-07-21,10:23:00,10.15,10.18,10.15,10.18,389
PLAB,2017-07-21,10:24:00,10.15,10.18,10.15,10.18,200
PLAB,2017-07-21,10:26:00,10.20,10.20,10.15,10.15,3609
PLAB,2017-07-21,10:27:00,10.15,10.15,10.10,10.15,1877
PLAB,2017-07-21,10:28:00,10.15,10.15,10.15,10.15,100
PLAB,2017-07-21,10:29:00,10.12,10.15,10.12,10.12,600
PLAB,2017-07-21,10:32:00,10.12,10.12,10.12,10.12,200
PLAB,2017-07-21,10:35:00,10.12,10.12,10.12,10.12,100
PLAB,2017-07-21,10:36:00,10.15,10.15,10.12,10.15,3511
PLAB,2017-07-21,10:37:00,10.15,10.15,10.15,10.15,200
PLAB,2017-07-21,10:38:00,10.15,10.15,10.15,10.15,308
PLAB,2017-07-21,10:39:00,10.18,10.18,10.18,10.18,500
PLAB,2017-07-21,10:41:00,10.18,10.18,10.18,10.18,100
PLAB,2017-07-21,10:43:00,10.18,10.18,10.18,10.18,100
PLAB,2017-07-21,10:45:00,10.18,10.18,10.18,10.18,200
PLAB,2017-07-21,10:49:00,10.18,10.18,10.18,10.18,100
PLAB,2017-07-21,10:52:00,10.15,10.15,10.15,10.15,3801
PLAB,2017-07-21,10:53:00,10.15,10.15,10.12,10.12,200
PLAB,2017-07-21,10:56:00,10.12,10.12,10.12,10.12,200
PLAB,2017-07-21,10:58:00,10.15,10.15,10.10,10.10,200
PLAB,2017-07-21,11:00:00,10.10,10.10,10.10,10.10,100
PLAB,2017-07-21,11:01:00,10.15,10.15,10.15,10.15,100
PLAB,2017-07-21,11:05:00,10.10,10.15,10.10,10.15,309
PLAB,2017-07-21,11:06:00,10.10,10.10,10.10,10.10,187
PLAB,2017-07-21,11:07:00,10.10,10.12,10.07,10.07,4120
PLAB,2017-07-21,11:08:00,10.07,10.07,10.07,10.07,1089
PLAB,2017-07-21,11:09:00,10.10,10.10,10.07,10.07,200
PLAB,2017-07-21,11:10:00,10.07,10.10,10.07,10.10,200
PLAB,2017-07-21,11:11:00,10.07,10.07,10.07,10.07,100
PLAB,2017-07-21,11:12:00,10.10,10.10,10.10,10.10,100
PLAB,2017-07-21,11:13:00,10.07,10.07,10.07,10.07,420
PLAB,2017-07-21,11:17:00,10.10,10.10,10.10,10.10,100
PLAB,2017-07-21,11:20:00,10.10,10.10,10.10,10.10,100
PLAB,2017-07-21,11:24:00,10.10,10.10,10.10,10.10,100
PLAB,2017-07-21,11:26:00,10.10,10.10,10.10,10.10,100
PLAB,2017-07-21,11:27:00,10.10,10.10,10.10,10.10,100
PLAB,2017-07-21,11:29:00,10.07,10.07,10.07,10.07,100
PLAB,2017-07-21,11:31:00,10.10,10.10,10.10,10.10,100
PLAB,2017-07-21,11:32:00,10.07,10.07,10.07,10.07,817
PLAB,2017-07-21,11:33:00,10.10,10.10,10.10,10.10,100
PLAB,2017-07-21,11:34:00,10.10,10.10,10.10,10.10,100
PLAB,2017-07-21,11:37:00,10.07,10.07,10.07,10.07,100
PLAB,2017-07-21,11:38:00,10.10,10.10,10.10,10.10,100
PLAB,2017-07-21,11:39:00,10.10,10.12,10.10,10.12,4286
PLAB,2017-07-21,11:40:00,10.15,10.15,10.12,10.12,600
PLAB,2017-07-21,11:41:00,10.12,10.12,10.12,10.12,100
PLAB,2017-07-21,11:42:00,10.15,10.15,10.12,10.12,300
PLAB,2017-07-21,11:44:00,10.12,10.12,10.12,10.12,100
PLAB,2017-07-21,11:47:00,10.15,10.15,10.12,10.12,200
PLAB,2017-07-21,11:48:00,10.12,10.12,10.11,10.11,3847
PLAB,2017-07-21,11:49:00,10.12,10.12,10.10,10.10,1300
PLAB,2017-07-21,11:50:00,10.10,10.10,10.10,10.10,1000
PLAB,2017-07-21,11:51:00,10.15,10.15,10.10,10.10,500
PLAB,2017-07-21,11:54:00,10.10,10.15,10.10,10.15,200
PLAB,2017-07-21,11:56:00,10.15,10.15,10.10,10.10,200
PLAB,2017-07-21,11:57:00,10.10,10.10,10.05,10.05,11067
PLAB,2017-07-21,11:58:00,10.07,10.07,10.07,10.07,100
PLAB,2017-07-21,11:59:00,10.10,10.10,10.10,10.10,100
PLAB,2017-07-21,12:00:00,10.10,10.10,10.10,10.10,100
PLAB,2017-07-21,12:01:00,10.07,10.10,10.07,10.10,200
PLAB,2017-07-21,12:04:00,10.07,10.07,10.07,10.07,100
PLAB,2017-07-21,12:06:00,10.07,10.10,10.07,10.10,400
PLAB,2017-07-21,12:07:00,10.07,10.10,10.07,10.10,200
PLAB,2017-07-21,12:08:00,10.10,10.10,10.05,10.05,300
PLAB,2017-07-21,12:11:00,10.07,10.07,10.07,10.07,100
PLAB,2017-07-21,12:13:00,10.07,10.07,10.07,10.07,100
PLAB,2017-07-21,12:14:00,10.07,10.07,10.07,10.07,100
PLAB,2017-07-21,12:15:00,10.10,10.10,10.05,10.05,200
PLAB,2017-07-21,12:16:00,10.10,10.10,10.10,10.10,100
PLAB,2017-07-21,12:17:00,10.10,10.10,10.10,10.10,100
PLAB,2017-07-21,12:18:00,10.07,10.07,10.07,10.07,300
PLAB,2017-07-21,12:22:00,10.10,10.10,10.07,10.07,200
PLAB,2017-07-21,12:24:00,10.10,10.10,10.10,10.10,100
PLAB,2017-07-21,12:25:00,10.07,10.07,10.07,10.07,100
PLAB,2017-07-21,12:26:00,10.07,10.07,10.07,10.07,200
PLAB,2017-07-21,12:28:00,10.10,10.10,10.10,10.10,200
PLAB,2017-07-21,12:29:00,10.10,10.10,10.10,10.10,100
PLAB,2017-07-21,12:31:00,10.10,10.10,10.10,10.10,100
PLAB,2017-07-21,12:32:00,10.10,10.10,10.10,10.10,100
PLAB,2017-07-21,12:34:00,10.10,10.10,10.10,10.10,100
PLAB,2017-07-21,12:36:00,10.10,10.10,10.10,10.10,100
PLAB,2017-07-21,12:37:00,10.10,10.10,10.10,10.10,200
PLAB,2017-07-21,12:40:00,10.10,10.10,10.10,10.10,200
PLAB,2017-07-21,12:41:00,10.10,10.10,10.10,10.10,100
PLAB,2017-07-21,12:42:00,10.10,10.10,10.10,10.10,100
PLAB,2017-07-21,12:44:00,10.10,10.10,10.10,10.10,100
PLAB,2017-07-21,12:49:00,10.10,10.10,10.10,10.10,200
PLAB,2017-07-21,12:56:00,10.10,10.10,10.07,10.07,200
PLAB,2017-07-21,12:57:00,10.10,10.10,10.10,10.10,100
PLAB,2017-07-21,13:02:00,10.07,10.10,10.07,10.10,200
PLAB,2017-07-21,13:03:00,10.10,10.10,10.10,10.10,289
PLAB,2017-07-21,13:04:00,10.10,10.10,10.10,10.10,100
PLAB,2017-07-21,13:06:00,10.10,10.10,10.07,10.07,200
PLAB,2017-07-21,13:09:00,10.10,10.10,10.10,10.10,100
PLAB,2017-07-21,13:10:00,10.10,10.10,10.10,10.10,100
PLAB,2017-07-21,13:13:00,10.05,10.05,10.05,10.05,385
PLAB,2017-07-21,13:14:00,10.10,10.10,10.10,10.10,100
PLAB,2017-07-21,13:15:00,10.07,10.07,10.07,10.07,300
PLAB,2017-07-21,13:16:00,10.07,10.10,10.07,10.07,300
PLAB,2017-07-21,13:17:00,10.07,10.10,10.07,10.07,300
PLAB,2017-07-21,13:18:00,10.07,10.07,10.07,10.07,100
PLAB,2017-07-21,13:20:00,10.07,10.07,10.07,10.07,100
PLAB,2017-07-21,13:22:00,10.10,10.10,10.10,10.10,200
PLAB,2017-07-21,13:24:00,10.10,10.10,10.10,10.10,100
PLAB,2017-07-21,13:27:00,10.07,10.07,10.07,10.07,100
PLAB,2017-07-21,13:30:00,10.10,10.10,10.10,10.10,100
PLAB,2017-07-21,13:31:00,10.10,10.10,10.10,10.10,100
PLAB,2017-07-21,13:32:00,10.07,10.07,10.05,10.05,200
PLAB,2017-07-21,13:33:00,10.07,10.07,10.07,10.07,100
PLAB,2017-07-21,13:36:00,10.07,10.07,10.07,10.07,100
PLAB,2017-07-21,13:37:00,10.05,10.07,10.05,10.07,800
PLAB,2017-07-21,13:38:00,10.10,10.10,10.07,10.07,300
PLAB,2017-07-21,13:41:00,10.07,10.07,10.07,10.07,300
PLAB,2017-07-21,13:43:00,10.07,10.10,10.07,10.10,200
PLAB,2017-07-21,13:45:00,10.10,10.10,10.10,10.10,100
PLAB,2017-07-21,13:46:00,10.10,10.10,10.07,10.07,300
PLAB,2017-07-21,13:48:00,10.07,10.07,10.07,10.07,1000
PLAB,2017-07-21,13:49:00,10.10,10.10,10.10,10.10,100
PLAB,2017-07-21,13:51:00,10.10,10.10,10.10,10.10,100
PLAB,2017-07-21,13:52:00,10.10,10.10,10.10,10.10,200
PLAB,2017-07-21,13:53:00,10.07,10.07,10.07,10.07,200
PLAB,2017-07-21,13:54:00,10.10,10.10,10.10,10.10,100
PLAB,2017-07-21,13:55:00,10.10,10.10,10.10,10.10,100
PLAB,2017-07-21,13:58:00,10.10,10.10,10.10,10.10,400
PLAB,2017-07-21,14:02:00,10.10,10.10,10.10,10.10,300
PLAB,2017-07-21,14:05:00,10.10,10.10,10.07,10.07,200
PLAB,2017-07-21,14:08:00,10.10,10.10,10.10,10.10,100
PLAB,2017-07-21,14:10:00,10.10,10.10,10.10,10.10,100
PLAB,2017-07-21,14:12:00,10.07,10.10,10.07,10.10,200
PLAB,2017-07-21,14:13:00,10.10,10.10,10.07,10.07,400
PLAB,2017-07-21,14:14:00,10.07,10.07,10.07,10.07,100
PLAB,2017-07-21,14:15:00,10.05,10.05,10.05,10.05,100
PLAB,2017-07-21,14:16:00,10.10,10.10,10.10,10.10,100
PLAB,2017-07-21,14:18:00,10.07,10.10,10.07,10.07,300
PLAB,2017-07-21,14:19:00,10.10,10.10,10.07,10.10,300
PLAB,2017-07-21,14:20:00,10.07,10.07,10.07,10.07,100
PLAB,2017-07-21,14:22:00,10.10,10.10,10.07,10.07,200
PLAB,2017-07-21,14:23:00,10.10,10.10,10.10,10.10,100
PLAB,2017-07-21,14:25:00,10.10,10.10,10.07,10.10,400
PLAB,2017-07-21,14:26:00,10.10,10.10,10.07,10.07,200
PLAB,2017-07-21,14:30:00,10.07,10.07,10.07,10.07,100
PLAB,2017-07-21,14:32:00,10.10,10.10,10.10,10.10,100
PLAB,2017-07-21,14:33:00,10.07,10.10,10.07,10.07,300
PLAB,2017-07-21,14:34:00,10.10,10.10,10.07,10.07,200
PLAB,2017-07-21,14:36:00,10.10,10.10,10.07,10.07,400
PLAB,2017-07-21,14:39:00,10.10,10.10,10.10,10.10,200
PLAB,2017-07-21,14:42:00,10.10,10.10,10.10,10.10,300
PLAB,2017-07-21,14:43:00,10.07,10.10,10.07,10.10,200
PLAB,2017-07-21,14:45:00,10.10,10.10,10.10,10.10,100
PLAB,2017-07-21,14:47:00,10.10,10.10,10.10,10.10,100
PLAB,2017-07-21,14:50:00,10.10,10.10,10.10,10.10,100
PLAB,2017-07-21,14:51:00,10.07,10.07,10.07,10.07,100
PLAB,2017-07-21,14:53:00,10.10,10.10,10.10,10.10,200
PLAB,2017-07-21,14:57:00,10.10,10.10,10.10,10.10,100
PLAB,2017-07-21,14:58:00,10.10,10.10,10.10,10.10,100
PLAB,2017-07-21,14:59:00,10.10,10.10,10.10,10.10,100
PLAB,2017-07-21,15:00:00,10.10,10.10,10.10,10.10,100
PLAB,2017-07-21,15:02:00,10.10,10.10,10.10,10.10,100
PLAB,2017-07-21,15:04:00,10.10,10.10,10.10,10.10,100
PLAB,2017-07-21,15:06:00,10.10,10.10,10.10,10.10,100
PLAB,2017-07-21,15:07:00,10.10,10.10,10.10,10.10,100
PLAB,2017-07-21,15:08:00,10.10,10.10,10.10,10.10,100
PLAB,2017-07-21,15:09:00,10.07,10.10,10.07,10.10,200
PLAB,2017-07-21,15:10:00,10.10,10.10,10.10,10.10,100
PLAB,2017-07-21,15:11:00,10.10,10.10,10.10,10.10,100
PLAB,2017-07-21,15:13:00,10.10,10.10,10.10,10.10,100
PLAB,2017-07-21,15:14:00,10.10,10.10,10.10,10.10,300
PLAB,2017-07-21,15:16:00,10.10,10.10,10.10,10.10,100
PLAB,2017-07-21,15:17:00,10.07,10.07,10.07,10.07,300
PLAB,2017-07-21,15:18:00,10.07,10.07,10.07,10.07,100
PLAB,2017-07-21,15:19:00,10.10,10.10,10.10,10.10,100
PLAB,2017-07-21,15:21:00,10.10,10.10,10.10,10.10,500
PLAB,2017-07-21,15:22:00,10.10,10.10,10.10,10.10,200
PLAB,2017-07-21,15:26:00,10.10,10.10,10.10,10.10,300
PLAB,2017-07-21,15:27:00,10.07,10.10,10.07,10.10,1136
PLAB,2017-07-21,15:28:00,10.07,10.10,10.07,10.10,400
PLAB,2017-07-21,15:30:00,10.10,10.10,10.10,10.10,100
PLAB,2017-07-21,15:31:00,10.10,10.10,10.10,10.10,100
PLAB,2017-07-21,15:32:00,10.10,10.10,10.10,10.10,100
PLAB,2017-07-21,15:33:00,10.10,10.10,10.10,10.10,100
PLAB,2017-07-21,15:34:00,10.10,10.10,10.07,10.10,300
PLAB,2017-07-21,15:35:00,10.10,10.10,10.10,10.10,100
PLAB,2017-07-21,15:36:00,10.07,10.07,10.07,10.07,100
PLAB,2017-07-21,15:37:00,10.07,10.07,10.07,10.07,300
PLAB,2017-07-21,15:38:00,10.10,10.10,10.10,10.10,727
PLAB,2017-07-21,15:39:00,10.07,10.07,10.07,10.07,100
PLAB,2017-07-21,15:40:00,10.07,10.10,10.07,10.10,200
PLAB,2017-07-21,15:41:00,10.07,10.07,10.07,10.07,200
PLAB,2017-07-21,15:42:00,10.10,10.10,10.10,10.10,100
PLAB,2017-07-21,15:43:00,10.10,10.10,10.07,10.07,400
PLAB,2017-07-21,15:44:00,10.07,10.07,10.07,10.07,100
PLAB,2017-07-21,15:45:00,10.10,10.10,10.07,10.10,734
PLAB,2017-07-21,15:46:00,10.10,10.10,10.10,10.10,100
PLAB,2017-07-21,15:47:00,10.10,10.10,10.07,10.10,733
PLAB,2017-07-21,15:48:00,10.10,10.10,10.10,10.10,300
PLAB,2017-07-21,15:49:00,10.10,10.10,10.05,10.10,935
PLAB,2017-07-21,15:50:00,10.07,10.15,10.05,10.15,12757
PLAB,2017-07-21,15:51:00,10.12,10.15,10.12,10.12,1592
PLAB,2017-07-21,15:52:00,10.12,10.12,10.12,10.12,100
PLAB,2017-07-21,15:53:00,10.15,10.15,10.12,10.12,300
PLAB,2017-07-21,15:54:00,10.15,10.15,10.10,10.10,1200
PLAB,2017-07-21,15:55:00,10.15,10.15,10.12,10.12,500
PLAB,2017-07-21,15:56:00,10.12,10.15,10.10,10.15,2000
PLAB,2017-07-21,15:57:00,10.15,10.15,10.12,10.15,600
PLAB,2017-07-21,15:58:00,10.15,10.15,10.10,10.12,1100
PLAB,2017-07-21,15:59:00,10.15,10.15,10.12,10.15,900
PLAB,2017-07-21,16:00:00,10.12,10.15,10.10,10.15,39507
