UUUU,2017-07-18,09:30:00,1.76,1.77,1.75,1.75,16538
UUUU,2017-07-18,09:31:00,1.78,1.78,1.77,1.77,1800
UUUU,2017-07-18,09:32:00,1.77,1.78,1.76,1.76,2000
UUUU,2017-07-18,09:33:00,1.76,1.77,1.76,1.77,1800
UUUU,2017-07-18,09:34:00,1.77,1.77,1.76,1.76,600
UUUU,2017-07-18,09:35:00,1.76,1.76,1.74,1.74,800
UUUU,2017-07-18,09:36:00,1.74,1.74,1.74,1.74,300
UUUU,2017-07-18,09:37:00,1.75,1.75,1.74,1.74,1381
UUUU,2017-07-18,09:38:00,1.74,1.74,1.74,1.74,1350
UUUU,2017-07-18,09:40:00,1.74,1.74,1.74,1.74,100
UUUU,2017-07-18,09:42:00,1.75,1.75,1.75,1.75,5399
UUUU,2017-07-18,09:46:00,1.75,1.75,1.75,1.75,100
UUUU,2017-07-18,09:52:00,1.75,1.75,1.74,1.74,2000
UUUU,2017-07-18,09:53:00,1.74,1.75,1.74,1.75,1000
UUUU,2017-07-18,09:54:00,1.76,1.76,1.75,1.75,2900
UUUU,2017-07-18,09:55:00,1.75,1.75,1.75,1.75,100
UUUU,2017-07-18,09:56:00,1.75,1.75,1.75,1.75,16600
UUUU,2017-07-18,09:57:00,1.75,1.75,1.74,1.75,3711
UUUU,2017-07-18,09:59:00,1.74,1.74,1.74,1.74,2100
UUUU,2017-07-18,10:00:00,1.73,1.73,1.73,1.73,900
UUUU,2017-07-18,10:01:00,1.73,1.73,1.72,1.72,4480
UUUU,2017-07-18,10:02:00,1.72,1.72,1.72,1.72,1550
UUUU,2017-07-18,10:03:00,1.73,1.73,1.73,1.73,1388
UUUU,2017-07-18,10:04:00,1.72,1.72,1.72,1.72,1120
UUUU,2017-07-18,10:05:00,1.72,1.72,1.72,1.72,1082
UUUU,2017-07-18,10:08:00,1.73,1.73,1.73,1.73,900
UUUU,2017-07-18,10:10:00,1.74,1.74,1.74,1.74,2500
UUUU,2017-07-18,10:13:00,1.73,1.73,1.73,1.73,200
UUUU,2017-07-18,10:15:00,1.73,1.73,1.73,1.73,800
UUUU,2017-07-18,10:16:00,1.74,1.74,1.74,1.74,1000
UUUU,2017-07-18,10:19:00,1.74,1.74,1.74,1.74,100
UUUU,2017-07-18,10:25:00,1.74,1.74,1.72,1.74,6870
UUUU,2017-07-18,10:35:00,1.73,1.73,1.72,1.72,1100
UUUU,2017-07-18,10:38:00,1.73,1.73,1.73,1.73,1000
UUUU,2017-07-18,10:41:00,1.73,1.73,1.73,1.73,1196
UUUU,2017-07-18,10:42:00,1.71,1.73,1.71,1.73,300
UUUU,2017-07-18,10:45:00,1.71,1.71,1.71,1.71,200
UUUU,2017-07-18,10:46:00,1.72,1.72,1.72,1.72,100
UUUU,2017-07-18,10:48:00,1.72,1.72,1.70,1.70,9500
UUUU,2017-07-18,10:49:00,1.71,1.71,1.71,1.71,1200
UUUU,2017-07-18,10:50:00,1.72,1.72,1.72,1.72,650
UUUU,2017-07-18,10:54:00,1.71,1.72,1.71,1.71,2520
UUUU,2017-07-18,10:55:00,1.71,1.71,1.71,1.71,200
UUUU,2017-07-18,10:56:00,1.71,1.71,1.70,1.70,3300
UUUU,2017-07-18,10:58:00,1.70,1.71,1.70,1.71,530
UUUU,2017-07-18,11:00:00,1.70,1.71,1.68,1.68,27606
UUUU,2017-07-18,11:01:00,1.68,1.69,1.68,1.69,5537
UUUU,2017-07-18,11:02:00,1.69,1.69,1.69,1.69,500
UUUU,2017-07-18,11:03:00,1.69,1.69,1.69,1.69,1500
UUUU,2017-07-18,11:04:00,1.69,1.69,1.69,1.69,238
UUUU,2017-07-18,11:05:00,1.70,1.70,1.70,1.70,3000
UUUU,2017-07-18,11:10:00,1.69,1.69,1.69,1.69,2500
UUUU,2017-07-18,11:11:00,1.69,1.69,1.69,1.69,1500
UUUU,2017-07-18,11:15:00,1.69,1.69,1.69,1.69,1250
UUUU,2017-07-18,11:16:00,1.70,1.70,1.70,1.70,300
UUUU,2017-07-18,11:17:00,1.70,1.70,1.70,1.70,1500
UUUU,2017-07-18,11:19:00,1.69,1.69,1.69,1.69,100
UUUU,2017-07-18,11:20:00,1.70,1.70,1.69,1.69,1290
UUUU,2017-07-18,11:22:00,1.69,1.69,1.69,1.69,700
UUUU,2017-07-18,11:23:00,1.68,1.69,1.68,1.69,19798
UUUU,2017-07-18,11:24:00,1.68,1.68,1.67,1.67,2352
UUUU,2017-07-18,11:26:00,1.69,1.69,1.68,1.68,2200
UUUU,2017-07-18,11:28:00,1.68,1.68,1.68,1.68,100
UUUU,2017-07-18,11:29:00,1.69,1.69,1.68,1.68,200
UUUU,2017-07-18,11:30:00,1.69,1.70,1.69,1.70,1367
UUUU,2017-07-18,11:32:00,1.70,1.70,1.70,1.70,1300
UUUU,2017-07-18,11:35:00,1.70,1.70,1.70,1.70,100
UUUU,2017-07-18,11:44:00,1.69,1.70,1.69,1.70,200
UUUU,2017-07-18,11:48:00,1.69,1.69,1.69,1.69,200
UUUU,2017-07-18,11:51:00,1.70,1.70,1.70,1.70,125
UUUU,2017-07-18,11:52:00,1.70,1.70,1.70,1.70,500
UUUU,2017-07-18,11:57:00,1.70,1.70,1.70,1.70,500
UUUU,2017-07-18,12:17:00,1.69,1.69,1.69,1.69,4800
UUUU,2017-07-18,12:18:00,1.70,1.70,1.70,1.70,200
UUUU,2017-07-18,12:21:00,1.70,1.71,1.70,1.71,1567
UUUU,2017-07-18,12:30:00,1.72,1.72,1.71,1.71,5700
UUUU,2017-07-18,12:34:00,1.71,1.72,1.71,1.72,1944
UUUU,2017-07-18,12:42:00,1.73,1.73,1.73,1.73,100
UUUU,2017-07-18,12:44:00,1.73,1.73,1.73,1.73,200
UUUU,2017-07-18,12:45:00,1.73,1.73,1.73,1.73,1100
UUUU,2017-07-18,12:46:00,1.73,1.73,1.73,1.73,400
UUUU,2017-07-18,12:47:00,1.73,1.73,1.73,1.73,100
UUUU,2017-07-18,12:50:00,1.73,1.73,1.73,1.73,4100
UUUU,2017-07-18,12:51:00,1.74,1.74,1.73,1.73,1100
UUUU,2017-07-18,12:52:00,1.72,1.72,1.72,1.72,150
UUUU,2017-07-18,12:57:00,1.72,1.72,1.72,1.72,1200
UUUU,2017-07-18,12:58:00,1.72,1.72,1.72,1.72,1100
UUUU,2017-07-18,12:59:00,1.73,1.73,1.73,1.73,600
UUUU,2017-07-18,13:04:00,1.72,1.73,1.72,1.73,200
UUUU,2017-07-18,13:18:00,1.73,1.73,1.73,1.73,500
UUUU,2017-07-18,13:24:00,1.73,1.73,1.73,1.73,1095
UUUU,2017-07-18,13:27:00,1.73,1.73,1.73,1.73,100
UUUU,2017-07-18,13:32:00,1.73,1.74,1.73,1.74,600
UUUU,2017-07-18,13:33:00,1.74,1.74,1.74,1.74,1000
UUUU,2017-07-18,13:34:00,1.73,1.74,1.73,1.74,6200
UUUU,2017-07-18,13:35:00,1.73,1.74,1.73,1.74,1000
UUUU,2017-07-18,13:44:00,1.73,1.74,1.73,1.74,775
UUUU,2017-07-18,13:45:00,1.74,1.74,1.74,1.74,100
UUUU,2017-07-18,13:47:00,1.73,1.74,1.73,1.73,700
UUUU,2017-07-18,13:50:00,1.74,1.74,1.74,1.74,100
UUUU,2017-07-18,13:56:00,1.73,1.73,1.73,1.73,200
UUUU,2017-07-18,14:01:00,1.73,1.74,1.73,1.73,700
UUUU,2017-07-18,14:10:00,1.73,1.73,1.73,1.73,230
UUUU,2017-07-18,14:13:00,1.73,1.73,1.73,1.73,590
UUUU,2017-07-18,14:16:00,1.73,1.73,1.73,1.73,1500
UUUU,2017-07-18,14:18:00,1.73,1.74,1.73,1.73,4444
UUUU,2017-07-18,14:23:00,1.73,1.73,1.73,1.73,2000
UUUU,2017-07-18,14:25:00,1.73,1.74,1.72,1.72,6756
UUUU,2017-07-18,14:27:00,1.72,1.72,1.72,1.72,200
UUUU,2017-07-18,14:32:00,1.74,1.74,1.74,1.74,900
UUUU,2017-07-18,14:34:00,1.74,1.74,1.74,1.74,700
UUUU,2017-07-18,14:36:00,1.73,1.74,1.73,1.73,800
UUUU,2017-07-18,14:37:00,1.74,1.74,1.74,1.74,3900
UUUU,2017-07-18,14:38:00,1.73,1.73,1.73,1.73,100
UUUU,2017-07-18,14:45:00,1.72,1.72,1.72,1.72,500
UUUU,2017-07-18,14:48:00,1.72,1.72,1.72,1.72,500
UUUU,2017-07-18,14:49:00,1.72,1.72,1.72,1.72,500
UUUU,2017-07-18,14:51:00,1.73,1.73,1.73,1.73,200
UUUU,2017-07-18,14:53:00,1.73,1.73,1.73,1.73,100
UUUU,2017-07-18,14:54:00,1.73,1.73,1.73,1.73,100
UUUU,2017-07-18,15:00:00,1.73,1.74,1.71,1.71,13578
UUUU,2017-07-18,15:01:00,1.71,1.71,1.71,1.71,300
UUUU,2017-07-18,15:03:00,1.71,1.71,1.71,1.71,100
UUUU,2017-07-18,15:14:00,1.71,1.71,1.71,1.71,100
UUUU,2017-07-18,15:20:00,1.71,1.71,1.71,1.71,500
UUUU,2017-07-18,15:25:00,1.71,1.71,1.71,1.71,200
UUUU,2017-07-18,15:26:00,1.71,1.71,1.71,1.71,1100
UUUU,2017-07-18,15:27:00,1.72,1.72,1.71,1.71,1717
UUUU,2017-07-18,15:28:00,1.71,1.72,1.71,1.72,500
UUUU,2017-07-18,15:30:00,1.72,1.72,1.72,1.72,200
UUUU,2017-07-18,15:37:00,1.71,1.72,1.71,1.72,200
UUUU,2017-07-18,15:41:00,1.72,1.73,1.72,1.72,700
UUUU,2017-07-18,15:42:00,1.73,1.74,1.72,1.72,600
UUUU,2017-07-18,15:43:00,1.72,1.72,1.72,1.72,160
UUUU,2017-07-18,15:45:00,1.73,1.73,1.72,1.72,2400
UUUU,2017-07-18,15:46:00,1.73,1.73,1.72,1.72,300
UUUU,2017-07-18,15:49:00,1.72,1.72,1.72,1.72,100
UUUU,2017-07-18,15:51:00,1.71,1.72,1.71,1.72,700
UUUU,2017-07-18,15:53:00,1.73,1.73,1.73,1.73,125
UUUU,2017-07-18,15:59:00,1.74,1.74,1.73,1.74,1400
UUUU,2017-07-18,16:00:00,1.73,1.73,1.73,1.73,150
UUUU,2017-07-19,09:30:00,1.74,1.74,1.74,1.74,5542
UUUU,2017-07-19,09:31:00,1.75,1.75,1.74,1.74,1500
UUUU,2017-07-19,09:34:00,1.75,1.75,1.75,1.75,1000
UUUU,2017-07-19,09:36:00,1.74,1.74,1.74,1.74,2800
UUUU,2017-07-19,09:45:00,1.74,1.74,1.74,1.74,1000
UUUU,2017-07-19,09:48:00,1.74,1.74,1.74,1.74,400
UUUU,2017-07-19,09:49:00,1.74,1.74,1.74,1.74,150
UUUU,2017-07-19,09:50:00,1.75,1.75,1.74,1.74,5400
UUUU,2017-07-19,09:51:00,1.75,1.75,1.74,1.74,2076
UUUU,2017-07-19,09:52:00,1.74,1.74,1.74,1.74,125
UUUU,2017-07-19,09:53:00,1.75,1.75,1.75,1.75,250
UUUU,2017-07-19,09:56:00,1.75,1.75,1.74,1.74,11524
UUUU,2017-07-19,10:00:00,1.74,1.74,1.74,1.74,7200
UUUU,2017-07-19,10:02:00,1.75,1.77,1.74,1.76,5353
UUUU,2017-07-19,10:04:00,1.76,1.76,1.75,1.76,12070
UUUU,2017-07-19,10:08:00,1.77,1.80,1.77,1.79,29900
UUUU,2017-07-19,10:09:00,1.80,1.80,1.77,1.79,16550
UUUU,2017-07-19,10:10:00,1.77,1.77,1.77,1.77,2600
UUUU,2017-07-19,10:11:00,1.77,1.77,1.77,1.77,114
UUUU,2017-07-19,10:12:00,1.77,1.77,1.77,1.77,650
UUUU,2017-07-19,10:15:00,1.78,1.78,1.77,1.77,1443
UUUU,2017-07-19,10:18:00,1.78,1.79,1.78,1.79,5686
UUUU,2017-07-19,10:21:00,1.79,1.79,1.77,1.77,6100
UUUU,2017-07-19,10:24:00,1.77,1.77,1.76,1.77,7800
UUUU,2017-07-19,10:26:00,1.76,1.76,1.76,1.76,5300
UUUU,2017-07-19,10:27:00,1.76,1.76,1.76,1.76,600
UUUU,2017-07-19,10:30:00,1.78,1.78,1.78,1.78,1400
UUUU,2017-07-19,10:32:00,1.76,1.76,1.76,1.76,500
UUUU,2017-07-19,10:36:00,1.78,1.78,1.78,1.78,319
UUUU,2017-07-19,10:37:00,1.78,1.78,1.78,1.78,100
UUUU,2017-07-19,10:41:00,1.76,1.76,1.76,1.76,1700
UUUU,2017-07-19,10:43:00,1.76,1.76,1.76,1.76,2000
UUUU,2017-07-19,10:44:00,1.76,1.76,1.76,1.76,448
UUUU,2017-07-19,10:45:00,1.77,1.77,1.77,1.77,300
UUUU,2017-07-19,10:46:00,1.78,1.78,1.78,1.78,100
UUUU,2017-07-19,10:47:00,1.77,1.77,1.77,1.77,200
UUUU,2017-07-19,10:48:00,1.77,1.77,1.77,1.77,1000
UUUU,2017-07-19,10:51:00,1.77,1.77,1.76,1.76,17285
UUUU,2017-07-19,10:55:00,1.78,1.78,1.78,1.78,2325
UUUU,2017-07-19,10:57:00,1.76,1.76,1.76,1.76,100
UUUU,2017-07-19,10:59:00,1.76,1.77,1.76,1.77,200
UUUU,2017-07-19,11:03:00,1.77,1.78,1.77,1.78,5300
UUUU,2017-07-19,11:05:00,1.78,1.78,1.77,1.78,1700
UUUU,2017-07-19,11:08:00,1.78,1.78,1.77,1.78,2736
UUUU,2017-07-19,11:13:00,1.79,1.79,1.79,1.79,100
UUUU,2017-07-19,11:16:00,1.78,1.78,1.78,1.78,100
UUUU,2017-07-19,11:18:00,1.79,1.79,1.79,1.79,100
UUUU,2017-07-19,11:19:00,1.78,1.79,1.78,1.78,5200
UUUU,2017-07-19,11:20:00,1.79,1.79,1.79,1.79,100
UUUU,2017-07-19,11:25:00,1.78,1.78,1.78,1.78,100
UUUU,2017-07-19,11:27:00,1.78,1.78,1.78,1.78,100
UUUU,2017-07-19,11:32:00,1.78,1.78,1.78,1.78,100
UUUU,2017-07-19,11:36:00,1.79,1.79,1.78,1.79,2398
UUUU,2017-07-19,11:41:00,1.78,1.79,1.78,1.78,1912
UUUU,2017-07-19,11:42:00,1.78,1.79,1.78,1.78,26000
UUUU,2017-07-19,11:43:00,1.78,1.79,1.78,1.79,2200
UUUU,2017-07-19,11:44:00,1.78,1.79,1.78,1.79,2842
UUUU,2017-07-19,11:47:00,1.79,1.79,1.78,1.78,400
UUUU,2017-07-19,11:50:00,1.79,1.79,1.79,1.79,295
UUUU,2017-07-19,11:51:00,1.79,1.80,1.79,1.79,3700
UUUU,2017-07-19,11:52:00,1.79,1.79,1.79,1.79,2000
UUUU,2017-07-19,11:56:00,1.80,1.80,1.80,1.80,100
UUUU,2017-07-19,11:57:00,1.80,1.80,1.79,1.79,4800
UUUU,2017-07-19,11:58:00,1.79,1.80,1.79,1.80,2100
UUUU,2017-07-19,11:59:00,1.79,1.81,1.79,1.81,11606
UUUU,2017-07-19,12:00:00,1.82,1.82,1.81,1.82,13950
UUUU,2017-07-19,12:02:00,1.81,1.82,1.81,1.82,8000
UUUU,2017-07-19,12:03:00,1.82,1.82,1.82,1.82,18596
UUUU,2017-07-19,12:04:00,1.83,1.83,1.83,1.83,1100
UUUU,2017-07-19,12:05:00,1.83,1.83,1.83,1.83,2200
UUUU,2017-07-19,12:06:00,1.82,1.82,1.82,1.82,1764
UUUU,2017-07-19,12:07:00,1.82,1.82,1.82,1.82,200
UUUU,2017-07-19,12:08:00,1.83,1.83,1.83,1.83,300
UUUU,2017-07-19,12:09:00,1.83,1.83,1.83,1.83,3000
UUUU,2017-07-19,12:10:00,1.83,1.83,1.83,1.83,100
UUUU,2017-07-19,12:11:00,1.82,1.82,1.82,1.82,3000
UUUU,2017-07-19,12:13:00,1.82,1.83,1.82,1.83,2100
UUUU,2017-07-19,12:14:00,1.82,1.82,1.82,1.82,100
UUUU,2017-07-19,12:15:00,1.83,1.83,1.83,1.83,100
UUUU,2017-07-19,12:18:00,1.83,1.83,1.83,1.83,100
UUUU,2017-07-19,12:19:00,1.82,1.82,1.82,1.82,104
UUUU,2017-07-19,12:20:00,1.83,1.83,1.82,1.82,2022
UUUU,2017-07-19,12:21:00,1.82,1.83,1.82,1.83,2650
UUUU,2017-07-19,12:23:00,1.83,1.83,1.82,1.82,2600
UUUU,2017-07-19,12:27:00,1.83,1.83,1.83,1.83,100
UUUU,2017-07-19,12:32:00,1.83,1.83,1.82,1.82,600
UUUU,2017-07-19,12:35:00,1.82,1.83,1.82,1.83,1560
UUUU,2017-07-19,12:37:00,1.83,1.83,1.82,1.82,5100
UUUU,2017-07-19,12:40:00,1.83,1.83,1.83,1.83,100
UUUU,2017-07-19,12:42:00,1.82,1.82,1.82,1.82,100
UUUU,2017-07-19,12:43:00,1.82,1.82,1.82,1.82,700
UUUU,2017-07-19,12:45:00,1.82,1.82,1.82,1.82,500
UUUU,2017-07-19,12:46:00,1.82,1.82,1.82,1.82,400
UUUU,2017-07-19,12:47:00,1.82,1.82,1.82,1.82,10000
UUUU,2017-07-19,12:51:00,1.83,1.83,1.82,1.83,14980
UUUU,2017-07-19,12:52:00,1.84,1.84,1.83,1.83,1300
UUUU,2017-07-19,12:53:00,1.83,1.83,1.83,1.83,800
UUUU,2017-07-19,12:55:00,1.84,1.84,1.83,1.83,2900
UUUU,2017-07-19,12:57:00,1.83,1.84,1.83,1.84,1900
UUUU,2017-07-19,12:58:00,1.83,1.83,1.83,1.83,200
UUUU,2017-07-19,12:59:00,1.84,1.84,1.84,1.84,6300
UUUU,2017-07-19,13:01:00,1.84,1.84,1.83,1.83,1400
UUUU,2017-07-19,13:02:00,1.83,1.83,1.83,1.83,100
UUUU,2017-07-19,13:03:00,1.84,1.84,1.83,1.84,14599
UUUU,2017-07-19,13:04:00,1.85,1.85,1.84,1.84,2604
UUUU,2017-07-19,13:06:00,1.85,1.86,1.84,1.84,4040
UUUU,2017-07-19,13:07:00,1.86,1.86,1.85,1.86,2112
UUUU,2017-07-19,13:08:00,1.86,1.86,1.86,1.86,100
UUUU,2017-07-19,13:10:00,1.86,1.86,1.86,1.86,100
UUUU,2017-07-19,13:13:00,1.85,1.85,1.85,1.85,3100
UUUU,2017-07-19,13:14:00,1.85,1.85,1.85,1.85,1196
UUUU,2017-07-19,13:15:00,1.86,1.86,1.85,1.85,735
UUUU,2017-07-19,13:16:00,1.84,1.84,1.84,1.84,2900
UUUU,2017-07-19,13:19:00,1.85,1.85,1.85,1.85,8000
UUUU,2017-07-19,13:26:00,1.85,1.85,1.85,1.85,500
UUUU,2017-07-19,13:28:00,1.86,1.86,1.86,1.86,100
UUUU,2017-07-19,13:29:00,1.85,1.86,1.85,1.85,3500
UUUU,2017-07-19,13:30:00,1.86,1.86,1.86,1.86,300
UUUU,2017-07-19,13:31:00,1.85,1.85,1.85,1.85,100
UUUU,2017-07-19,13:32:00,1.85,1.85,1.85,1.85,1012
UUUU,2017-07-19,13:37:00,1.86,1.86,1.86,1.86,500
UUUU,2017-07-19,13:43:00,1.85,1.85,1.85,1.85,100
UUUU,2017-07-19,13:44:00,1.86,1.87,1.85,1.87,25909
UUUU,2017-07-19,13:45:00,1.86,1.87,1.86,1.87,4000
UUUU,2017-07-19,13:46:00,1.86,1.87,1.86,1.86,5245
UUUU,2017-07-19,13:48:00,1.85,1.85,1.85,1.85,350
UUUU,2017-07-19,13:51:00,1.85,1.85,1.85,1.85,100
UUUU,2017-07-19,13:53:00,1.85,1.85,1.85,1.85,499
UUUU,2017-07-19,13:54:00,1.85,1.85,1.85,1.85,391
UUUU,2017-07-19,13:58:00,1.85,1.85,1.84,1.84,1800
UUUU,2017-07-19,14:00:00,1.85,1.85,1.84,1.85,400
UUUU,2017-07-19,14:01:00,1.84,1.85,1.84,1.85,1000
UUUU,2017-07-19,14:02:00,1.85,1.85,1.85,1.85,200
UUUU,2017-07-19,14:07:00,1.85,1.85,1.85,1.85,100
UUUU,2017-07-19,14:09:00,1.85,1.85,1.85,1.85,300
UUUU,2017-07-19,14:10:00,1.84,1.85,1.84,1.85,310
UUUU,2017-07-19,14:11:00,1.84,1.85,1.84,1.85,5500
UUUU,2017-07-19,14:13:00,1.84,1.85,1.84,1.85,6200
UUUU,2017-07-19,14:14:00,1.85,1.85,1.84,1.84,1100
UUUU,2017-07-19,14:15:00,1.84,1.85,1.84,1.85,9300
UUUU,2017-07-19,14:16:00,1.84,1.85,1.83,1.83,14601
UUUU,2017-07-19,14:17:00,1.83,1.83,1.83,1.83,7800
UUUU,2017-07-19,14:18:00,1.82,1.82,1.81,1.81,13906
UUUU,2017-07-19,14:19:00,1.82,1.82,1.81,1.81,9940
UUUU,2017-07-19,14:20:00,1.81,1.81,1.81,1.81,3500
UUUU,2017-07-19,14:21:00,1.81,1.81,1.81,1.81,3500
UUUU,2017-07-19,14:22:00,1.81,1.81,1.81,1.81,4300
UUUU,2017-07-19,14:23:00,1.81,1.81,1.81,1.81,11100
UUUU,2017-07-19,14:26:00,1.81,1.82,1.81,1.81,800
UUUU,2017-07-19,14:27:00,1.81,1.81,1.81,1.81,3800
UUUU,2017-07-19,14:29:00,1.82,1.82,1.81,1.81,2500
UUUU,2017-07-19,14:31:00,1.82,1.82,1.82,1.82,100
UUUU,2017-07-19,14:32:00,1.82,1.82,1.82,1.82,100
UUUU,2017-07-19,14:33:00,1.82,1.82,1.81,1.81,5975
UUUU,2017-07-19,14:35:00,1.82,1.82,1.81,1.81,15719
UUUU,2017-07-19,14:36:00,1.81,1.81,1.81,1.81,300
UUUU,2017-07-19,14:37:00,1.81,1.81,1.81,1.81,1998
UUUU,2017-07-19,14:38:00,1.81,1.81,1.81,1.81,2700
UUUU,2017-07-19,14:40:00,1.81,1.81,1.81,1.81,633
UUUU,2017-07-19,14:41:00,1.82,1.82,1.81,1.82,9200
UUUU,2017-07-19,14:44:00,1.81,1.81,1.81,1.81,1400
UUUU,2017-07-19,14:45:00,1.81,1.82,1.81,1.82,2098
UUUU,2017-07-19,14:46:00,1.81,1.82,1.81,1.82,7200
UUUU,2017-07-19,14:47:00,1.81,1.82,1.81,1.81,8200
UUUU,2017-07-19,14:48:00,1.81,1.81,1.81,1.81,4668
UUUU,2017-07-19,14:49:00,1.80,1.80,1.80,1.80,1000
UUUU,2017-07-19,14:50:00,1.80,1.80,1.80,1.80,1702
UUUU,2017-07-19,14:51:00,1.80,1.80,1.78,1.78,7200
UUUU,2017-07-19,14:52:00,1.78,1.80,1.78,1.80,5373
UUUU,2017-07-19,14:53:00,1.80,1.81,1.79,1.81,5480
UUUU,2017-07-19,14:54:00,1.80,1.80,1.80,1.80,500
UUUU,2017-07-19,14:56:00,1.80,1.80,1.80,1.80,3600
UUUU,2017-07-19,14:57:00,1.80,1.80,1.80,1.80,700
UUUU,2017-07-19,14:58:00,1.80,1.80,1.80,1.80,500
UUUU,2017-07-19,14:59:00,1.80,1.81,1.80,1.81,200
UUUU,2017-07-19,15:00:00,1.81,1.81,1.81,1.81,100
UUUU,2017-07-19,15:01:00,1.82,1.82,1.81,1.82,4200
UUUU,2017-07-19,15:02:00,1.82,1.82,1.82,1.82,100
UUUU,2017-07-19,15:03:00,1.82,1.82,1.80,1.80,5300
UUUU,2017-07-19,15:05:00,1.79,1.79,1.79,1.79,2200
UUUU,2017-07-19,15:06:00,1.80,1.80,1.80,1.80,600
UUUU,2017-07-19,15:07:00,1.80,1.80,1.80,1.80,200
UUUU,2017-07-19,15:09:00,1.79,1.79,1.79,1.79,700
UUUU,2017-07-19,15:16:00,1.80,1.80,1.80,1.80,100
UUUU,2017-07-19,15:17:00,1.79,1.80,1.79,1.80,2100
UUUU,2017-07-19,15:18:00,1.79,1.79,1.79,1.79,1000
UUUU,2017-07-19,15:22:00,1.80,1.80,1.79,1.80,1700
UUUU,2017-07-19,15:23:00,1.79,1.79,1.79,1.79,200
UUUU,2017-07-19,15:26:00,1.79,1.79,1.79,1.79,800
UUUU,2017-07-19,15:27:00,1.79,1.79,1.79,1.79,1400
UUUU,2017-07-19,15:29:00,1.80,1.80,1.80,1.80,800
UUUU,2017-07-19,15:30:00,1.80,1.80,1.79,1.79,5600
UUUU,2017-07-19,15:31:00,1.80,1.80,1.80,1.80,200
UUUU,2017-07-19,15:32:00,1.80,1.80,1.80,1.80,100
UUUU,2017-07-19,15:33:00,1.80,1.80,1.79,1.80,7715
UUUU,2017-07-19,15:34:00,1.81,1.81,1.81,1.81,500
UUUU,2017-07-19,15:35:00,1.81,1.81,1.80,1.80,300
UUUU,2017-07-19,15:36:00,1.81,1.81,1.80,1.80,10912
UUUU,2017-07-19,15:37:00,1.81,1.81,1.80,1.81,8842
UUUU,2017-07-19,15:41:00,1.81,1.81,1.80,1.81,5300
UUUU,2017-07-19,15:42:00,1.81,1.81,1.81,1.81,100
UUUU,2017-07-19,15:43:00,1.81,1.81,1.80,1.80,2598
UUUU,2017-07-19,15:46:00,1.81,1.82,1.80,1.81,20675
UUUU,2017-07-19,15:47:00,1.81,1.81,1.81,1.81,1895
UUUU,2017-07-19,15:48:00,1.81,1.81,1.81,1.81,700
UUUU,2017-07-19,15:49:00,1.81,1.81,1.80,1.80,2850
UUUU,2017-07-19,15:50:00,1.81,1.81,1.81,1.81,20366
UUUU,2017-07-19,15:51:00,1.80,1.80,1.80,1.80,1500
UUUU,2017-07-19,15:52:00,1.81,1.81,1.81,1.81,6833
UUUU,2017-07-19,15:53:00,1.82,1.82,1.82,1.82,500
UUUU,2017-07-19,15:54:00,1.82,1.82,1.80,1.80,9497
UUUU,2017-07-19,15:55:00,1.80,1.80,1.80,1.80,100
UUUU,2017-07-19,15:56:00,1.80,1.80,1.80,1.80,100
UUUU,2017-07-19,15:59:00,1.81,1.82,1.81,1.81,2698
UUUU,2017-07-19,16:00:00,1.82,1.82,1.81,1.81,3376
UUUU,2017-07-20,09:30:00,1.85,1.85,1.85,1.85,600
UUUU,2017-07-20,09:31:00,1.85,1.85,1.83,1.83,19407
UUUU,2017-07-20,09:34:00,1.83,1.83,1.80,1.80,20576
UUUU,2017-07-20,09:36:00,1.82,1.82,1.80,1.80,3400
UUUU,2017-07-20,09:37:00,1.80,1.80,1.80,1.80,15726
UUUU,2017-07-20,09:38:00,1.78,1.78,1.78,1.78,419
UUUU,2017-07-20,09:39:00,1.78,1.78,1.78,1.78,750
UUUU,2017-07-20,09:40:00,1.79,1.80,1.79,1.80,5650
UUUU,2017-07-20,09:41:00,1.79,1.79,1.79,1.79,3000
UUUU,2017-07-20,09:43:00,1.79,1.79,1.79,1.79,3000
UUUU,2017-07-20,09:45:00,1.79,1.79,1.79,1.79,1000
UUUU,2017-07-20,09:46:00,1.79,1.79,1.78,1.79,4700
UUUU,2017-07-20,09:48:00,1.78,1.78,1.78,1.78,9616
UUUU,2017-07-20,09:49:00,1.78,1.79,1.78,1.79,500
UUUU,2017-07-20,09:50:00,1.78,1.78,1.78,1.78,100
UUUU,2017-07-20,09:52:00,1.78,1.78,1.78,1.78,2300
UUUU,2017-07-20,09:54:00,1.78,1.78,1.77,1.77,1749
UUUU,2017-07-20,09:55:00,1.77,1.78,1.77,1.77,1450
UUUU,2017-07-20,09:56:00,1.77,1.77,1.77,1.77,400
UUUU,2017-07-20,09:57:00,1.77,1.77,1.77,1.77,2100
UUUU,2017-07-20,09:58:00,1.78,1.78,1.77,1.77,293
UUUU,2017-07-20,09:59:00,1.77,1.77,1.77,1.77,200
UUUU,2017-07-20,10:02:00,1.77,1.77,1.77,1.77,200
UUUU,2017-07-20,10:04:00,1.77,1.77,1.77,1.77,400
UUUU,2017-07-20,10:06:00,1.77,1.78,1.77,1.78,19606
UUUU,2017-07-20,10:09:00,1.78,1.79,1.78,1.79,1320
UUUU,2017-07-20,10:10:00,1.78,1.78,1.77,1.77,5880
UUUU,2017-07-20,10:18:00,1.77,1.77,1.77,1.77,100
UUUU,2017-07-20,10:21:00,1.76,1.76,1.76,1.76,1200
UUUU,2017-07-20,10:24:00,1.76,1.76,1.76,1.76,646
UUUU,2017-07-20,10:26:00,1.76,1.76,1.76,1.76,100
UUUU,2017-07-20,10:30:00,1.76,1.76,1.76,1.76,100
UUUU,2017-07-20,10:31:00,1.77,1.77,1.77,1.77,4000
UUUU,2017-07-20,10:33:00,1.77,1.77,1.76,1.76,1000
UUUU,2017-07-20,10:34:00,1.76,1.76,1.76,1.76,1000
UUUU,2017-07-20,10:36:00,1.76,1.76,1.76,1.76,100
UUUU,2017-07-20,10:45:00,1.76,1.76,1.76,1.76,100
UUUU,2017-07-20,10:47:00,1.76,1.76,1.74,1.75,30471
UUUU,2017-07-20,10:48:00,1.75,1.76,1.75,1.75,24239
UUUU,2017-07-20,10:53:00,1.76,1.76,1.76,1.76,100
UUUU,2017-07-20,10:58:00,1.76,1.76,1.76,1.76,2400
UUUU,2017-07-20,11:00:00,1.76,1.76,1.75,1.75,3550
UUUU,2017-07-20,11:01:00,1.75,1.75,1.75,1.75,1000
UUUU,2017-07-20,11:02:00,1.76,1.76,1.76,1.76,100
UUUU,2017-07-20,11:04:00,1.75,1.75,1.75,1.75,100
UUUU,2017-07-20,11:05:00,1.76,1.76,1.76,1.76,100
UUUU,2017-07-20,11:07:00,1.75,1.76,1.75,1.76,1100
UUUU,2017-07-20,11:09:00,1.75,1.75,1.75,1.75,200
UUUU,2017-07-20,11:10:00,1.76,1.76,1.76,1.76,888
UUUU,2017-07-20,11:18:00,1.75,1.75,1.75,1.75,2000
UUUU,2017-07-20,11:19:00,1.76,1.76,1.75,1.75,1100
UUUU,2017-07-20,11:21:00,1.75,1.75,1.75,1.75,100
UUUU,2017-07-20,11:23:00,1.76,1.76,1.76,1.76,850
UUUU,2017-07-20,11:25:00,1.76,1.76,1.76,1.76,300
UUUU,2017-07-20,11:27:00,1.76,1.76,1.76,1.76,200
UUUU,2017-07-20,11:28:00,1.76,1.76,1.76,1.76,500
UUUU,2017-07-20,11:31:00,1.76,1.76,1.76,1.76,100
UUUU,2017-07-20,11:34:00,1.76,1.76,1.76,1.76,1000
UUUU,2017-07-20,11:38:00,1.75,1.76,1.75,1.76,4400
UUUU,2017-07-20,11:42:00,1.75,1.75,1.75,1.75,200
UUUU,2017-07-20,11:43:00,1.76,1.76,1.76,1.76,100
UUUU,2017-07-20,11:45:00,1.75,1.75,1.74,1.75,8339
UUUU,2017-07-20,11:46:00,1.74,1.74,1.74,1.74,115
UUUU,2017-07-20,11:50:00,1.74,1.74,1.74,1.74,5200
UUUU,2017-07-20,11:51:00,1.74,1.74,1.74,1.74,200
UUUU,2017-07-20,11:54:00,1.75,1.75,1.75,1.75,700
UUUU,2017-07-20,11:56:00,1.75,1.75,1.75,1.75,100
UUUU,2017-07-20,11:57:00,1.75,1.75,1.74,1.74,200
UUUU,2017-07-20,12:00:00,1.75,1.75,1.75,1.75,200
UUUU,2017-07-20,12:02:00,1.75,1.75,1.75,1.75,300
UUUU,2017-07-20,12:03:00,1.75,1.75,1.75,1.75,500
UUUU,2017-07-20,12:04:00,1.75,1.75,1.75,1.75,1700
UUUU,2017-07-20,12:10:00,1.74,1.74,1.74,1.74,100
UUUU,2017-07-20,12:11:00,1.74,1.74,1.74,1.74,200
UUUU,2017-07-20,12:14:00,1.75,1.75,1.75,1.75,500
UUUU,2017-07-20,12:16:00,1.75,1.75,1.75,1.75,790
UUUU,2017-07-20,12:17:00,1.74,1.75,1.74,1.75,13900
UUUU,2017-07-20,12:18:00,1.75,1.75,1.75,1.75,150
UUUU,2017-07-20,12:19:00,1.76,1.76,1.76,1.76,400
UUUU,2017-07-20,12:20:00,1.76,1.77,1.75,1.75,5200
UUUU,2017-07-20,12:21:00,1.75,1.76,1.75,1.76,1200
UUUU,2017-07-20,12:31:00,1.76,1.76,1.76,1.76,400
UUUU,2017-07-20,12:36:00,1.75,1.76,1.75,1.76,2000
UUUU,2017-07-20,12:39:00,1.76,1.76,1.75,1.75,3100
UUUU,2017-07-20,12:42:00,1.75,1.75,1.75,1.75,200
UUUU,2017-07-20,12:43:00,1.76,1.76,1.75,1.75,800
UUUU,2017-07-20,12:44:00,1.75,1.75,1.75,1.75,9400
UUUU,2017-07-20,12:46:00,1.76,1.76,1.76,1.76,100
UUUU,2017-07-20,12:57:00,1.75,1.75,1.75,1.75,400
UUUU,2017-07-20,12:58:00,1.76,1.76,1.76,1.76,411
UUUU,2017-07-20,13:07:00,1.77,1.77,1.77,1.77,100
UUUU,2017-07-20,13:12:00,1.75,1.75,1.75,1.75,5274
UUUU,2017-07-20,13:13:00,1.74,1.74,1.74,1.74,100
UUUU,2017-07-20,13:22:00,1.75,1.75,1.75,1.75,100
UUUU,2017-07-20,13:25:00,1.75,1.75,1.75,1.75,1000
UUUU,2017-07-20,13:34:00,1.75,1.75,1.74,1.75,1300
UUUU,2017-07-20,13:39:00,1.74,1.74,1.74,1.74,1000
UUUU,2017-07-20,13:41:00,1.75,1.75,1.75,1.75,100
UUUU,2017-07-20,13:44:00,1.75,1.75,1.74,1.74,650
UUUU,2017-07-20,13:47:00,1.75,1.75,1.75,1.75,9959
UUUU,2017-07-20,13:58:00,1.75,1.75,1.75,1.75,500
UUUU,2017-07-20,13:59:00,1.75,1.75,1.75,1.75,1000
UUUU,2017-07-20,14:04:00,1.76,1.76,1.76,1.76,100
UUUU,2017-07-20,14:07:00,1.75,1.75,1.75,1.75,100
UUUU,2017-07-20,14:08:00,1.75,1.76,1.75,1.76,340
UUUU,2017-07-20,14:10:00,1.76,1.76,1.76,1.76,2000
UUUU,2017-07-20,14:13:00,1.76,1.76,1.75,1.76,2100
UUUU,2017-07-20,14:18:00,1.75,1.75,1.75,1.75,100
UUUU,2017-07-20,14:25:00,1.76,1.76,1.75,1.75,512
UUUU,2017-07-20,14:29:00,1.75,1.75,1.75,1.75,200
UUUU,2017-07-20,14:36:00,1.75,1.75,1.75,1.75,7256
UUUU,2017-07-20,14:37:00,1.75,1.75,1.74,1.75,10615
UUUU,2017-07-20,14:38:00,1.74,1.74,1.74,1.74,9300
UUUU,2017-07-20,14:40:00,1.74,1.74,1.74,1.74,100
UUUU,2017-07-20,14:58:00,1.75,1.75,1.75,1.75,100
UUUU,2017-07-20,15:04:00,1.75,1.75,1.75,1.75,300
UUUU,2017-07-20,15:05:00,1.75,1.75,1.75,1.75,100
UUUU,2017-07-20,15:07:00,1.75,1.75,1.75,1.75,400
UUUU,2017-07-20,15:18:00,1.75,1.75,1.75,1.75,300
UUUU,2017-07-20,15:20:00,1.74,1.74,1.74,1.74,100
UUUU,2017-07-20,15:28:00,1.74,1.74,1.74,1.74,100
UUUU,2017-07-20,15:29:00,1.75,1.75,1.74,1.74,1200
UUUU,2017-07-20,15:30:00,1.74,1.74,1.74,1.74,100
UUUU,2017-07-20,15:36:00,1.75,1.75,1.75,1.75,500
UUUU,2017-07-20,15:37:00,1.75,1.75,1.75,1.75,500
UUUU,2017-07-20,15:38:00,1.74,1.74,1.74,1.74,200
UUUU,2017-07-20,15:42:00,1.74,1.74,1.74,1.74,100
UUUU,2017-07-20,15:44:00,1.74,1.75,1.74,1.75,1600
UUUU,2017-07-20,15:47:00,1.74,1.74,1.74,1.74,100
UUUU,2017-07-20,15:50:00,1.75,1.75,1.75,1.75,2100
UUUU,2017-07-20,15:52:00,1.74,1.74,1.73,1.73,1850
UUUU,2017-07-20,15:53:00,1.74,1.74,1.74,1.74,100
UUUU,2017-07-20,15:54:00,1.73,1.73,1.73,1.73,100
UUUU,2017-07-20,15:55:00,1.75,1.75,1.75,1.75,100
UUUU,2017-07-20,15:57:00,1.75,1.75,1.75,1.75,800
UUUU,2017-07-20,15:58:00,1.75,1.75,1.75,1.75,800
UUUU,2017-07-20,16:00:00,1.73,1.74,1.73,1.73,5500
UUUU,2017-07-21,09:30:00,1.75,1.75,1.75,1.75,1364
UUUU,2017-07-21,09:32:00,1.75,1.75,1.75,1.75,4505
UUUU,2017-07-21,09:37:00,1.76,1.76,1.76,1.76,1000
UUUU,2017-07-21,09:41:00,1.74,1.75,1.74,1.75,1050
UUUU,2017-07-21,09:43:00,1.74,1.74,1.74,1.74,500
UUUU,2017-07-21,09:46:00,1.74,1.74,1.74,1.74,104
UUUU,2017-07-21,09:47:00,1.75,1.75,1.75,1.75,12414
UUUU,2017-07-21,09:52:00,1.74,1.74,1.74,1.74,9750
UUUU,2017-07-21,09:55:00,1.74,1.74,1.74,1.74,946
UUUU,2017-07-21,09:58:00,1.74,1.74,1.74,1.74,200
UUUU,2017-07-21,10:00:00,1.74,1.74,1.74,1.74,300
UUUU,2017-07-21,10:07:00,1.74,1.74,1.74,1.74,200
UUUU,2017-07-21,10:13:00,1.74,1.74,1.74,1.74,100
UUUU,2017-07-21,10:14:00,1.74,1.74,1.73,1.73,7882
UUUU,2017-07-21,10:19:00,1.73,1.74,1.73,1.74,3100
UUUU,2017-07-21,10:20:00,1.73,1.73,1.73,1.73,1000
UUUU,2017-07-21,10:21:00,1.74,1.74,1.74,1.74,536
UUUU,2017-07-21,10:24:00,1.75,1.75,1.75,1.75,100
UUUU,2017-07-21,10:27:00,1.74,1.74,1.74,1.74,100
UUUU,2017-07-21,10:41:00,1.75,1.75,1.75,1.75,500
UUUU,2017-07-21,10:42:00,1.74,1.74,1.71,1.71,6750
UUUU,2017-07-21,10:44:00,1.72,1.72,1.72,1.72,1000
UUUU,2017-07-21,10:48:00,1.71,1.71,1.71,1.71,100
UUUU,2017-07-21,10:55:00,1.71,1.71,1.71,1.71,200
UUUU,2017-07-21,10:59:00,1.71,1.71,1.70,1.71,800
UUUU,2017-07-21,11:06:00,1.71,1.71,1.71,1.71,2200
UUUU,2017-07-21,11:08:00,1.70,1.70,1.70,1.70,100
UUUU,2017-07-21,11:09:00,1.70,1.70,1.70,1.70,100
UUUU,2017-07-21,11:15:00,1.70,1.70,1.70,1.70,500
UUUU,2017-07-21,11:16:00,1.71,1.71,1.71,1.71,2600
UUUU,2017-07-21,11:18:00,1.72,1.72,1.72,1.72,622
UUUU,2017-07-21,11:23:00,1.72,1.72,1.70,1.70,4600
UUUU,2017-07-21,11:28:00,1.70,1.70,1.70,1.70,650
UUUU,2017-07-21,11:30:00,1.71,1.71,1.71,1.71,100
UUUU,2017-07-21,11:32:00,1.70,1.70,1.70,1.70,280
UUUU,2017-07-21,11:34:00,1.71,1.71,1.71,1.71,300
UUUU,2017-07-21,11:46:00,1.70,1.70,1.70,1.70,1094
UUUU,2017-07-21,12:00:00,1.70,1.70,1.70,1.70,100
UUUU,2017-07-21,12:01:00,1.70,1.70,1.70,1.70,200
UUUU,2017-07-21,12:05:00,1.70,1.70,1.70,1.70,100
UUUU,2017-07-21,12:07:00,1.71,1.71,1.71,1.71,140
UUUU,2017-07-21,12:09:00,1.70,1.70,1.70,1.70,5000
UUUU,2017-07-21,12:13:00,1.71,1.71,1.71,1.71,100
UUUU,2017-07-21,12:18:00,1.71,1.71,1.71,1.71,1300
UUUU,2017-07-21,12:20:00,1.70,1.70,1.70,1.70,103
UUUU,2017-07-21,12:32:00,1.71,1.71,1.71,1.71,204
UUUU,2017-07-21,12:39:00,1.71,1.71,1.71,1.71,1500
UUUU,2017-07-21,12:45:00,1.70,1.70,1.68,1.68,13292
UUUU,2017-07-21,12:59:00,1.68,1.69,1.68,1.68,13614
UUUU,2017-07-21,13:01:00,1.69,1.69,1.69,1.69,15000
UUUU,2017-07-21,13:03:00,1.69,1.69,1.69,1.69,15000
UUUU,2017-07-21,13:05:00,1.69,1.69,1.69,1.69,1000
UUUU,2017-07-21,13:08:00,1.69,1.70,1.69,1.69,14200
UUUU,2017-07-21,13:09:00,1.69,1.69,1.69,1.69,200
UUUU,2017-07-21,13:10:00,1.69,1.69,1.69,1.69,1100
UUUU,2017-07-21,13:25:00,1.70,1.70,1.70,1.70,200
UUUU,2017-07-21,13:26:00,1.69,1.69,1.69,1.69,2200
UUUU,2017-07-21,13:30:00,1.69,1.70,1.69,1.70,300
UUUU,2017-07-21,13:34:00,1.70,1.70,1.70,1.70,100
UUUU,2017-07-21,13:38:00,1.70,1.70,1.70,1.70,100
UUUU,2017-07-21,13:42:00,1.70,1.70,1.70,1.70,100
UUUU,2017-07-21,13:46:00,1.70,1.70,1.69,1.69,300
UUUU,2017-07-21,13:49:00,1.70,1.70,1.70,1.70,100
UUUU,2017-07-21,13:58:00,1.69,1.69,1.69,1.69,100
UUUU,2017-07-21,14:06:00,1.69,1.69,1.69,1.69,100
UUUU,2017-07-21,14:22:00,1.69,1.69,1.69,1.69,100
UUUU,2017-07-21,14:29:00,1.69,1.69,1.69,1.69,100
UUUU,2017-07-21,14:32:00,1.70,1.70,1.70,1.70,1400
UUUU,2017-07-21,14:35:00,1.70,1.70,1.70,1.70,200
UUUU,2017-07-21,14:51:00,1.70,1.70,1.70,1.70,200
UUUU,2017-07-21,14:53:00,1.69,1.69,1.69,1.69,100
UUUU,2017-07-21,15:05:00,1.70,1.70,1.70,1.70,200
UUUU,2017-07-21,15:08:00,1.69,1.69,1.69,1.69,100
UUUU,2017-07-21,15:13:00,1.69,1.69,1.69,1.69,3400
UUUU,2017-07-21,15:19:00,1.69,1.69,1.69,1.69,2900
UUUU,2017-07-21,15:22:00,1.69,1.70,1.69,1.70,200
UUUU,2017-07-21,15:23:00,1.69,1.69,1.69,1.69,500
UUUU,2017-07-21,15:33:00,1.69,1.69,1.69,1.69,6600
UUUU,2017-07-21,15:35:00,1.69,1.70,1.69,1.70,900
UUUU,2017-07-21,15:40:00,1.69,1.69,1.69,1.69,1475
UUUU,2017-07-21,15:41:00,1.69,1.69,1.69,1.69,100
UUUU,2017-07-21,15:47:00,1.70,1.70,1.69,1.70,3205
UUUU,2017-07-21,15:48:00,1.69,1.69,1.69,1.69,669
UUUU,2017-07-21,15:52:00,1.70,1.70,1.69,1.69,3300
UUUU,2017-07-21,15:53:00,1.70,1.70,1.70,1.70,995
UUUU,2017-07-21,15:55:00,1.70,1.70,1.70,1.70,700
UUUU,2017-07-21,15:59:00,1.69,1.69,1.69,1.69,100
UUUU,2017-07-21,16:00:00,1.70,1.70,1.69,1.69,1828
