VIGI,2017-07-10,09:30:00,61.12,61.12,61.12,61.12,3291
VIGI,2017-07-10,09:36:00,61.05,61.06,61.05,61.06,300
VIGI,2017-07-10,09:38:00,61.05,61.05,61.05,61.05,400
VIGI,2017-07-10,09:41:00,61.07,61.09,61.00,61.09,2681
VIGI,2017-07-10,09:42:00,61.05,61.05,61.05,61.05,100
VIGI,2017-07-10,09:44:00,61.05,61.05,61.01,61.01,2009
VIGI,2017-07-10,09:45:00,61.06,61.06,61.06,61.06,100
VIGI,2017-07-10,09:47:00,61.01,61.01,61.01,61.01,100
VIGI,2017-07-10,10:01:00,61.01,61.01,61.01,61.01,163
VIGI,2017-07-10,10:04:00,61.00,61.00,61.00,61.00,500
VIGI,2017-07-10,10:05:00,61.01,61.01,61.01,61.01,100
VIGI,2017-07-10,10:10:00,61.05,61.05,61.05,61.05,453
VIGI,2017-07-10,10:16:00,61.06,61.06,61.06,61.06,100
VIGI,2017-07-10,10:28:00,61.07,61.07,61.07,61.07,225
VIGI,2017-07-10,10:30:00,61.05,61.05,61.05,61.05,169
VIGI,2017-07-10,10:31:00,61.02,61.08,61.02,61.08,500
VIGI,2017-07-10,10:34:00,61.00,61.00,61.00,61.00,900
VIGI,2017-07-10,10:41:00,60.99,61.01,60.99,61.01,1000
VIGI,2017-07-10,10:44:00,60.99,60.99,60.99,60.99,100
VIGI,2017-07-10,10:46:00,60.99,60.99,60.99,60.99,475
VIGI,2017-07-10,10:52:00,61.00,61.08,61.00,61.08,258
VIGI,2017-07-10,10:54:00,61.00,61.00,61.00,61.00,192
VIGI,2017-07-10,10:55:00,61.02,61.04,61.02,61.04,550
VIGI,2017-07-10,11:01:00,61.01,61.01,61.01,61.01,163
VIGI,2017-07-10,11:06:00,61.03,61.03,61.03,61.03,122
VIGI,2017-07-10,11:07:00,61.01,61.01,61.01,61.01,907
VIGI,2017-07-10,11:09:00,61.02,61.02,61.02,61.02,155
VIGI,2017-07-10,11:14:00,61.02,61.02,61.02,61.02,100
VIGI,2017-07-10,11:18:00,61.03,61.06,61.03,61.06,500
VIGI,2017-07-10,11:26:00,61.05,61.05,61.05,61.05,362
VIGI,2017-07-10,11:28:00,61.05,61.05,61.05,61.05,1654
VIGI,2017-07-10,11:39:00,61.05,61.06,61.04,61.04,400
VIGI,2017-07-10,11:43:00,61.03,61.03,61.03,61.03,300
VIGI,2017-07-10,11:51:00,61.04,61.04,61.04,61.04,100
VIGI,2017-07-10,12:03:00,61.17,61.17,61.17,61.17,1100
VIGI,2017-07-10,12:06:00,61.07,61.07,61.07,61.07,100
VIGI,2017-07-10,12:07:00,61.09,61.09,61.09,61.09,100
VIGI,2017-07-10,12:10:00,61.09,61.09,61.09,61.09,200
VIGI,2017-07-10,12:14:00,61.09,61.09,61.09,61.09,123
VIGI,2017-07-10,12:16:00,61.08,61.08,61.08,61.08,1098
VIGI,2017-07-10,12:18:00,61.11,61.11,61.11,61.11,165
VIGI,2017-07-10,12:27:00,61.06,61.06,61.06,61.06,150
VIGI,2017-07-10,12:40:00,61.06,61.06,61.06,61.06,100
VIGI,2017-07-10,12:42:00,61.08,61.08,61.08,61.08,312
VIGI,2017-07-10,12:47:00,61.05,61.05,61.05,61.05,1147
VIGI,2017-07-10,13:18:00,61.12,61.12,61.09,61.09,327
VIGI,2017-07-10,13:28:00,61.07,61.07,61.07,61.07,145
VIGI,2017-07-10,13:44:00,61.09,61.09,61.07,61.07,200
VIGI,2017-07-10,13:47:00,61.08,61.08,61.08,61.08,635
VIGI,2017-07-10,13:55:00,61.06,61.06,61.06,61.06,144
VIGI,2017-07-10,13:56:00,61.08,61.08,61.08,61.08,4100
VIGI,2017-07-10,13:57:00,61.08,61.08,61.08,61.08,165
VIGI,2017-07-10,14:01:00,61.09,61.09,61.07,61.07,3600
VIGI,2017-07-10,14:17:00,61.12,61.12,61.12,61.12,1123
VIGI,2017-07-10,14:21:00,61.09,61.09,61.08,61.08,400
VIGI,2017-07-10,14:22:00,61.08,61.08,61.08,61.08,100
VIGI,2017-07-10,14:23:00,61.08,61.08,61.08,61.08,100
VIGI,2017-07-10,14:33:00,61.14,61.14,61.14,61.14,110
VIGI,2017-07-10,14:35:00,61.06,61.06,61.05,61.06,1018
VIGI,2017-07-10,14:38:00,61.07,61.07,61.07,61.07,200
VIGI,2017-07-10,14:42:00,61.09,61.09,61.09,61.09,200
VIGI,2017-07-10,14:43:00,61.11,61.11,61.11,61.11,163
VIGI,2017-07-10,14:44:00,61.07,61.07,61.07,61.07,434
VIGI,2017-07-10,14:45:00,61.08,61.08,61.08,61.08,100
VIGI,2017-07-10,14:51:00,61.09,61.09,61.09,61.09,100
VIGI,2017-07-10,14:57:00,61.13,61.13,61.13,61.13,110
VIGI,2017-07-10,14:58:00,61.13,61.13,61.13,61.13,246
VIGI,2017-07-10,15:02:00,61.13,61.13,61.13,61.13,100
VIGI,2017-07-10,15:09:00,61.08,61.08,61.08,61.08,405
VIGI,2017-07-10,15:18:00,61.06,61.06,61.06,61.06,500
VIGI,2017-07-10,15:19:00,61.06,61.06,61.06,61.06,380
VIGI,2017-07-10,15:22:00,61.05,61.05,61.05,61.05,100
VIGI,2017-07-10,15:24:00,61.06,61.06,61.05,61.05,200
VIGI,2017-07-10,15:27:00,61.07,61.07,61.06,61.06,200
VIGI,2017-07-10,15:33:00,61.05,61.05,61.05,61.05,123
VIGI,2017-07-10,15:35:00,61.07,61.07,61.07,61.07,163
VIGI,2017-07-10,15:39:00,61.07,61.08,61.07,61.08,463
VIGI,2017-07-10,15:44:00,61.09,61.09,61.09,61.09,147
VIGI,2017-07-10,15:46:00,61.08,61.11,61.07,61.11,2300
VIGI,2017-07-10,15:50:00,61.09,61.09,61.09,61.09,100
VIGI,2017-07-10,15:52:00,61.07,61.07,61.06,61.06,250
VIGI,2017-07-10,15:53:00,61.06,61.06,61.06,61.06,200
VIGI,2017-07-10,15:55:00,61.07,61.07,61.07,61.07,200
VIGI,2017-07-10,16:00:00,61.05,61.12,61.05,61.12,2039
VIGI,2017-07-11,09:30:00,60.98,60.98,60.98,60.98,3318
VIGI,2017-07-11,09:39:00,61.00,61.00,61.00,61.00,100
VIGI,2017-07-11,09:41:00,61.04,61.04,61.04,61.04,200
VIGI,2017-07-11,09:42:00,61.00,61.12,60.95,61.00,971
VIGI,2017-07-11,09:43:00,60.99,60.99,60.99,60.99,250
VIGI,2017-07-11,09:44:00,60.95,61.00,60.95,61.00,447
VIGI,2017-07-11,09:45:00,60.95,60.95,60.95,60.95,110
VIGI,2017-07-11,09:47:00,60.89,60.89,60.89,60.89,160
VIGI,2017-07-11,09:49:00,60.93,60.99,60.93,60.99,541
VIGI,2017-07-11,09:50:00,60.91,60.91,60.91,60.91,100
VIGI,2017-07-11,09:51:00,60.92,60.92,60.92,60.92,100
VIGI,2017-07-11,09:52:00,60.95,60.95,60.91,60.91,350
VIGI,2017-07-11,09:57:00,60.99,60.99,60.99,60.99,150
VIGI,2017-07-11,10:06:00,60.94,60.94,60.94,60.94,100
VIGI,2017-07-11,10:09:00,60.94,60.94,60.94,60.94,150
VIGI,2017-07-11,10:24:00,60.97,60.97,60.96,60.96,11577
VIGI,2017-07-11,10:25:00,60.97,60.97,60.96,60.96,500
VIGI,2017-07-11,10:29:00,60.98,60.98,60.96,60.96,250
VIGI,2017-07-11,10:36:00,61.02,61.02,61.02,61.02,100
VIGI,2017-07-11,10:38:00,60.99,60.99,60.99,60.99,500
VIGI,2017-07-11,10:42:00,61.05,61.05,61.02,61.02,230
VIGI,2017-07-11,10:48:00,60.95,60.95,60.95,60.95,500
VIGI,2017-07-11,10:53:00,61.01,61.03,61.01,61.03,200
VIGI,2017-07-11,10:58:00,61.05,61.05,61.05,61.05,125
VIGI,2017-07-11,11:00:00,61.00,61.00,61.00,61.00,100
VIGI,2017-07-11,11:03:00,60.99,60.99,60.99,60.99,200
VIGI,2017-07-11,11:12:00,60.98,60.98,60.98,60.98,250
VIGI,2017-07-11,11:18:00,61.00,61.00,60.98,60.98,279
VIGI,2017-07-11,11:25:00,60.90,60.90,60.90,60.90,200
VIGI,2017-07-11,11:26:00,60.94,60.94,60.92,60.92,300
VIGI,2017-07-11,11:27:00,60.98,60.98,60.90,60.92,4500
VIGI,2017-07-11,11:28:00,60.92,60.92,60.91,60.91,600
VIGI,2017-07-11,11:29:00,60.88,60.88,60.86,60.88,7500
VIGI,2017-07-11,11:30:00,60.89,60.89,60.87,60.89,403
VIGI,2017-07-11,11:31:00,60.89,60.89,60.89,60.89,400
VIGI,2017-07-11,11:32:00,60.89,60.90,60.89,60.89,1100
VIGI,2017-07-11,11:33:00,60.88,60.88,60.88,60.88,100
VIGI,2017-07-11,11:34:00,60.89,60.89,60.89,60.89,1200
VIGI,2017-07-11,11:37:00,60.91,60.93,60.91,60.93,600
VIGI,2017-07-11,11:48:00,60.96,60.96,60.96,60.96,160
VIGI,2017-07-11,11:50:00,60.95,60.95,60.95,60.95,100
VIGI,2017-07-11,11:53:00,60.93,60.93,60.93,60.93,301
VIGI,2017-07-11,11:59:00,60.97,60.97,60.97,60.97,100
VIGI,2017-07-11,12:01:00,60.94,60.94,60.94,60.94,108
VIGI,2017-07-11,12:03:00,60.99,60.99,60.99,60.99,300
VIGI,2017-07-11,12:17:00,61.00,61.00,61.00,61.00,816
VIGI,2017-07-11,12:19:00,61.00,61.00,61.00,61.00,100
VIGI,2017-07-11,12:22:00,61.00,61.00,61.00,61.00,200
VIGI,2017-07-11,12:28:00,60.97,61.05,60.97,61.05,721
VIGI,2017-07-11,12:30:00,60.95,60.96,60.95,60.96,300
VIGI,2017-07-11,12:44:00,61.02,61.02,61.02,61.02,434
VIGI,2017-07-11,12:58:00,61.06,61.06,61.06,61.06,100
VIGI,2017-07-11,13:02:00,60.99,60.99,60.99,60.99,300
VIGI,2017-07-11,13:20:00,61.04,61.04,61.04,61.04,537
VIGI,2017-07-11,13:25:00,61.03,61.03,61.02,61.02,232
VIGI,2017-07-11,13:46:00,61.14,61.14,61.14,61.14,100
VIGI,2017-07-11,13:52:00,61.18,61.18,61.18,61.18,100
VIGI,2017-07-11,13:53:00,61.11,61.11,61.11,61.11,815
VIGI,2017-07-11,13:57:00,61.10,61.10,61.10,61.10,250
VIGI,2017-07-11,14:11:00,61.18,61.18,61.18,61.18,568
VIGI,2017-07-11,14:17:00,61.20,61.20,61.20,61.20,595
VIGI,2017-07-11,14:18:00,61.10,61.10,61.10,61.10,600
VIGI,2017-07-11,14:25:00,61.11,61.11,61.11,61.11,100
VIGI,2017-07-11,14:28:00,61.18,61.19,61.17,61.19,1600
VIGI,2017-07-11,14:33:00,61.19,61.19,61.19,61.19,500
VIGI,2017-07-11,14:38:00,61.18,61.18,61.18,61.18,100
VIGI,2017-07-11,14:46:00,61.19,61.19,61.19,61.19,100
VIGI,2017-07-11,14:50:00,61.16,61.16,61.16,61.16,575
VIGI,2017-07-11,14:51:00,61.19,61.19,61.19,61.19,100
VIGI,2017-07-11,14:56:00,61.16,61.16,61.16,61.16,149
VIGI,2017-07-11,14:57:00,61.20,61.20,61.20,61.20,200
VIGI,2017-07-11,14:59:00,61.16,61.20,61.16,61.20,1595
VIGI,2017-07-11,15:00:00,61.19,61.19,61.19,61.19,100
VIGI,2017-07-11,15:02:00,61.17,61.17,61.17,61.17,150
VIGI,2017-07-11,15:04:00,61.19,61.19,61.17,61.17,336
VIGI,2017-07-11,15:05:00,61.19,61.19,61.19,61.19,621
VIGI,2017-07-11,15:10:00,61.20,61.20,61.16,61.20,1865
VIGI,2017-07-11,15:12:00,61.16,61.20,61.16,61.20,1100
VIGI,2017-07-11,15:13:00,61.16,61.16,61.16,61.16,100
VIGI,2017-07-11,15:14:00,61.19,61.19,61.19,61.19,100
VIGI,2017-07-11,15:16:00,61.20,61.25,61.20,61.25,269
VIGI,2017-07-11,15:17:00,61.25,61.25,61.24,61.24,460
VIGI,2017-07-11,15:19:00,61.25,61.25,61.25,61.25,100
VIGI,2017-07-11,15:25:00,61.25,61.25,61.21,61.21,1014
VIGI,2017-07-11,15:27:00,61.21,61.21,61.21,61.21,475
VIGI,2017-07-11,15:28:00,61.19,61.22,61.19,61.22,400
VIGI,2017-07-11,15:35:00,61.23,61.23,61.23,61.23,159
VIGI,2017-07-11,15:38:00,61.27,61.27,61.27,61.27,500
VIGI,2017-07-11,15:39:00,61.27,61.27,61.27,61.27,229
VIGI,2017-07-11,15:40:00,61.22,61.23,61.22,61.23,500
VIGI,2017-07-11,15:41:00,61.23,61.23,61.23,61.23,1633
VIGI,2017-07-11,15:43:00,61.22,61.22,61.22,61.22,100
VIGI,2017-07-11,15:44:00,61.20,61.20,61.20,61.20,100
VIGI,2017-07-11,15:45:00,61.27,61.27,61.27,61.27,100
VIGI,2017-07-11,15:50:00,61.20,61.20,61.20,61.20,100
VIGI,2017-07-11,15:52:00,61.22,61.22,61.22,61.22,260
VIGI,2017-07-11,15:53:00,61.20,61.20,61.20,61.20,100
VIGI,2017-07-11,15:54:00,61.19,61.19,61.19,61.19,400
VIGI,2017-07-11,16:00:00,61.22,61.22,61.15,61.21,1119
VIGI,2017-07-12,09:30:00,61.86,61.86,61.86,61.86,11551
VIGI,2017-07-12,09:31:00,61.86,61.86,61.84,61.84,959
VIGI,2017-07-12,09:32:00,61.81,61.84,61.80,61.80,1408
VIGI,2017-07-12,09:33:00,61.80,61.80,61.80,61.80,900
VIGI,2017-07-12,09:34:00,61.80,61.84,61.80,61.82,700
VIGI,2017-07-12,09:35:00,61.80,61.80,61.80,61.80,500
VIGI,2017-07-12,09:36:00,61.84,61.86,61.84,61.86,1000
VIGI,2017-07-12,09:37:00,61.87,61.87,61.87,61.87,100
VIGI,2017-07-12,09:39:00,61.84,61.84,61.84,61.84,100
VIGI,2017-07-12,09:40:00,61.82,61.82,61.82,61.82,1800
VIGI,2017-07-12,09:41:00,61.82,61.82,61.79,61.79,2900
VIGI,2017-07-12,09:43:00,61.80,61.81,61.77,61.81,6900
VIGI,2017-07-12,09:44:00,61.77,61.81,61.77,61.79,1800
VIGI,2017-07-12,09:45:00,61.78,61.79,61.78,61.79,1300
VIGI,2017-07-12,09:46:00,61.83,61.83,61.83,61.83,100
VIGI,2017-07-12,09:47:00,61.80,61.80,61.78,61.78,1500
VIGI,2017-07-12,09:48:00,61.81,61.81,61.81,61.81,100
VIGI,2017-07-12,09:49:00,61.78,61.78,61.78,61.78,232
VIGI,2017-07-12,09:50:00,61.83,61.83,61.83,61.83,200
VIGI,2017-07-12,09:57:00,61.85,61.85,61.85,61.85,973
VIGI,2017-07-12,10:03:00,61.83,61.83,61.83,61.83,100
VIGI,2017-07-12,10:22:00,61.85,61.85,61.85,61.85,100
VIGI,2017-07-12,10:29:00,61.82,61.82,61.82,61.82,100
VIGI,2017-07-12,10:32:00,61.84,61.84,61.84,61.84,300
VIGI,2017-07-12,10:39:00,61.85,61.85,61.85,61.85,225
VIGI,2017-07-12,10:42:00,61.79,61.79,61.79,61.79,100
VIGI,2017-07-12,10:46:00,61.79,61.79,61.79,61.79,100
VIGI,2017-07-12,10:51:00,61.79,61.82,61.79,61.82,362
VIGI,2017-07-12,10:58:00,61.82,61.82,61.82,61.82,100
VIGI,2017-07-12,10:59:00,61.83,61.83,61.83,61.83,180
VIGI,2017-07-12,11:07:00,61.83,61.83,61.83,61.83,100
VIGI,2017-07-12,11:11:00,61.83,61.83,61.83,61.83,2000
VIGI,2017-07-12,11:31:00,61.92,61.95,61.92,61.95,323
VIGI,2017-07-12,11:49:00,61.95,61.95,61.95,61.95,100
VIGI,2017-07-12,11:51:00,61.89,61.89,61.89,61.89,700
VIGI,2017-07-12,11:52:00,61.89,61.89,61.89,61.89,400
VIGI,2017-07-12,11:53:00,61.91,61.91,61.89,61.91,1400
VIGI,2017-07-12,11:54:00,61.91,61.91,61.90,61.91,1400
VIGI,2017-07-12,11:55:00,61.95,61.95,61.93,61.93,400
VIGI,2017-07-12,11:56:00,61.90,61.91,61.89,61.90,3000
VIGI,2017-07-12,11:57:00,61.91,61.91,61.90,61.90,300
VIGI,2017-07-12,11:58:00,61.91,61.91,61.91,61.91,100
VIGI,2017-07-12,11:59:00,61.89,61.89,61.89,61.89,100
VIGI,2017-07-12,12:00:00,61.92,61.93,61.91,61.91,400
VIGI,2017-07-12,12:01:00,61.96,61.96,61.94,61.94,500
VIGI,2017-07-12,12:02:00,61.94,61.94,61.92,61.92,700
VIGI,2017-07-12,12:03:00,61.92,61.92,61.92,61.92,2300
VIGI,2017-07-12,12:04:00,61.93,61.95,61.91,61.91,1000
VIGI,2017-07-12,12:05:00,61.89,61.89,61.89,61.89,1100
VIGI,2017-07-12,12:06:00,61.89,61.89,61.89,61.89,400
VIGI,2017-07-12,12:07:00,61.92,61.94,61.92,61.92,900
VIGI,2017-07-12,12:08:00,61.92,61.92,61.91,61.91,700
VIGI,2017-07-12,12:10:00,61.94,61.94,61.94,61.94,350
VIGI,2017-07-12,12:12:00,61.95,61.96,61.95,61.96,400
VIGI,2017-07-12,12:14:00,61.91,61.91,61.91,61.91,100
VIGI,2017-07-12,12:24:00,61.93,61.93,61.93,61.93,300
VIGI,2017-07-12,12:25:00,61.94,61.94,61.94,61.94,321
VIGI,2017-07-12,12:42:00,62.07,62.07,61.99,61.99,628
VIGI,2017-07-12,12:48:00,62.04,62.04,62.04,62.04,161
VIGI,2017-07-12,12:56:00,62.01,62.01,62.01,62.01,300
VIGI,2017-07-12,12:58:00,62.08,62.08,62.08,62.08,510
VIGI,2017-07-12,13:06:00,62.01,62.01,62.01,62.01,100
VIGI,2017-07-12,13:10:00,61.99,62.03,61.99,62.03,341
VIGI,2017-07-12,13:19:00,62.01,62.02,62.01,62.02,400
VIGI,2017-07-12,13:27:00,62.01,62.01,62.01,62.01,200
VIGI,2017-07-12,13:35:00,62.04,62.04,62.04,62.04,320
VIGI,2017-07-12,13:50:00,62.03,62.03,62.01,62.01,1001
VIGI,2017-07-12,13:52:00,62.03,62.03,62.03,62.03,100
VIGI,2017-07-12,14:03:00,62.05,62.05,62.05,62.05,121
VIGI,2017-07-12,14:04:00,62.02,62.02,62.02,62.02,300
VIGI,2017-07-12,14:06:00,62.05,62.05,62.05,62.05,161
VIGI,2017-07-12,14:09:00,62.05,62.05,62.05,62.05,420
VIGI,2017-07-12,14:11:00,62.05,62.05,62.05,62.05,300
VIGI,2017-07-12,14:26:00,62.09,62.09,62.09,62.09,600
VIGI,2017-07-12,14:27:00,62.09,62.09,62.09,62.09,600
VIGI,2017-07-12,14:29:00,62.05,62.05,62.05,62.05,300
VIGI,2017-07-12,14:32:00,62.09,62.09,62.09,62.09,300
VIGI,2017-07-12,14:33:00,62.05,62.05,62.05,62.05,150
VIGI,2017-07-12,14:38:00,62.09,62.10,62.09,62.10,827
VIGI,2017-07-12,14:41:00,62.09,62.09,62.09,62.09,100
VIGI,2017-07-12,14:42:00,62.07,62.07,62.07,62.07,500
VIGI,2017-07-12,14:44:00,62.05,62.05,62.05,62.05,100
VIGI,2017-07-12,14:54:00,62.05,62.08,62.05,62.05,441
VIGI,2017-07-12,14:57:00,62.09,62.09,62.09,62.09,100
VIGI,2017-07-12,14:58:00,62.05,62.05,62.05,62.05,328
VIGI,2017-07-12,15:02:00,62.09,62.09,62.09,62.09,322
VIGI,2017-07-12,15:03:00,62.06,62.06,62.06,62.06,115
VIGI,2017-07-12,15:05:00,62.03,62.03,62.03,62.03,100
VIGI,2017-07-12,15:10:00,62.05,62.05,62.05,62.05,242
VIGI,2017-07-12,15:18:00,62.05,62.05,62.05,62.05,100
VIGI,2017-07-12,15:20:00,62.06,62.06,62.06,62.06,100
VIGI,2017-07-12,15:33:00,62.05,62.05,62.05,62.05,120
VIGI,2017-07-12,15:34:00,62.02,62.02,62.02,62.02,400
VIGI,2017-07-12,15:38:00,62.08,62.08,62.03,62.03,542
VIGI,2017-07-12,15:39:00,62.06,62.06,62.06,62.06,169
VIGI,2017-07-12,15:42:00,62.04,62.04,62.04,62.04,100
VIGI,2017-07-12,15:45:00,62.01,62.08,62.01,62.01,650
VIGI,2017-07-12,15:50:00,62.03,62.03,62.01,62.01,362
VIGI,2017-07-12,15:51:00,62.02,62.02,62.02,62.02,300
VIGI,2017-07-12,15:52:00,62.02,62.02,61.99,61.99,800
VIGI,2017-07-12,15:54:00,62.02,62.02,62.02,62.02,100
VIGI,2017-07-12,15:56:00,62.02,62.02,61.97,61.98,525
VIGI,2017-07-12,16:00:00,62.05,62.05,61.94,62.05,1350
VIGI,2017-07-13,09:30:00,62.00,62.00,62.00,62.00,2471
VIGI,2017-07-13,09:38:00,62.06,62.06,62.06,62.06,400
VIGI,2017-07-13,09:39:00,62.11,62.11,62.05,62.05,275
VIGI,2017-07-13,09:40:00,62.01,62.01,62.01,62.01,800
VIGI,2017-07-13,09:42:00,62.00,62.00,62.00,62.00,161
VIGI,2017-07-13,09:43:00,62.01,62.01,62.01,62.01,641
VIGI,2017-07-13,09:50:00,62.11,62.11,62.11,62.11,100
VIGI,2017-07-13,09:51:00,62.04,62.04,62.04,62.04,500
VIGI,2017-07-13,09:54:00,62.09,62.09,61.98,61.98,200
VIGI,2017-07-13,09:58:00,62.10,62.10,62.09,62.09,200
VIGI,2017-07-13,10:02:00,62.10,62.10,62.10,62.10,100
VIGI,2017-07-13,10:04:00,62.09,62.10,62.09,62.09,300
VIGI,2017-07-13,10:06:00,62.09,62.10,62.05,62.05,1205
VIGI,2017-07-13,10:11:00,62.07,62.07,62.07,62.07,100
VIGI,2017-07-13,10:12:00,61.99,61.99,61.98,61.99,1760
VIGI,2017-07-13,10:22:00,61.97,61.97,61.97,61.97,100
VIGI,2017-07-13,10:24:00,62.02,62.02,62.02,62.02,500
VIGI,2017-07-13,10:34:00,62.02,62.02,62.02,62.02,500
VIGI,2017-07-13,10:40:00,62.01,62.01,62.01,62.01,400
VIGI,2017-07-13,10:42:00,62.00,62.00,62.00,62.00,475
VIGI,2017-07-13,10:52:00,62.02,62.05,62.02,62.05,1800
VIGI,2017-07-13,10:57:00,62.04,62.04,62.04,62.04,402
VIGI,2017-07-13,10:58:00,62.04,62.04,62.04,62.04,100
VIGI,2017-07-13,10:59:00,62.05,62.05,62.04,62.04,200
VIGI,2017-07-13,11:03:00,62.06,62.08,62.04,62.08,422
VIGI,2017-07-13,11:05:00,62.04,62.04,62.04,62.04,250
VIGI,2017-07-13,11:06:00,62.01,62.01,62.01,62.01,300
VIGI,2017-07-13,11:09:00,62.05,62.05,62.05,62.05,371
VIGI,2017-07-13,11:12:00,62.04,62.04,62.04,62.04,100
VIGI,2017-07-13,11:20:00,62.06,62.06,62.06,62.06,200
VIGI,2017-07-13,11:24:00,62.06,62.06,62.06,62.06,225
VIGI,2017-07-13,11:26:00,62.05,62.05,62.05,62.05,1441
VIGI,2017-07-13,11:27:00,62.08,62.08,62.08,62.08,100
VIGI,2017-07-13,11:35:00,62.08,62.08,62.02,62.02,1005
VIGI,2017-07-13,11:36:00,62.02,62.02,62.02,62.02,100
VIGI,2017-07-13,11:46:00,62.00,62.00,61.99,61.99,1106
VIGI,2017-07-13,11:47:00,61.98,61.98,61.98,61.98,100
VIGI,2017-07-13,12:02:00,62.08,62.08,62.03,62.03,522
VIGI,2017-07-13,12:03:00,61.97,61.97,61.97,61.97,100
VIGI,2017-07-13,12:06:00,62.03,62.03,62.03,62.03,400
VIGI,2017-07-13,12:07:00,62.04,62.04,62.04,62.04,160
VIGI,2017-07-13,12:20:00,62.02,62.02,62.02,62.02,150
VIGI,2017-07-13,12:47:00,62.09,62.09,62.09,62.09,120
VIGI,2017-07-13,12:58:00,62.03,62.03,62.03,62.03,3200
VIGI,2017-07-13,12:59:00,62.04,62.04,62.04,62.04,176
VIGI,2017-07-13,13:04:00,62.01,62.01,62.01,62.01,100
VIGI,2017-07-13,13:05:00,62.08,62.08,62.08,62.08,200
VIGI,2017-07-13,13:08:00,62.06,62.06,62.05,62.05,307
VIGI,2017-07-13,13:16:00,62.04,62.08,62.04,62.08,3183
VIGI,2017-07-13,13:18:00,62.00,62.00,62.00,62.00,125
VIGI,2017-07-13,13:24:00,62.05,62.05,62.05,62.05,100
VIGI,2017-07-13,13:28:00,62.06,62.06,62.06,62.06,300
VIGI,2017-07-13,13:38:00,62.06,62.06,62.06,62.06,100
VIGI,2017-07-13,13:44:00,62.10,62.10,62.10,62.10,161
VIGI,2017-07-13,13:45:00,62.07,62.09,62.07,62.07,300
VIGI,2017-07-13,13:48:00,62.06,62.10,62.06,62.06,4200
VIGI,2017-07-13,13:49:00,62.10,62.10,62.06,62.06,1600
VIGI,2017-07-13,13:50:00,62.10,62.10,62.10,62.10,108
VIGI,2017-07-13,13:52:00,62.10,62.10,62.06,62.06,600
VIGI,2017-07-13,13:53:00,62.06,62.06,62.06,62.06,600
VIGI,2017-07-13,13:55:00,62.06,62.06,62.06,62.06,200
VIGI,2017-07-13,13:57:00,62.07,62.07,62.07,62.07,100
VIGI,2017-07-13,13:58:00,62.09,62.09,62.09,62.09,400
VIGI,2017-07-13,14:02:00,62.09,62.09,62.09,62.09,132
VIGI,2017-07-13,14:05:00,62.12,62.12,62.12,62.12,100
VIGI,2017-07-13,14:08:00,62.04,62.04,62.04,62.04,1000
VIGI,2017-07-13,14:10:00,62.09,62.09,62.09,62.09,200
VIGI,2017-07-13,14:20:00,62.09,62.09,62.09,62.09,100
VIGI,2017-07-13,14:21:00,62.08,62.08,62.08,62.08,214
VIGI,2017-07-13,14:27:00,62.07,62.12,62.07,62.12,1461
VIGI,2017-07-13,14:28:00,62.08,62.08,62.08,62.08,800
VIGI,2017-07-13,14:31:00,62.13,62.13,62.13,62.13,100
VIGI,2017-07-13,14:32:00,62.15,62.15,62.10,62.10,260
VIGI,2017-07-13,14:33:00,62.10,62.10,62.10,62.10,500
VIGI,2017-07-13,14:34:00,62.10,62.10,62.10,62.10,100
VIGI,2017-07-13,14:37:00,62.13,62.13,62.12,62.12,400
VIGI,2017-07-13,14:38:00,62.12,62.12,62.12,62.12,100
VIGI,2017-07-13,14:39:00,62.13,62.13,62.13,62.13,100
VIGI,2017-07-13,14:43:00,62.15,62.20,62.15,62.17,9174
VIGI,2017-07-13,14:45:00,62.19,62.19,62.19,62.19,570
VIGI,2017-07-13,14:48:00,62.17,62.17,62.17,62.17,1250
VIGI,2017-07-13,15:01:00,62.17,62.17,62.17,62.17,100
VIGI,2017-07-13,15:02:00,62.18,62.19,62.17,62.19,893
VIGI,2017-07-13,15:03:00,62.17,62.17,62.17,62.17,100
VIGI,2017-07-13,15:04:00,62.18,62.18,62.17,62.17,200
VIGI,2017-07-13,15:05:00,62.17,62.18,62.17,62.17,300
VIGI,2017-07-13,15:06:00,62.18,62.18,62.18,62.18,1977
VIGI,2017-07-13,15:07:00,62.17,62.17,62.15,62.15,3350
VIGI,2017-07-13,15:08:00,62.15,62.15,62.15,62.15,820
VIGI,2017-07-13,15:09:00,62.15,62.17,62.15,62.17,5100
VIGI,2017-07-13,15:10:00,62.16,62.17,62.14,62.14,800
VIGI,2017-07-13,15:13:00,62.14,62.14,62.14,62.14,521
VIGI,2017-07-13,15:14:00,62.14,62.14,62.14,62.14,500
VIGI,2017-07-13,15:15:00,62.15,62.15,62.15,62.15,200
VIGI,2017-07-13,15:16:00,62.16,62.16,62.16,62.16,100
VIGI,2017-07-13,15:18:00,62.14,62.14,62.14,62.14,100
VIGI,2017-07-13,15:19:00,62.14,62.14,62.14,62.14,600
VIGI,2017-07-13,15:24:00,62.22,62.22,62.22,62.22,256
VIGI,2017-07-13,15:29:00,62.20,62.20,62.20,62.20,600
VIGI,2017-07-13,15:32:00,62.21,62.21,62.21,62.21,160
VIGI,2017-07-13,15:40:00,62.18,62.18,62.18,62.18,227
VIGI,2017-07-13,15:46:00,62.18,62.18,62.18,62.18,500
VIGI,2017-07-13,15:49:00,62.20,62.20,62.20,62.20,400
VIGI,2017-07-13,15:52:00,62.18,62.18,62.18,62.18,100
VIGI,2017-07-13,15:54:00,62.22,62.22,62.22,62.22,550
VIGI,2017-07-13,15:55:00,62.20,62.20,62.20,62.20,300
VIGI,2017-07-13,15:56:00,62.19,62.19,62.18,62.18,700
VIGI,2017-07-13,15:57:00,62.18,62.18,62.15,62.17,343
VIGI,2017-07-13,15:59:00,62.12,62.12,62.12,62.12,160
VIGI,2017-07-13,16:00:00,62.12,62.13,62.09,62.13,4782
VIGI,2017-07-14,09:30:00,62.80,62.80,62.80,62.80,10957
VIGI,2017-07-14,09:31:00,62.80,62.80,62.80,62.80,343
VIGI,2017-07-14,09:36:00,62.49,62.49,62.47,62.49,3619
VIGI,2017-07-14,09:37:00,62.47,62.47,62.47,62.47,700
VIGI,2017-07-14,09:38:00,62.46,62.46,62.43,62.45,1300
VIGI,2017-07-14,09:41:00,62.45,62.47,62.45,62.47,600
VIGI,2017-07-14,09:43:00,62.48,62.48,62.48,62.48,400
VIGI,2017-07-14,09:50:00,62.40,62.40,62.40,62.40,150
VIGI,2017-07-14,09:51:00,62.41,62.41,62.41,62.41,200
VIGI,2017-07-14,09:54:00,62.52,62.52,62.52,62.52,100
VIGI,2017-07-14,10:00:00,62.60,62.60,62.60,62.60,150
VIGI,2017-07-14,10:06:00,62.53,62.53,62.53,62.53,250
VIGI,2017-07-14,10:13:00,62.52,62.52,62.52,62.52,400
VIGI,2017-07-14,10:14:00,62.49,62.49,62.49,62.49,200
VIGI,2017-07-14,10:15:00,62.49,62.49,62.49,62.49,100
VIGI,2017-07-14,10:19:00,62.50,62.50,62.50,62.50,160
VIGI,2017-07-14,10:25:00,62.48,62.51,62.48,62.51,960
VIGI,2017-07-14,10:34:00,62.50,62.50,62.50,62.50,367
VIGI,2017-07-14,10:37:00,62.47,62.50,62.47,62.50,200
VIGI,2017-07-14,10:43:00,62.45,62.50,62.45,62.50,859
VIGI,2017-07-14,10:44:00,62.48,62.48,62.48,62.48,160
VIGI,2017-07-14,10:47:00,62.40,62.40,62.40,62.40,400
VIGI,2017-07-14,10:50:00,62.46,62.48,62.46,62.46,3536
VIGI,2017-07-14,10:52:00,62.46,62.46,62.46,62.46,200
VIGI,2017-07-14,11:04:00,62.48,62.48,62.48,62.48,260
VIGI,2017-07-14,11:08:00,62.47,62.47,62.47,62.47,159
VIGI,2017-07-14,11:12:00,62.40,62.40,62.40,62.40,160
VIGI,2017-07-14,11:14:00,62.49,62.49,62.47,62.47,667
VIGI,2017-07-14,11:15:00,62.47,62.47,62.47,62.47,1000
VIGI,2017-07-14,11:22:00,62.50,62.50,62.50,62.50,120
VIGI,2017-07-14,11:30:00,62.48,62.48,62.48,62.48,125
VIGI,2017-07-14,11:31:00,62.52,62.52,62.52,62.52,810
VIGI,2017-07-14,11:32:00,62.54,62.54,62.54,62.54,200
VIGI,2017-07-14,11:48:00,62.54,62.54,62.54,62.54,320
VIGI,2017-07-14,11:57:00,62.48,62.48,62.48,62.48,120
VIGI,2017-07-14,12:20:00,62.52,62.55,62.52,62.55,633
VIGI,2017-07-14,12:26:00,62.53,62.53,62.52,62.52,400
VIGI,2017-07-14,12:46:00,62.56,62.56,62.56,62.56,100
VIGI,2017-07-14,12:49:00,62.61,62.61,62.56,62.56,500
VIGI,2017-07-14,12:52:00,62.58,62.58,62.58,62.58,100
VIGI,2017-07-14,13:07:00,62.61,62.61,62.58,62.58,200
VIGI,2017-07-14,13:08:00,62.61,62.61,62.61,62.61,200
VIGI,2017-07-14,13:16:00,62.60,62.60,62.59,62.59,200
VIGI,2017-07-14,13:19:00,62.60,62.60,62.60,62.60,212
VIGI,2017-07-14,13:21:00,62.60,62.60,62.60,62.60,800
VIGI,2017-07-14,13:22:00,62.61,62.61,62.61,62.61,100
VIGI,2017-07-14,13:32:00,62.62,62.62,62.62,62.62,200
VIGI,2017-07-14,13:35:00,62.62,62.62,62.62,62.62,586
VIGI,2017-07-14,13:42:00,62.62,62.62,62.62,62.62,100
VIGI,2017-07-14,13:48:00,62.64,62.64,62.63,62.63,341
VIGI,2017-07-14,13:56:00,62.65,62.65,62.65,62.65,800
VIGI,2017-07-14,13:57:00,62.66,62.66,62.66,62.66,135
VIGI,2017-07-14,13:59:00,62.66,62.66,62.66,62.66,160
VIGI,2017-07-14,14:00:00,62.65,62.65,62.64,62.64,700
VIGI,2017-07-14,14:08:00,62.65,62.65,62.65,62.65,100
VIGI,2017-07-14,14:09:00,62.65,62.65,62.65,62.65,100
VIGI,2017-07-14,14:15:00,62.65,62.65,62.65,62.65,200
VIGI,2017-07-14,14:17:00,62.71,62.71,62.71,62.71,120
VIGI,2017-07-14,14:18:00,62.67,62.70,62.66,62.69,2993
VIGI,2017-07-14,14:21:00,62.65,62.65,62.65,62.65,100
VIGI,2017-07-14,14:24:00,62.65,62.65,62.65,62.65,200
VIGI,2017-07-14,14:25:00,62.68,62.68,62.68,62.68,315
VIGI,2017-07-14,14:26:00,62.59,62.59,62.59,62.59,150
VIGI,2017-07-14,14:29:00,62.67,62.67,62.66,62.66,227
VIGI,2017-07-14,14:32:00,62.67,62.67,62.67,62.67,100
VIGI,2017-07-14,14:33:00,62.67,62.67,62.67,62.67,100
VIGI,2017-07-14,14:41:00,62.66,62.68,62.65,62.65,2600
VIGI,2017-07-14,14:42:00,62.64,62.64,62.64,62.64,2700
VIGI,2017-07-14,14:43:00,62.63,62.63,62.63,62.63,900
VIGI,2017-07-14,14:44:00,62.65,62.65,62.65,62.65,100
VIGI,2017-07-14,14:47:00,62.65,62.65,62.65,62.65,100
VIGI,2017-07-14,14:56:00,62.65,62.65,62.65,62.65,165
VIGI,2017-07-14,14:57:00,62.63,62.65,62.63,62.63,800
VIGI,2017-07-14,15:00:00,62.63,62.63,62.63,62.63,650
VIGI,2017-07-14,15:05:00,62.63,62.63,62.62,62.63,3754
VIGI,2017-07-14,15:06:00,62.63,62.63,62.63,62.63,2700
VIGI,2017-07-14,15:07:00,62.63,62.63,62.63,62.63,200
VIGI,2017-07-14,15:11:00,62.63,62.63,62.63,62.63,200
VIGI,2017-07-14,15:14:00,62.63,62.63,62.63,62.63,419
VIGI,2017-07-14,15:15:00,62.63,62.63,62.63,62.63,135
VIGI,2017-07-14,15:16:00,62.62,62.64,62.62,62.63,1326
VIGI,2017-07-14,15:17:00,62.64,62.65,62.63,62.64,1508
VIGI,2017-07-14,15:18:00,62.65,62.67,62.64,62.67,3750
VIGI,2017-07-14,15:19:00,62.66,62.66,62.66,62.66,1700
VIGI,2017-07-14,15:23:00,62.68,62.68,62.68,62.68,300
VIGI,2017-07-14,15:24:00,62.70,62.70,62.70,62.70,100
VIGI,2017-07-14,15:28:00,62.68,62.68,62.68,62.68,300
VIGI,2017-07-14,15:38:00,62.72,62.72,62.72,62.72,1875
VIGI,2017-07-14,15:39:00,62.68,62.73,62.68,62.73,730
VIGI,2017-07-14,15:40:00,62.70,62.70,62.70,62.70,100
VIGI,2017-07-14,15:41:00,62.74,62.75,62.70,62.70,600
VIGI,2017-07-14,15:45:00,62.69,62.69,62.69,62.69,911
VIGI,2017-07-14,15:46:00,62.70,62.70,62.69,62.69,2643
VIGI,2017-07-14,15:50:00,62.72,62.72,62.72,62.72,100
VIGI,2017-07-14,15:51:00,62.67,62.70,62.66,62.70,1500
VIGI,2017-07-14,15:52:00,62.66,62.66,62.64,62.64,900
VIGI,2017-07-14,15:56:00,62.66,62.76,62.66,62.76,919
VIGI,2017-07-14,15:57:00,62.66,62.66,62.65,62.65,300
VIGI,2017-07-14,16:00:00,62.57,62.66,62.55,62.65,1946
VIGI,2017-07-17,09:30:00,63.27,63.27,62.85,62.85,7955
VIGI,2017-07-17,09:31:00,63.27,63.27,62.61,62.61,1954
VIGI,2017-07-17,09:32:00,62.51,62.64,62.51,62.64,842
VIGI,2017-07-17,09:34:00,62.62,62.62,62.61,62.61,700
VIGI,2017-07-17,09:35:00,62.58,62.58,62.58,62.58,300
VIGI,2017-07-17,09:36:00,62.58,62.58,62.58,62.58,400
VIGI,2017-07-17,09:37:00,62.56,62.56,62.56,62.56,100
VIGI,2017-07-17,09:39:00,62.58,62.59,62.58,62.59,200
VIGI,2017-07-17,09:40:00,62.58,62.59,62.58,62.59,200
VIGI,2017-07-17,09:41:00,62.58,62.58,62.55,62.55,200
VIGI,2017-07-17,09:42:00,62.55,62.55,62.53,62.53,200
VIGI,2017-07-17,09:48:00,62.66,62.66,62.66,62.66,995
VIGI,2017-07-17,09:49:00,62.63,62.63,62.63,62.63,200
VIGI,2017-07-17,10:03:00,62.66,62.66,62.63,62.63,220
VIGI,2017-07-17,10:27:00,62.63,62.65,62.63,62.65,1000
VIGI,2017-07-17,10:38:00,62.65,62.65,62.65,62.65,485
VIGI,2017-07-17,10:42:00,62.64,62.64,62.64,62.64,100
VIGI,2017-07-17,11:00:00,62.55,62.59,62.55,62.59,450
VIGI,2017-07-17,11:02:00,62.62,62.62,62.62,62.62,173
VIGI,2017-07-17,11:03:00,62.61,62.61,62.61,62.61,110
VIGI,2017-07-17,11:06:00,62.61,62.61,62.61,62.61,160
VIGI,2017-07-17,11:07:00,62.62,62.62,62.62,62.62,156
VIGI,2017-07-17,11:10:00,62.52,62.52,62.51,62.51,200
VIGI,2017-07-17,11:13:00,62.60,62.60,62.60,62.60,1285
VIGI,2017-07-17,11:14:00,62.56,62.56,62.56,62.56,100
VIGI,2017-07-17,11:16:00,62.59,62.59,62.59,62.59,496
VIGI,2017-07-17,11:19:00,62.58,62.58,62.58,62.58,127
VIGI,2017-07-17,11:30:00,62.56,62.56,62.56,62.56,239
VIGI,2017-07-17,11:32:00,62.55,62.55,62.55,62.55,400
VIGI,2017-07-17,11:34:00,62.55,62.55,62.55,62.55,160
VIGI,2017-07-17,11:35:00,62.52,62.59,62.52,62.55,4341
VIGI,2017-07-17,11:36:00,62.50,62.50,62.50,62.50,800
VIGI,2017-07-17,11:37:00,62.50,62.50,62.49,62.49,300
VIGI,2017-07-17,11:38:00,62.50,62.50,62.50,62.50,100
VIGI,2017-07-17,11:42:00,62.51,62.51,62.51,62.51,104
VIGI,2017-07-17,11:47:00,62.50,62.50,62.47,62.50,600
VIGI,2017-07-17,11:52:00,62.48,62.48,62.48,62.48,500
VIGI,2017-07-17,11:53:00,62.59,62.59,62.50,62.50,2023
VIGI,2017-07-17,11:56:00,62.55,62.55,62.55,62.55,1055
VIGI,2017-07-17,11:57:00,62.50,62.50,62.48,62.48,350
VIGI,2017-07-17,12:02:00,62.47,62.50,62.47,62.50,5900
VIGI,2017-07-17,12:03:00,62.50,62.50,62.50,62.50,3000
VIGI,2017-07-17,12:04:00,62.48,62.48,62.47,62.47,500
VIGI,2017-07-17,12:05:00,62.47,62.48,62.47,62.48,1800
VIGI,2017-07-17,12:11:00,62.56,62.56,62.56,62.56,100
VIGI,2017-07-17,12:22:00,62.51,62.51,62.51,62.51,302
VIGI,2017-07-17,12:23:00,62.50,62.50,62.50,62.50,100
VIGI,2017-07-17,12:25:00,62.52,62.52,62.52,62.52,300
VIGI,2017-07-17,12:26:00,62.52,62.52,62.52,62.52,230
VIGI,2017-07-17,12:27:00,62.52,62.52,62.52,62.52,302
VIGI,2017-07-17,12:32:00,62.51,62.51,62.51,62.51,302
VIGI,2017-07-17,12:33:00,62.51,62.51,62.51,62.51,220
VIGI,2017-07-17,12:34:00,62.51,62.51,62.51,62.51,296
VIGI,2017-07-17,12:35:00,62.55,62.55,62.52,62.52,4940
VIGI,2017-07-17,12:36:00,62.52,62.52,62.52,62.52,302
VIGI,2017-07-17,12:37:00,62.52,62.52,62.52,62.52,802
VIGI,2017-07-17,12:38:00,62.51,62.51,62.51,62.51,100
VIGI,2017-07-17,12:39:00,62.52,62.52,62.52,62.52,480
VIGI,2017-07-17,12:42:00,62.52,62.52,62.52,62.52,100
VIGI,2017-07-17,12:43:00,62.50,62.50,62.50,62.50,100
VIGI,2017-07-17,12:47:00,62.53,62.53,62.53,62.53,300
VIGI,2017-07-17,12:50:00,62.52,62.52,62.52,62.52,1200
VIGI,2017-07-17,12:51:00,62.51,62.51,62.51,62.51,100
VIGI,2017-07-17,12:57:00,62.52,62.52,62.52,62.52,159
VIGI,2017-07-17,12:58:00,62.52,62.52,62.52,62.52,1597
VIGI,2017-07-17,12:59:00,62.49,62.50,62.49,62.50,900
VIGI,2017-07-17,13:16:00,62.53,62.54,62.51,62.54,600
VIGI,2017-07-17,13:17:00,62.52,62.52,62.52,62.52,127
VIGI,2017-07-17,13:18:00,62.52,62.52,62.52,62.52,100
VIGI,2017-07-17,13:19:00,62.52,62.52,62.51,62.51,560
VIGI,2017-07-17,13:20:00,62.52,62.52,62.52,62.52,245
VIGI,2017-07-17,13:21:00,62.51,62.51,62.51,62.51,100
VIGI,2017-07-17,13:25:00,62.51,62.51,62.51,62.51,100
VIGI,2017-07-17,13:26:00,62.54,62.54,62.54,62.54,600
VIGI,2017-07-17,13:37:00,62.54,62.54,62.54,62.54,175
VIGI,2017-07-17,13:42:00,62.50,62.50,62.50,62.50,100
VIGI,2017-07-17,13:43:00,62.50,62.50,62.50,62.50,200
VIGI,2017-07-17,13:44:00,62.51,62.54,62.51,62.51,400
VIGI,2017-07-17,13:45:00,62.51,62.53,62.51,62.51,800
VIGI,2017-07-17,13:49:00,62.58,62.59,62.58,62.59,300
VIGI,2017-07-17,13:51:00,62.53,62.53,62.53,62.53,300
VIGI,2017-07-17,14:03:00,62.48,62.48,62.48,62.48,200
VIGI,2017-07-17,14:08:00,62.47,62.47,62.47,62.47,200
VIGI,2017-07-17,14:09:00,62.50,62.50,62.50,62.50,1200
VIGI,2017-07-17,14:11:00,62.48,62.48,62.48,62.48,100
VIGI,2017-07-17,14:14:00,62.49,62.49,62.49,62.49,150
VIGI,2017-07-17,14:23:00,62.53,62.53,62.53,62.53,165
VIGI,2017-07-17,14:24:00,62.46,62.46,62.46,62.46,100
VIGI,2017-07-17,14:30:00,62.45,62.50,62.45,62.50,240
VIGI,2017-07-17,14:36:00,62.46,62.46,62.46,62.46,100
VIGI,2017-07-17,14:46:00,62.49,62.49,62.49,62.49,1600
VIGI,2017-07-17,14:47:00,62.47,62.47,62.47,62.47,100
VIGI,2017-07-17,14:48:00,62.46,62.46,62.46,62.46,100
VIGI,2017-07-17,14:56:00,62.47,62.47,62.47,62.47,100
VIGI,2017-07-17,15:02:00,62.51,62.51,62.51,62.51,625
VIGI,2017-07-17,15:05:00,62.54,62.54,62.54,62.54,700
VIGI,2017-07-17,15:09:00,62.44,62.44,62.44,62.44,100
VIGI,2017-07-17,15:11:00,62.48,62.48,62.48,62.48,175
VIGI,2017-07-17,15:12:00,62.45,62.45,62.45,62.45,100
VIGI,2017-07-17,15:15:00,62.47,62.47,62.47,62.47,1650
VIGI,2017-07-17,15:18:00,62.45,62.45,62.45,62.45,200
VIGI,2017-07-17,15:19:00,62.45,62.45,62.45,62.45,100
VIGI,2017-07-17,15:20:00,62.44,62.44,62.44,62.44,400
VIGI,2017-07-17,15:21:00,62.44,62.44,62.44,62.44,400
VIGI,2017-07-17,15:22:00,62.43,62.44,62.43,62.44,949
VIGI,2017-07-17,15:25:00,62.42,62.42,62.41,62.41,300
VIGI,2017-07-17,15:28:00,62.42,62.42,62.42,62.42,100
VIGI,2017-07-17,15:32:00,62.44,62.44,62.44,62.44,240
VIGI,2017-07-17,15:41:00,62.50,62.50,62.50,62.50,200
VIGI,2017-07-17,15:44:00,62.46,62.46,62.46,62.46,100
VIGI,2017-07-17,15:46:00,62.50,62.55,62.46,62.50,1318
VIGI,2017-07-17,15:50:00,62.48,62.48,62.48,62.48,200
VIGI,2017-07-17,15:51:00,62.48,62.48,62.48,62.48,200
VIGI,2017-07-17,15:56:00,62.55,62.55,62.55,62.55,200
VIGI,2017-07-17,15:57:00,62.49,62.49,62.49,62.49,100
VIGI,2017-07-17,16:00:00,62.45,62.54,62.45,62.54,1357
VIGI,2017-07-18,09:30:00,62.50,62.50,62.50,62.50,2920
VIGI,2017-07-18,09:35:00,62.53,62.53,62.52,62.52,300
VIGI,2017-07-18,09:37:00,62.51,62.51,62.51,62.51,600
VIGI,2017-07-18,09:38:00,62.53,62.53,62.53,62.53,200
VIGI,2017-07-18,09:39:00,62.53,62.53,62.53,62.53,206
VIGI,2017-07-18,09:41:00,62.59,62.59,62.59,62.59,400
VIGI,2017-07-18,09:42:00,62.62,62.62,62.62,62.62,550
VIGI,2017-07-18,09:51:00,62.51,62.51,62.51,62.51,140
VIGI,2017-07-18,09:52:00,62.49,62.49,62.49,62.49,401
VIGI,2017-07-18,09:56:00,62.43,62.43,62.43,62.43,100
VIGI,2017-07-18,10:03:00,62.45,62.45,62.40,62.40,1828
VIGI,2017-07-18,10:09:00,62.47,62.47,62.47,62.47,200
VIGI,2017-07-18,10:15:00,62.46,62.46,62.46,62.46,100
VIGI,2017-07-18,10:18:00,62.59,62.59,62.59,62.59,125
VIGI,2017-07-18,10:20:00,62.42,62.42,62.42,62.42,1000
VIGI,2017-07-18,10:22:00,62.42,62.46,62.42,62.46,900
VIGI,2017-07-18,10:27:00,62.55,62.61,62.53,62.53,1000
VIGI,2017-07-18,10:28:00,62.42,62.46,62.42,62.44,1700
VIGI,2017-07-18,10:29:00,62.40,62.40,62.40,62.40,100
VIGI,2017-07-18,10:30:00,62.40,62.40,62.40,62.40,100
VIGI,2017-07-18,10:39:00,62.39,62.39,62.39,62.39,175
VIGI,2017-07-18,10:47:00,62.38,62.38,62.38,62.38,400
VIGI,2017-07-18,10:56:00,62.37,62.37,62.37,62.37,224
VIGI,2017-07-18,11:05:00,62.37,62.39,62.36,62.37,700
VIGI,2017-07-18,11:06:00,62.37,62.37,62.37,62.37,200
VIGI,2017-07-18,11:07:00,62.37,62.37,62.37,62.37,100
VIGI,2017-07-18,11:08:00,62.36,62.36,62.34,62.34,360
VIGI,2017-07-18,11:14:00,62.38,62.38,62.38,62.38,240
VIGI,2017-07-18,11:17:00,62.35,62.35,62.35,62.35,100
VIGI,2017-07-18,11:18:00,62.35,62.35,62.35,62.35,750
VIGI,2017-07-18,11:19:00,62.35,62.35,62.35,62.35,3000
VIGI,2017-07-18,11:20:00,62.35,62.35,62.35,62.35,100
VIGI,2017-07-18,11:21:00,62.35,62.35,62.35,62.35,100
VIGI,2017-07-18,11:28:00,62.35,62.35,62.31,62.31,900
VIGI,2017-07-18,11:30:00,62.33,62.34,62.33,62.34,200
VIGI,2017-07-18,11:32:00,62.33,62.34,62.32,62.33,1500
VIGI,2017-07-18,11:33:00,62.32,62.38,62.32,62.38,400
VIGI,2017-07-18,11:34:00,62.40,62.40,62.38,62.38,900
VIGI,2017-07-18,11:35:00,62.38,62.38,62.38,62.38,300
VIGI,2017-07-18,11:37:00,62.34,62.34,62.34,62.34,100
VIGI,2017-07-18,11:40:00,62.34,62.34,62.34,62.34,400
VIGI,2017-07-18,11:48:00,62.38,62.38,62.38,62.38,400
VIGI,2017-07-18,11:57:00,62.45,62.45,62.45,62.45,400
VIGI,2017-07-18,12:00:00,62.48,62.48,62.42,62.42,1430
VIGI,2017-07-18,12:03:00,62.46,62.46,62.46,62.46,252
VIGI,2017-07-18,12:05:00,62.46,62.46,62.46,62.46,285
VIGI,2017-07-18,12:08:00,62.45,62.45,62.45,62.45,160
VIGI,2017-07-18,12:22:00,62.49,62.49,62.49,62.49,300
VIGI,2017-07-18,12:25:00,62.49,62.49,62.48,62.48,805
VIGI,2017-07-18,12:27:00,62.42,62.42,62.42,62.42,100
VIGI,2017-07-18,12:29:00,62.40,62.40,62.40,62.40,150
VIGI,2017-07-18,12:38:00,62.50,62.50,62.50,62.50,120
VIGI,2017-07-18,12:49:00,62.43,62.43,62.43,62.43,135
VIGI,2017-07-18,13:00:00,62.52,62.52,62.52,62.52,255
VIGI,2017-07-18,13:02:00,62.37,62.37,62.37,62.37,226
VIGI,2017-07-18,13:03:00,62.46,62.52,62.42,62.52,3708
VIGI,2017-07-18,13:05:00,62.40,62.40,62.40,62.40,100
VIGI,2017-07-18,13:06:00,62.40,62.40,62.40,62.40,100
VIGI,2017-07-18,13:15:00,62.48,62.48,62.42,62.42,703
VIGI,2017-07-18,13:16:00,62.43,62.43,62.43,62.43,640
VIGI,2017-07-18,13:31:00,62.40,62.40,62.39,62.39,200
VIGI,2017-07-18,13:32:00,62.40,62.40,62.39,62.39,300
VIGI,2017-07-18,13:33:00,62.39,62.39,62.39,62.39,100
VIGI,2017-07-18,13:40:00,62.45,62.48,62.40,62.40,300
VIGI,2017-07-18,13:41:00,62.38,62.38,62.38,62.38,100
VIGI,2017-07-18,13:42:00,62.39,62.40,62.39,62.39,4100
VIGI,2017-07-18,13:43:00,62.39,62.39,62.39,62.39,1200
VIGI,2017-07-18,13:44:00,62.37,62.37,62.35,62.35,200
VIGI,2017-07-18,13:45:00,62.37,62.37,62.37,62.37,450
VIGI,2017-07-18,13:46:00,62.37,62.37,62.37,62.37,2950
VIGI,2017-07-18,13:47:00,62.37,62.37,62.37,62.37,2250
VIGI,2017-07-18,13:48:00,62.37,62.39,62.36,62.39,900
VIGI,2017-07-18,13:49:00,62.37,62.37,62.37,62.37,100
VIGI,2017-07-18,13:50:00,62.46,62.46,62.46,62.46,100
VIGI,2017-07-18,13:51:00,62.40,62.40,62.40,62.40,200
VIGI,2017-07-18,13:52:00,62.39,62.45,62.39,62.40,2550
VIGI,2017-07-18,13:53:00,62.39,62.39,62.39,62.39,100
VIGI,2017-07-18,13:54:00,62.38,62.38,62.38,62.38,300
VIGI,2017-07-18,13:55:00,62.38,62.38,62.38,62.38,2000
VIGI,2017-07-18,14:04:00,62.46,62.46,62.46,62.46,150
VIGI,2017-07-18,14:15:00,62.52,62.52,62.40,62.40,1830
VIGI,2017-07-18,14:17:00,62.48,62.48,62.48,62.48,150
VIGI,2017-07-18,14:21:00,62.45,62.45,62.40,62.40,361
VIGI,2017-07-18,14:29:00,62.45,62.45,62.45,62.45,200
VIGI,2017-07-18,14:32:00,62.45,62.45,62.45,62.45,1111
VIGI,2017-07-18,14:34:00,62.45,62.45,62.45,62.45,100
VIGI,2017-07-18,14:35:00,62.41,62.41,62.41,62.41,200
VIGI,2017-07-18,14:36:00,62.45,62.45,62.45,62.45,145
VIGI,2017-07-18,14:38:00,62.47,62.47,62.47,62.47,344
VIGI,2017-07-18,14:43:00,62.42,62.42,62.42,62.42,247
VIGI,2017-07-18,14:44:00,62.48,62.48,62.48,62.48,120
VIGI,2017-07-18,14:50:00,62.43,62.43,62.43,62.43,700
VIGI,2017-07-18,14:58:00,62.49,62.49,62.48,62.48,1225
VIGI,2017-07-18,14:59:00,62.45,62.45,62.45,62.45,200
VIGI,2017-07-18,15:00:00,62.45,62.45,62.45,62.45,100
VIGI,2017-07-18,15:14:00,62.46,62.49,62.46,62.49,735
VIGI,2017-07-18,15:15:00,62.46,62.46,62.46,62.46,100
VIGI,2017-07-18,15:21:00,62.46,62.46,62.46,62.46,400
VIGI,2017-07-18,15:23:00,62.45,62.45,62.45,62.45,600
VIGI,2017-07-18,15:32:00,62.46,62.46,62.46,62.46,500
VIGI,2017-07-18,15:33:00,62.45,62.46,62.45,62.45,900
VIGI,2017-07-18,15:34:00,62.49,62.49,62.49,62.49,300
VIGI,2017-07-18,15:41:00,62.49,62.49,62.49,62.49,100
VIGI,2017-07-18,15:43:00,62.49,62.49,62.49,62.49,100
VIGI,2017-07-18,15:46:00,62.47,62.52,62.47,62.52,200
VIGI,2017-07-18,15:47:00,62.52,62.52,62.48,62.48,200
VIGI,2017-07-18,15:48:00,62.52,62.52,62.52,62.52,100
VIGI,2017-07-18,15:50:00,62.48,62.48,62.48,62.48,350
VIGI,2017-07-18,15:51:00,62.52,62.52,62.52,62.52,100
VIGI,2017-07-18,15:54:00,62.52,62.52,62.52,62.52,100
VIGI,2017-07-18,15:56:00,62.53,62.53,62.53,62.53,100
VIGI,2017-07-18,15:58:00,62.52,62.52,62.52,62.52,100
VIGI,2017-07-18,15:59:00,62.53,62.53,62.50,62.50,300
VIGI,2017-07-18,16:00:00,62.50,62.53,62.50,62.51,1218
VIGI,2017-07-19,09:30:00,62.75,62.75,62.75,62.75,4957
VIGI,2017-07-19,09:31:00,63.11,63.11,63.11,63.11,150
VIGI,2017-07-19,09:34:00,62.95,62.95,62.90,62.90,1100
VIGI,2017-07-19,09:35:00,62.91,62.91,62.91,62.91,2700
VIGI,2017-07-19,09:36:00,62.91,62.94,62.91,62.93,2355
VIGI,2017-07-19,09:39:00,62.98,63.09,62.97,63.09,1300
VIGI,2017-07-19,09:40:00,63.05,63.07,63.03,63.07,400
VIGI,2017-07-19,09:41:00,63.12,63.12,63.12,63.12,620
VIGI,2017-07-19,09:45:00,63.07,63.07,63.07,63.07,250
VIGI,2017-07-19,09:48:00,62.95,62.95,62.95,62.95,100
VIGI,2017-07-19,09:55:00,62.98,62.98,62.95,62.98,517
VIGI,2017-07-19,09:59:00,63.03,63.03,63.03,63.03,190
VIGI,2017-07-19,10:00:00,62.95,62.95,62.95,62.95,100
VIGI,2017-07-19,10:04:00,62.97,63.04,62.97,63.04,480
VIGI,2017-07-19,10:05:00,63.06,63.06,63.06,63.06,100
VIGI,2017-07-19,10:08:00,63.00,63.00,63.00,63.00,400
VIGI,2017-07-19,10:25:00,63.01,63.01,62.96,62.96,291
VIGI,2017-07-19,10:26:00,62.92,62.92,62.92,62.92,100
VIGI,2017-07-19,10:27:00,62.92,62.92,62.92,62.92,100
VIGI,2017-07-19,10:32:00,62.95,62.95,62.95,62.95,750
VIGI,2017-07-19,10:33:00,62.93,62.93,62.90,62.91,2500
VIGI,2017-07-19,10:35:00,62.92,62.92,62.92,62.92,300
VIGI,2017-07-19,10:40:00,62.90,62.90,62.90,62.90,100
VIGI,2017-07-19,10:41:00,62.87,62.87,62.87,62.87,1200
VIGI,2017-07-19,11:02:00,62.93,62.93,62.93,62.93,400
VIGI,2017-07-19,11:04:00,62.93,62.93,62.93,62.93,200
VIGI,2017-07-19,11:05:00,62.93,62.93,62.93,62.93,400
VIGI,2017-07-19,11:07:00,62.92,62.92,62.92,62.92,100
VIGI,2017-07-19,11:08:00,62.93,62.93,62.93,62.93,400
VIGI,2017-07-19,11:10:00,62.93,62.93,62.93,62.93,500
VIGI,2017-07-19,11:17:00,62.99,63.03,62.97,63.03,1635
VIGI,2017-07-19,11:19:00,63.00,63.00,62.97,62.97,1502
VIGI,2017-07-19,11:20:00,62.96,62.97,62.96,62.97,300
VIGI,2017-07-19,11:23:00,62.97,62.97,62.97,62.97,100
VIGI,2017-07-19,11:30:00,62.98,62.98,62.97,62.97,997
VIGI,2017-07-19,11:31:00,62.97,62.97,62.96,62.96,200
VIGI,2017-07-19,11:33:00,62.95,62.95,62.95,62.95,500
VIGI,2017-07-19,11:36:00,62.95,62.95,62.93,62.93,700
VIGI,2017-07-19,11:37:00,62.92,62.92,62.92,62.92,100
VIGI,2017-07-19,11:38:00,62.98,62.98,62.98,62.98,247
VIGI,2017-07-19,11:39:00,62.98,63.06,62.98,63.06,850
VIGI,2017-07-19,11:42:00,62.99,62.99,62.99,62.99,300
VIGI,2017-07-19,11:43:00,62.99,62.99,62.94,62.97,550
VIGI,2017-07-19,11:44:00,62.91,62.91,62.91,62.91,100
VIGI,2017-07-19,11:46:00,62.94,62.96,62.94,62.96,200
VIGI,2017-07-19,11:47:00,62.89,62.89,62.89,62.89,1100
VIGI,2017-07-19,11:50:00,62.91,62.91,62.91,62.91,100
VIGI,2017-07-19,11:54:00,62.91,62.91,62.91,62.91,100
VIGI,2017-07-19,12:04:00,62.96,62.96,62.96,62.96,185
VIGI,2017-07-19,12:05:00,62.99,62.99,62.89,62.89,659
VIGI,2017-07-19,12:08:00,62.94,62.94,62.94,62.94,100
VIGI,2017-07-19,12:09:00,62.96,62.96,62.96,62.96,158
VIGI,2017-07-19,12:12:00,62.96,62.96,62.96,62.96,100
VIGI,2017-07-19,12:14:00,62.94,62.96,62.94,62.95,526
VIGI,2017-07-19,12:15:00,62.94,62.94,62.94,62.94,300
VIGI,2017-07-19,12:16:00,62.95,62.95,62.94,62.94,400
VIGI,2017-07-19,12:17:00,62.95,62.98,62.95,62.97,3165
VIGI,2017-07-19,12:19:00,62.97,62.97,62.97,62.97,100
VIGI,2017-07-19,12:21:00,62.97,62.97,62.97,62.97,100
VIGI,2017-07-19,12:24:00,62.95,62.95,62.95,62.95,100
VIGI,2017-07-19,12:25:00,62.94,62.94,62.94,62.94,100
VIGI,2017-07-19,12:26:00,62.91,62.97,62.91,62.97,1045
VIGI,2017-07-19,12:28:00,62.95,62.97,62.94,62.94,862
VIGI,2017-07-19,12:29:00,62.94,62.94,62.94,62.94,100
VIGI,2017-07-19,12:30:00,62.94,62.94,62.93,62.93,1600
VIGI,2017-07-19,12:31:00,62.90,62.90,62.90,62.90,100
VIGI,2017-07-19,12:32:00,62.93,62.93,62.93,62.93,800
VIGI,2017-07-19,12:33:00,62.93,62.93,62.93,62.93,100
VIGI,2017-07-19,12:35:00,62.96,62.96,62.90,62.96,1220
VIGI,2017-07-19,12:36:00,62.93,62.93,62.93,62.93,100
VIGI,2017-07-19,12:39:00,62.93,62.93,62.93,62.93,100
VIGI,2017-07-19,12:44:00,62.98,62.98,62.98,62.98,100
VIGI,2017-07-19,12:48:00,62.96,62.96,62.93,62.93,600
VIGI,2017-07-19,12:50:00,62.96,62.96,62.94,62.94,300
VIGI,2017-07-19,12:51:00,62.95,63.06,62.95,63.06,261
VIGI,2017-07-19,12:53:00,62.97,63.05,62.97,63.05,790
VIGI,2017-07-19,12:58:00,62.99,62.99,62.94,62.94,600
VIGI,2017-07-19,13:01:00,62.95,63.06,62.95,63.06,1333
VIGI,2017-07-19,13:04:00,63.01,63.01,62.98,62.98,400
VIGI,2017-07-19,13:05:00,63.02,63.02,63.02,63.02,100
VIGI,2017-07-19,13:07:00,62.95,62.95,62.95,62.95,1283
VIGI,2017-07-19,13:09:00,62.95,62.95,62.95,62.95,200
VIGI,2017-07-19,13:10:00,62.95,62.95,62.95,62.95,389
VIGI,2017-07-19,13:11:00,62.95,62.95,62.95,62.95,200
VIGI,2017-07-19,13:12:00,62.96,62.96,62.96,62.96,100
VIGI,2017-07-19,13:16:00,62.96,62.96,62.96,62.96,100
VIGI,2017-07-19,13:19:00,62.96,62.96,62.96,62.96,200
VIGI,2017-07-19,13:24:00,62.96,62.96,62.96,62.96,100
VIGI,2017-07-19,13:27:00,62.96,62.96,62.96,62.96,100
VIGI,2017-07-19,13:31:00,62.96,62.96,62.96,62.96,100
VIGI,2017-07-19,13:35:00,62.97,62.97,62.97,62.97,100
VIGI,2017-07-19,13:36:00,62.96,62.96,62.96,62.96,100
VIGI,2017-07-19,13:37:00,63.02,63.02,63.02,63.02,250
VIGI,2017-07-19,13:38:00,62.93,63.04,62.93,63.04,635
VIGI,2017-07-19,13:39:00,62.97,62.97,62.97,62.97,100
VIGI,2017-07-19,13:42:00,62.97,62.97,62.97,62.97,100
VIGI,2017-07-19,13:45:00,63.04,63.04,63.04,63.04,100
VIGI,2017-07-19,13:46:00,62.97,62.97,62.97,62.97,100
VIGI,2017-07-19,13:47:00,62.96,62.96,62.96,62.96,1600
VIGI,2017-07-19,13:49:00,62.96,62.96,62.96,62.96,100
VIGI,2017-07-19,13:50:00,62.97,62.97,62.97,62.97,600
VIGI,2017-07-19,13:51:00,62.98,62.98,62.98,62.98,100
VIGI,2017-07-19,13:53:00,62.97,62.97,62.97,62.97,100
VIGI,2017-07-19,13:54:00,63.03,63.03,63.03,63.03,100
VIGI,2017-07-19,13:57:00,62.97,62.97,62.97,62.97,100
VIGI,2017-07-19,13:58:00,63.00,63.00,63.00,63.00,220
VIGI,2017-07-19,14:01:00,62.97,62.97,62.97,62.97,100
VIGI,2017-07-19,14:04:00,63.07,63.07,63.07,63.07,396
VIGI,2017-07-19,14:05:00,62.97,63.00,62.95,62.95,4439
VIGI,2017-07-19,14:06:00,62.94,62.94,62.94,62.94,100
VIGI,2017-07-19,14:07:00,62.95,62.95,62.95,62.95,100
VIGI,2017-07-19,14:08:00,62.97,63.02,62.95,63.01,2030
VIGI,2017-07-19,14:09:00,63.05,63.05,62.98,62.98,400
VIGI,2017-07-19,14:12:00,62.96,62.96,62.95,62.95,200
VIGI,2017-07-19,14:14:00,62.98,62.98,62.98,62.98,100
VIGI,2017-07-19,14:16:00,62.96,62.98,62.96,62.98,600
VIGI,2017-07-19,14:22:00,62.97,62.97,62.97,62.97,100
VIGI,2017-07-19,14:23:00,62.97,63.00,62.97,63.00,600
VIGI,2017-07-19,14:24:00,62.97,62.97,62.97,62.97,300
VIGI,2017-07-19,14:26:00,62.97,62.97,62.97,62.97,100
VIGI,2017-07-19,14:27:00,62.97,62.97,62.97,62.97,100
VIGI,2017-07-19,14:28:00,63.01,63.01,63.01,63.01,100
VIGI,2017-07-19,14:31:00,62.99,62.99,62.99,62.99,100
VIGI,2017-07-19,14:35:00,62.99,62.99,62.97,62.97,200
VIGI,2017-07-19,14:37:00,63.00,63.00,63.00,63.00,200
VIGI,2017-07-19,14:39:00,62.99,62.99,62.99,62.99,100
VIGI,2017-07-19,14:42:00,62.99,62.99,62.99,62.99,100
VIGI,2017-07-19,14:45:00,63.01,63.01,63.01,63.01,640
VIGI,2017-07-19,14:46:00,62.99,62.99,62.99,62.99,100
VIGI,2017-07-19,14:47:00,63.01,63.01,63.01,63.01,100
VIGI,2017-07-19,14:48:00,62.98,63.01,62.98,63.01,500
VIGI,2017-07-19,14:49:00,63.01,63.01,63.01,63.01,100
VIGI,2017-07-19,14:51:00,62.98,62.98,62.98,62.98,9234
VIGI,2017-07-19,14:52:00,62.98,62.98,62.98,62.98,200
VIGI,2017-07-19,14:53:00,62.98,62.98,62.97,62.97,800
VIGI,2017-07-19,14:54:00,63.00,63.00,62.97,63.00,300
VIGI,2017-07-19,14:57:00,63.00,63.00,63.00,63.00,100
VIGI,2017-07-19,15:00:00,63.05,63.05,62.97,62.97,2425
VIGI,2017-07-19,15:01:00,63.00,63.00,63.00,63.00,100
VIGI,2017-07-19,15:11:00,63.00,63.00,63.00,63.00,100
VIGI,2017-07-19,15:13:00,62.99,62.99,62.99,62.99,100
VIGI,2017-07-19,15:15:00,62.95,63.00,62.95,63.00,598
VIGI,2017-07-19,15:16:00,62.99,62.99,62.99,62.99,100
VIGI,2017-07-19,15:20:00,62.99,63.02,62.95,63.00,1247
VIGI,2017-07-19,15:21:00,62.97,62.97,62.97,62.97,100
VIGI,2017-07-19,15:24:00,62.99,62.99,62.99,62.99,100
VIGI,2017-07-19,15:25:00,63.02,63.02,63.02,63.02,332
VIGI,2017-07-19,15:26:00,63.00,63.02,62.98,63.02,1727
VIGI,2017-07-19,15:27:00,63.00,63.00,63.00,63.00,200
VIGI,2017-07-19,15:31:00,63.00,63.00,63.00,63.00,100
VIGI,2017-07-19,15:33:00,62.98,63.00,62.98,63.00,800
VIGI,2017-07-19,15:35:00,63.00,63.00,63.00,63.00,1194
VIGI,2017-07-19,15:36:00,62.97,62.97,62.97,62.97,100
VIGI,2017-07-19,15:38:00,62.98,62.98,62.95,62.95,1204
VIGI,2017-07-19,15:39:00,62.95,62.96,62.95,62.95,600
VIGI,2017-07-19,15:40:00,62.95,62.96,62.95,62.96,203
VIGI,2017-07-19,15:41:00,62.94,62.99,62.94,62.99,455
VIGI,2017-07-19,15:42:00,63.00,63.00,63.00,63.00,100
VIGI,2017-07-19,15:43:00,63.00,63.07,63.00,63.00,1209
VIGI,2017-07-19,15:44:00,63.01,63.02,63.01,63.02,1000
VIGI,2017-07-19,15:45:00,62.97,62.97,62.97,62.97,100
VIGI,2017-07-19,15:46:00,63.01,63.01,62.94,62.95,1550
VIGI,2017-07-19,15:48:00,62.95,62.95,62.95,62.95,130
VIGI,2017-07-19,15:50:00,62.94,62.94,62.94,62.94,100
VIGI,2017-07-19,15:51:00,62.94,62.96,62.94,62.94,1221
VIGI,2017-07-19,15:54:00,62.92,62.93,62.92,62.92,300
VIGI,2017-07-19,15:55:00,62.97,62.97,62.97,62.97,100
VIGI,2017-07-19,15:57:00,62.98,62.98,62.93,62.93,600
VIGI,2017-07-19,15:59:00,62.95,62.95,62.94,62.94,700
VIGI,2017-07-19,16:00:00,62.92,63.00,62.92,63.00,1651
VIGI,2017-07-20,09:30:00,63.07,63.07,63.07,63.07,2950
VIGI,2017-07-20,09:32:00,63.11,63.11,63.03,63.03,500
VIGI,2017-07-20,09:33:00,63.09,63.09,63.09,63.09,700
VIGI,2017-07-20,09:35:00,63.03,63.03,63.03,63.03,200
VIGI,2017-07-20,09:39:00,63.07,63.07,63.07,63.07,200
VIGI,2017-07-20,09:40:00,63.03,63.03,63.03,63.03,200
VIGI,2017-07-20,09:41:00,63.12,63.12,63.12,63.12,100
VIGI,2017-07-20,09:52:00,63.12,63.12,63.08,63.08,610
VIGI,2017-07-20,09:54:00,63.05,63.11,63.05,63.11,550
VIGI,2017-07-20,09:56:00,63.07,63.08,63.07,63.08,350
VIGI,2017-07-20,09:58:00,63.09,63.09,63.09,63.09,100
VIGI,2017-07-20,09:59:00,63.08,63.08,63.08,63.08,1648
VIGI,2017-07-20,10:02:00,63.07,63.07,63.07,63.07,165
VIGI,2017-07-20,10:04:00,63.04,63.04,63.04,63.04,171
VIGI,2017-07-20,10:05:00,63.11,63.11,63.11,63.11,100
VIGI,2017-07-20,10:09:00,63.12,63.12,63.12,63.12,120
VIGI,2017-07-20,10:13:00,63.12,63.12,63.12,63.12,100
VIGI,2017-07-20,10:21:00,63.04,63.04,62.98,62.98,294
VIGI,2017-07-20,10:22:00,63.08,63.08,63.08,63.08,730
VIGI,2017-07-20,10:23:00,63.05,63.05,63.05,63.05,1586
VIGI,2017-07-20,10:27:00,63.04,63.04,63.04,63.04,100
VIGI,2017-07-20,10:34:00,63.03,63.03,63.03,63.03,1604
VIGI,2017-07-20,10:39:00,63.07,63.07,63.07,63.07,790
VIGI,2017-07-20,10:40:00,63.05,63.05,63.05,63.05,100
VIGI,2017-07-20,10:44:00,63.05,63.05,63.05,63.05,200
VIGI,2017-07-20,10:48:00,63.10,63.10,63.10,63.10,100
VIGI,2017-07-20,10:49:00,63.10,63.10,63.10,63.10,500
VIGI,2017-07-20,10:51:00,63.15,63.15,63.15,63.15,349
VIGI,2017-07-20,11:03:00,63.18,63.18,63.18,63.18,550
VIGI,2017-07-20,11:04:00,63.14,63.14,63.14,63.14,100
VIGI,2017-07-20,11:05:00,63.14,63.14,63.14,63.14,285
VIGI,2017-07-20,11:11:00,63.11,63.18,63.11,63.11,2505
VIGI,2017-07-20,11:13:00,63.11,63.12,63.11,63.12,1367
VIGI,2017-07-20,11:14:00,63.12,63.12,63.12,63.12,100
VIGI,2017-07-20,11:16:00,63.11,63.11,63.11,63.11,110
VIGI,2017-07-20,11:19:00,63.17,63.17,63.17,63.17,175
VIGI,2017-07-20,11:20:00,63.11,63.11,63.11,63.11,110
VIGI,2017-07-20,11:21:00,63.16,63.17,63.16,63.17,567
VIGI,2017-07-20,11:23:00,63.14,63.14,63.14,63.14,100
VIGI,2017-07-20,11:27:00,63.15,63.15,63.15,63.15,159
VIGI,2017-07-20,11:33:00,63.20,63.20,63.20,63.20,500
VIGI,2017-07-20,11:39:00,63.15,63.15,63.15,63.15,100
VIGI,2017-07-20,11:41:00,63.10,63.10,63.10,63.10,1200
VIGI,2017-07-20,11:42:00,63.16,63.16,63.16,63.16,1076
VIGI,2017-07-20,11:43:00,63.14,63.14,63.14,63.14,400
VIGI,2017-07-20,11:46:00,63.14,63.14,63.14,63.14,475
VIGI,2017-07-20,11:48:00,63.18,63.18,63.18,63.18,158
VIGI,2017-07-20,11:50:00,63.16,63.16,63.16,63.16,200
VIGI,2017-07-20,11:51:00,63.15,63.16,63.15,63.16,400
VIGI,2017-07-20,11:52:00,63.11,63.11,63.11,63.11,987
VIGI,2017-07-20,11:53:00,63.14,63.15,63.14,63.15,300
VIGI,2017-07-20,11:56:00,63.11,63.11,63.11,63.11,275
VIGI,2017-07-20,11:58:00,63.14,63.16,63.14,63.16,350
VIGI,2017-07-20,12:08:00,63.12,63.12,63.12,63.12,220
VIGI,2017-07-20,12:12:00,63.16,63.16,63.16,63.16,100
VIGI,2017-07-20,12:36:00,63.19,63.19,63.15,63.15,1100
VIGI,2017-07-20,12:46:00,63.22,63.22,63.22,63.22,110
VIGI,2017-07-20,12:51:00,63.19,63.19,63.19,63.19,200
VIGI,2017-07-20,12:53:00,63.21,63.21,63.21,63.21,1235
VIGI,2017-07-20,12:54:00,63.19,63.19,63.19,63.19,900
VIGI,2017-07-20,13:17:00,63.22,63.22,63.22,63.22,300
VIGI,2017-07-20,13:46:00,63.21,63.21,63.21,63.21,100
VIGI,2017-07-20,14:08:00,63.25,63.25,63.25,63.25,160
VIGI,2017-07-20,14:23:00,63.23,63.24,63.23,63.24,800
VIGI,2017-07-20,14:29:00,63.25,63.25,63.24,63.24,584
VIGI,2017-07-20,14:30:00,63.22,63.22,63.22,63.22,100
VIGI,2017-07-20,14:31:00,63.21,63.21,63.21,63.21,200
VIGI,2017-07-20,14:37:00,63.18,63.18,63.18,63.18,200
VIGI,2017-07-20,14:40:00,63.18,63.18,63.18,63.18,395
VIGI,2017-07-20,14:45:00,63.20,63.20,63.20,63.20,100
VIGI,2017-07-20,14:47:00,63.18,63.18,63.18,63.18,100
VIGI,2017-07-20,14:48:00,63.19,63.19,63.19,63.19,158
VIGI,2017-07-20,14:50:00,63.20,63.20,63.20,63.20,172
VIGI,2017-07-20,14:51:00,63.20,63.20,63.20,63.20,158
VIGI,2017-07-20,14:56:00,63.19,63.19,63.19,63.19,315
VIGI,2017-07-20,14:57:00,63.18,63.18,63.18,63.18,400
VIGI,2017-07-20,15:06:00,63.19,63.19,63.19,63.19,100
VIGI,2017-07-20,15:07:00,63.26,63.26,63.26,63.26,443
VIGI,2017-07-20,15:10:00,63.25,63.25,63.22,63.22,850
VIGI,2017-07-20,15:11:00,63.22,63.22,63.18,63.18,444
VIGI,2017-07-20,15:13:00,63.20,63.20,63.20,63.20,100
VIGI,2017-07-20,15:17:00,63.21,63.21,63.21,63.21,100
VIGI,2017-07-20,15:21:00,63.14,63.14,63.14,63.14,150
VIGI,2017-07-20,15:22:00,63.18,63.18,63.18,63.18,1000
VIGI,2017-07-20,15:28:00,63.19,63.19,63.19,63.19,5500
VIGI,2017-07-20,15:32:00,63.20,63.20,63.18,63.18,4288
VIGI,2017-07-20,15:33:00,63.19,63.19,63.18,63.18,200
VIGI,2017-07-20,15:34:00,63.16,63.20,63.16,63.20,330
VIGI,2017-07-20,15:35:00,63.16,63.16,63.16,63.16,100
VIGI,2017-07-20,15:37:00,63.17,63.17,63.17,63.17,100
VIGI,2017-07-20,15:40:00,63.17,63.17,63.17,63.17,100
VIGI,2017-07-20,15:42:00,63.16,63.16,63.16,63.16,100
VIGI,2017-07-20,15:43:00,63.21,63.21,63.21,63.21,666
VIGI,2017-07-20,15:45:00,63.19,63.19,63.19,63.19,616
VIGI,2017-07-20,15:48:00,63.17,63.17,63.17,63.17,495
VIGI,2017-07-20,15:49:00,63.17,63.17,63.17,63.17,100
VIGI,2017-07-20,15:54:00,63.15,63.15,63.15,63.15,219
VIGI,2017-07-20,15:55:00,63.15,63.15,63.15,63.15,100
VIGI,2017-07-20,15:56:00,63.10,63.10,63.10,63.10,101
VIGI,2017-07-20,15:59:00,63.10,63.10,63.10,63.10,100
VIGI,2017-07-20,16:00:00,63.15,63.18,63.15,63.18,900
VIGI,2017-07-21,09:30:00,63.09,63.25,63.09,63.25,3018
VIGI,2017-07-21,09:33:00,63.19,63.19,63.19,63.19,100
VIGI,2017-07-21,09:35:00,63.28,63.28,63.18,63.18,400
VIGI,2017-07-21,09:36:00,63.09,63.12,63.09,63.12,600
VIGI,2017-07-21,09:37:00,63.09,63.09,62.98,63.01,2800
VIGI,2017-07-21,09:38:00,63.00,63.01,63.00,63.00,800
VIGI,2017-07-21,09:39:00,63.01,63.01,63.01,63.01,500
VIGI,2017-07-21,09:40:00,63.01,63.01,63.01,63.01,100
VIGI,2017-07-21,09:42:00,62.98,62.98,62.98,62.98,100
VIGI,2017-07-21,09:43:00,62.98,62.98,62.94,62.94,1600
VIGI,2017-07-21,09:44:00,62.92,62.92,62.92,62.92,800
VIGI,2017-07-21,09:48:00,62.92,62.92,62.92,62.92,100
VIGI,2017-07-21,09:57:00,62.88,62.88,62.88,62.88,320
VIGI,2017-07-21,10:12:00,62.87,62.87,62.87,62.87,100
VIGI,2017-07-21,10:13:00,62.85,62.85,62.85,62.85,100
VIGI,2017-07-21,10:18:00,62.86,62.86,62.86,62.86,100
VIGI,2017-07-21,10:19:00,62.87,62.87,62.87,62.87,100
VIGI,2017-07-21,10:20:00,62.88,62.94,62.88,62.94,400
VIGI,2017-07-21,10:21:00,62.88,62.88,62.88,62.88,200
VIGI,2017-07-21,10:22:00,62.92,62.92,62.92,62.92,635
VIGI,2017-07-21,10:24:00,62.89,62.89,62.89,62.89,500
VIGI,2017-07-21,10:26:00,62.90,62.90,62.90,62.90,300
VIGI,2017-07-21,10:27:00,62.91,62.91,62.91,62.91,100
VIGI,2017-07-21,10:29:00,62.90,62.90,62.90,62.90,590
VIGI,2017-07-21,10:32:00,62.94,62.94,62.94,62.94,795
VIGI,2017-07-21,10:34:00,62.91,62.91,62.91,62.91,100
VIGI,2017-07-21,10:49:00,62.91,62.91,62.91,62.91,1000
VIGI,2017-07-21,10:55:00,62.90,62.90,62.90,62.90,1000
VIGI,2017-07-21,10:56:00,62.90,62.90,62.90,62.90,160
VIGI,2017-07-21,10:57:00,62.87,62.87,62.87,62.87,100
VIGI,2017-07-21,11:00:00,62.86,62.86,62.86,62.86,3436
VIGI,2017-07-21,11:01:00,62.87,62.87,62.87,62.87,100
VIGI,2017-07-21,11:03:00,62.88,62.88,62.88,62.88,200
VIGI,2017-07-21,11:07:00,62.89,62.89,62.88,62.88,500
VIGI,2017-07-21,11:09:00,62.87,62.88,62.87,62.88,1000
VIGI,2017-07-21,11:10:00,62.87,62.92,62.87,62.92,2154
VIGI,2017-07-21,11:11:00,62.90,62.90,62.90,62.90,100
VIGI,2017-07-21,11:15:00,62.90,62.92,62.90,62.91,1180
VIGI,2017-07-21,11:16:00,62.93,62.93,62.89,62.89,1200
VIGI,2017-07-21,11:17:00,62.90,62.90,62.90,62.90,100
VIGI,2017-07-21,11:18:00,63.01,63.01,63.01,63.01,700
VIGI,2017-07-21,11:24:00,62.92,62.92,62.92,62.92,1104
VIGI,2017-07-21,11:29:00,62.94,62.94,62.92,62.92,2205
VIGI,2017-07-21,11:30:00,62.96,62.96,62.96,62.96,158
VIGI,2017-07-21,11:33:00,62.97,62.97,62.97,62.97,150
VIGI,2017-07-21,11:34:00,62.92,62.92,62.92,62.92,100
VIGI,2017-07-21,11:36:00,62.97,62.97,62.96,62.96,265
VIGI,2017-07-21,11:37:00,62.97,62.97,62.97,62.97,150
VIGI,2017-07-21,11:47:00,62.99,62.99,62.99,62.99,317
VIGI,2017-07-21,11:49:00,62.90,62.90,62.89,62.89,300
VIGI,2017-07-21,11:50:00,62.89,62.89,62.85,62.85,1913
VIGI,2017-07-21,11:57:00,62.91,62.93,62.91,62.91,1600
VIGI,2017-07-21,11:58:00,62.85,62.86,62.85,62.85,1200
VIGI,2017-07-21,11:59:00,62.86,62.93,62.86,62.93,1037
VIGI,2017-07-21,12:00:00,62.86,62.86,62.86,62.86,700
VIGI,2017-07-21,12:01:00,62.89,62.89,62.88,62.88,300
VIGI,2017-07-21,12:06:00,62.87,62.87,62.87,62.87,200
VIGI,2017-07-21,12:12:00,62.88,62.92,62.88,62.92,342
VIGI,2017-07-21,12:17:00,62.91,62.91,62.90,62.90,600
VIGI,2017-07-21,12:18:00,62.89,62.89,62.89,62.89,200
VIGI,2017-07-21,12:19:00,62.89,62.89,62.89,62.89,100
VIGI,2017-07-21,12:22:00,62.91,62.91,62.91,62.91,309
VIGI,2017-07-21,12:24:00,62.90,62.90,62.90,62.90,128
VIGI,2017-07-21,12:26:00,62.90,62.90,62.90,62.90,100
VIGI,2017-07-21,12:33:00,62.87,62.87,62.87,62.87,200
VIGI,2017-07-21,12:50:00,63.03,63.03,63.03,63.03,400
VIGI,2017-07-21,12:54:00,63.01,63.01,63.01,63.01,100
VIGI,2017-07-21,12:56:00,62.94,62.94,62.94,62.94,100
VIGI,2017-07-21,13:07:00,62.99,63.00,62.99,63.00,476
VIGI,2017-07-21,13:10:00,62.99,63.00,62.99,63.00,400
VIGI,2017-07-21,13:18:00,63.01,63.01,63.01,63.01,100
VIGI,2017-07-21,13:22:00,62.99,62.99,62.99,62.99,795
VIGI,2017-07-21,13:30:00,62.99,62.99,62.99,62.99,100
VIGI,2017-07-21,13:31:00,63.00,63.00,63.00,63.00,100
VIGI,2017-07-21,13:33:00,62.99,62.99,62.99,62.99,200
VIGI,2017-07-21,13:34:00,62.98,62.99,62.98,62.99,2300
VIGI,2017-07-21,13:35:00,63.01,63.01,63.01,63.01,200
VIGI,2017-07-21,13:36:00,63.02,63.02,63.02,63.02,600
VIGI,2017-07-21,13:37:00,63.04,63.04,63.04,63.04,100
VIGI,2017-07-21,13:39:00,63.00,63.00,63.00,63.00,100
VIGI,2017-07-21,13:43:00,62.98,62.98,62.98,62.98,790
VIGI,2017-07-21,13:44:00,63.02,63.02,62.99,62.99,200
VIGI,2017-07-21,13:45:00,63.00,63.00,63.00,63.00,100
VIGI,2017-07-21,13:47:00,62.99,62.99,62.99,62.99,100
VIGI,2017-07-21,13:48:00,63.01,63.01,63.01,63.01,100
VIGI,2017-07-21,13:50:00,62.98,62.98,62.98,62.98,200
VIGI,2017-07-21,13:58:00,62.96,62.98,62.96,62.97,330
VIGI,2017-07-21,14:12:00,63.04,63.04,63.02,63.02,1100
VIGI,2017-07-21,14:13:00,63.03,63.03,63.03,63.03,238
VIGI,2017-07-21,14:15:00,63.04,63.04,63.04,63.04,608
VIGI,2017-07-21,14:16:00,63.05,63.05,63.04,63.04,1130
VIGI,2017-07-21,14:17:00,63.04,63.04,63.04,63.04,100
VIGI,2017-07-21,14:18:00,62.98,62.98,62.98,62.98,400
VIGI,2017-07-21,14:19:00,63.00,63.02,62.99,62.99,400
VIGI,2017-07-21,14:21:00,63.00,63.00,63.00,63.00,100
VIGI,2017-07-21,14:25:00,63.05,63.05,63.05,63.05,100
VIGI,2017-07-21,14:35:00,63.02,63.02,63.02,63.02,200
VIGI,2017-07-21,14:36:00,63.02,63.02,63.00,63.00,358
VIGI,2017-07-21,14:39:00,63.02,63.02,63.02,63.02,440
VIGI,2017-07-21,14:41:00,63.03,63.03,63.03,63.03,1000
VIGI,2017-07-21,14:42:00,63.02,63.03,63.02,63.02,700
VIGI,2017-07-21,14:43:00,63.02,63.02,63.02,63.02,217
VIGI,2017-07-21,14:48:00,63.03,63.03,63.02,63.02,310
VIGI,2017-07-21,14:55:00,63.03,63.03,63.03,63.03,204
VIGI,2017-07-21,15:00:00,63.02,63.02,63.02,63.02,643
VIGI,2017-07-21,15:01:00,63.02,63.02,63.02,63.02,100
VIGI,2017-07-21,15:06:00,63.00,63.01,63.00,63.00,1833
VIGI,2017-07-21,15:09:00,63.00,63.00,63.00,63.00,100
VIGI,2017-07-21,15:16:00,63.00,63.00,63.00,63.00,600
VIGI,2017-07-21,15:18:00,63.00,63.00,62.99,62.99,540
VIGI,2017-07-21,15:19:00,63.00,63.00,63.00,63.00,355
VIGI,2017-07-21,15:23:00,63.01,63.01,63.01,63.01,100
VIGI,2017-07-21,15:29:00,63.01,63.01,62.99,62.99,1625
VIGI,2017-07-21,15:30:00,62.98,62.98,62.95,62.95,2100
VIGI,2017-07-21,15:31:00,62.95,62.99,62.95,62.99,564
VIGI,2017-07-21,15:32:00,62.97,62.97,62.97,62.97,3600
VIGI,2017-07-21,15:34:00,62.96,62.96,62.96,62.96,294
VIGI,2017-07-21,15:42:00,62.98,63.00,62.98,62.99,40170
VIGI,2017-07-21,15:43:00,62.99,62.99,62.99,62.99,130
VIGI,2017-07-21,15:46:00,62.99,63.00,62.99,63.00,500
VIGI,2017-07-21,15:47:00,63.08,63.08,63.08,63.08,316
VIGI,2017-07-21,15:48:00,63.07,63.07,63.07,63.07,364
VIGI,2017-07-21,15:49:00,63.05,63.05,63.04,63.04,225
VIGI,2017-07-21,15:50:00,63.06,63.06,63.06,63.06,100
VIGI,2017-07-21,15:51:00,63.03,63.04,63.03,63.03,500
VIGI,2017-07-21,15:52:00,63.03,63.04,62.99,63.01,6158
VIGI,2017-07-21,15:53:00,63.01,63.04,63.01,63.04,1500
VIGI,2017-07-21,15:54:00,63.03,63.03,63.02,63.02,1500
VIGI,2017-07-21,15:55:00,63.02,63.02,63.02,63.02,100
VIGI,2017-07-21,15:58:00,63.07,63.07,63.07,63.07,220
VIGI,2017-07-21,15:59:00,62.97,62.97,62.97,62.97,100
VIGI,2017-07-21,16:00:00,62.99,63.06,62.99,63.06,1138
